gid,role,role_score,cluster_id,priority_score,evidence,depth,is_seed,source,in_degree,out_degree,in_sum,out_sum,boundary_censored
100000000011452100,consolidator,0.51671313,0,0.59140751,Признаки консолидации: 3 отправителей  110 000 KZT входящих  1 получателей.,1,False,real,3,1,110000.00000000,16685.00000000,False
100000000018102100,peripheral,0.45500000,1,0.08599684,Недостаточно признаков: 1 отправителей  0 получателей; 1 наблюдаемых участий в переводах. Depth=4: обрыв наблюдения.,4,False,real,1,0,7000.00000000,0.00000000,True
100000000031787100,peripheral,1.00000000,2,0.37180975,Недостаточно признаков: 1 отправителей  2 получателей; 6 наблюдаемых участий в переводах.,2,False,real,1,2,90000.00000000,90000.00000000,False
100000000041368100,terminal,0.52394557,3,0.30734357,Наблюдаемый получатель: вход 160 000 KZT от 1 отправителей; исходящий поток 0 KZT. Полный баланс неизвестен.,1,False,real,1,0,160000.00000000,0.00000000,False
100000000076451100,distributor,0.35370397,4,0.57256014,Признаки распределения: 4 получателей  58 000 KZT исходящих; 4 переводов.,2,False,real,3,4,87707.00000000,58000.00000000,False
100000000089154100,distributor,0.82427949,5,0.73959647,Признаки распределения: 15 получателей  425 500 KZT исходящих; 21 переводов.,1,False,real,1,15,10000.00000000,425500.00000000,False
100000000190228100,peripheral,0.65000000,6,0.22427697,Недостаточно признаков: 1 отправителей  1 получателей; 2 наблюдаемых участий в переводах.,2,False,real,1,1,5000.00000000,28560.00000000,False
100000000201868100,transit,0.58760000,4,0.42014001,Признаки транзита: 1 отправителей → 1 получателей; 100% входящих сопоставлены с более поздними исходящими за ≤2 суток.,2,False,real,1,1,190000.00000000,190000.00000000,False
100000000254336100,transit,0.54474176,7,0.55851388,Признаки транзита: 2 отправителей → 1 получателей; 62% входящих сопоставлены с более поздними исходящими за ≤2 суток.,3,False,real,2,1,97177.00000000,60000.00000000,False
100000000267734100,distributor,0.57572095,2,0.55213320,Признаки распределения: 7 получателей  282 000 KZT исходящих; 8 переводов.,1,False,real,2,7,180000.00000000,282000.00000000,False
100000000274067100,peripheral,0.33634411,2,0.41852959,Недостаточно признаков: 2 отправителей  3 получателей; 18 наблюдаемых участий в переводах.,1,False,real,2,3,517704.00000000,2969000.00000000,False
100000000287768100,terminal,0.46936148,0,0.22203707,Наблюдаемый получатель: вход 35 168 KZT от 1 отправителей; исходящий поток 0 KZT. Полный баланс неизвестен.,3,False,real,1,0,35168.00000000,0.00000000,False
100000000288317100,peripheral,0.34871533,1,0.43257553,Недостаточно признаков: 2 отправителей  3 получателей; 5 наблюдаемых участий в переводах.,3,False,real,2,3,100000.00000000,53500.00000000,False
100000000291906100,peripheral,1.00000000,8,0.51828228,Недостаточно признаков: 2 отправителей  2 получателей; 9 наблюдаемых участий в переводах.,2,False,real,2,2,388000.00000000,455854.00000000,False
100000000291908100,terminal,0.80908064,8,0.53456955,Наблюдаемый получатель: вход 295 500 KZT от 1 отправителей; исходящий поток 13 300 KZT. Полный баланс неизвестен.,3,False,real,1,1,295500.00000000,13300.00000000,False
100000000297649100,peripheral,1.00000000,9,0.47092274,Недостаточно признаков: 1 отправителей  1 получателей; 3 наблюдаемых участий в переводах.,2,False,real,1,1,40000.00000000,70600.00000000,False
100000000299820100,peripheral,0.45500000,0,0.09206938,Недостаточно признаков: 1 отправителей  0 получателей; 1 наблюдаемых участий в переводах. Depth=4: обрыв наблюдения.,4,False,real,1,0,10000.00000000,0.00000000,True
100000000307908100,terminal,0.39510581,10,0.13032643,Наблюдаемый получатель: вход 5 000 KZT от 1 отправителей; исходящий поток 0 KZT. Полный баланс неизвестен.,2,False,real,1,0,5000.00000000,0.00000000,False
100000000331309100,distributor,0.67735093,11,0.89753149,Признаки распределения: 99 получателей  23 001 375 KZT исходящих; 126 переводов.,2,False,real,5,99,984635.00000000,23001375.00000000,False
100000000332284100,consolidator,0.45073534,5,0.62907333,Признаки консолидации: 10 отправителей  107 426 KZT входящих  3 получателей.,2,False,real,10,3,107426.00000000,289500.00000000,False
100000000343175100,distributor,0.59832142,12,0.73070005,Признаки распределения: 31 получателей  4 000 039 KZT исходящих; 33 переводов. Seed: вход неполон.,0,True,real,8,31,178712.00000000,4000039.00000000,False
100000000369781100,peripheral,0.45500000,11,0.09001347,Недостаточно признаков: 1 отправителей  0 получателей; 1 наблюдаемых участий в переводах. Depth=4: обрыв наблюдения.,4,False,real,1,0,5000.00000000,0.00000000,True
100000000375150100,peripheral,0.45500000,13,0.16328306,Недостаточно признаков: 1 отправителей  0 получателей; 1 наблюдаемых участий в переводах. Depth=4: обрыв наблюдения.,4,False,real,1,0,300000.00000000,0.00000000,True
100000000404740100,peripheral,0.45500000,14,0.10450318,Недостаточно признаков: 1 отправителей  0 получателей; 1 наблюдаемых участий в переводах. Depth=4: обрыв наблюдения.,4,False,real,1,0,25000.00000000,0.00000000,True
100000000408846100,terminal,0.47440738,15,0.20616548,Наблюдаемый получатель: вход 40 500 KZT от 1 отправителей; исходящий поток 0 KZT. Полный баланс неизвестен.,3,False,real,1,0,40500.00000000,0.00000000,False
100000000413678100,transit,0.37416432,16,0.61187635,Признаки транзита: 2 отправителей → 3 получателей; 23% входящих сопоставлены с более поздними исходящими за ≤2 суток.,3,False,real,2,3,306500.00000000,528198.00000000,False
100000000424935100,peripheral,0.45500000,17,0.09120095,Недостаточно признаков: 1 отправителей  0 получателей; 1 наблюдаемых участий в переводах. Depth=4: обрыв наблюдения.,4,False,real,1,0,15000.00000000,0.00000000,True
100000000425407100,terminal,0.44339537,0,0.20983248,Наблюдаемый получатель: вход 20 000 KZT от 1 отправителей; исходящий поток 0 KZT. Полный баланс неизвестен.,2,False,real,1,0,20000.00000000,0.00000000,False
100000000437046100,distributor,0.66899434,0,0.87082062,Признаки распределения: 42 получателей  7 606 224 KZT исходящих; 73 переводов.,2,False,real,9,42,1107200.00000000,7606224.00000000,False
100000000440392100,terminal,0.78782442,4,0.46674094,Наблюдаемый получатель: вход 105 705 KZT от 1 отправителей; исходящий поток 0 KZT. Полный баланс неизвестен.,1,False,real,1,0,105705.00000000,0.00000000,False
100000000456947100,peripheral,0.31500000,18,0.01225350,Недостаточно признаков: 0 отправителей  0 получателей; 0 наблюдаемых участий в переводах. Seed: вход неполон.,0,True,real,0,0,0.00000000,0.00000000,False
100000000470237100,peripheral,0.45500000,17,0.10872956,Недостаточно признаков: 1 отправителей  0 получателей; 1 наблюдаемых участий в переводах. Depth=4: обрыв наблюдения.,4,False,real,1,0,32500.00000000,0.00000000,True
100000000481716100,terminal,0.40670769,19,0.18880632,Наблюдаемый получатель: вход 8 000 KZT от 1 отправителей; исходящий поток 0 KZT. Полный баланс неизвестен.,3,False,real,1,0,8000.00000000,0.00000000,False
100000000489417100,peripheral,0.31127386,13,0.45088172,Недостаточно признаков: 3 отправителей  1 получателей; 4 наблюдаемых участий в переводах.,2,False,real,3,1,73504.00000000,80000.00000000,False
100000000490383100,distributor,0.70233010,4,0.60018129,Признаки распределения: 8 получателей  461 375 KZT исходящих; 9 переводов.,2,False,real,3,8,62600.00000000,461375.00000000,False
100000000500040100,peripheral,0.45500000,7,0.10356371,Недостаточно признаков: 1 отправителей  0 получателей; 1 наблюдаемых участий в переводах. Depth=4: обрыв наблюдения.,4,False,real,1,0,20000.00000000,0.00000000,True
100000000507799100,peripheral,0.65000000,20,0.22174527,Недостаточно признаков: 1 отправителей  1 получателей; 2 наблюдаемых участий в переводах.,1,False,real,1,1,5132.00000000,8000.00000000,False
100000000533217100,terminal,0.48821914,5,0.23180325,Наблюдаемый получатель: вход 53 587 KZT от 1 отправителей; исходящий поток 0 KZT. Полный баланс неизвестен.,2,False,real,1,0,53587.00000000,0.00000000,False
100000000534581100,peripheral,1.00000000,13,0.41089833,Недостаточно признаков: 2 отправителей  1 получателей; 3 наблюдаемых участий в переводах.,3,False,real,2,1,55960.00000000,40000.00000000,False
100000000542087100,peripheral,0.45500000,11,0.07572808,Недостаточно признаков: 1 отправителей  0 получателей; 1 наблюдаемых участий в переводах. Depth=4: обрыв наблюдения.,4,False,real,1,0,8506.91000000,0.00000000,True
100000000552584100,terminal,0.85688339,21,0.51785168,Наблюдаемый получатель: вход 2 500 000 KZT от 1 отправителей; исходящий поток 57 500 KZT. Полный баланс неизвестен.,3,False,real,1,1,2500000.00000000,57500.00000000,False
100000000555721100,terminal,0.75777758,5,0.54750513,Наблюдаемый получатель: вход 113 000 KZT от 2 отправителей; исходящий поток 0 KZT. Полный баланс неизвестен.,1,False,real,2,0,113000.00000000,0.00000000,False
100000000557536100,peripheral,0.70000000,11,0.23151109,Недостаточно признаков: 1 отправителей  0 получателей; 7 наблюдаемых участий в переводах. Depth=4: обрыв наблюдения.,4,False,real,1,0,153000.00000000,0.00000000,True
100000000560751100,terminal,0.45422379,13,0.21084045,Наблюдаемый получатель: вход 25 000 KZT от 1 отправителей; исходящий поток 0 KZT. Полный баланс неизвестен.,3,False,real,1,0,25000.00000000,0.00000000,False
100000000561160100,peripheral,0.45500000,0,0.13854595,Недостаточно признаков: 1 отправителей  0 получателей; 1 наблюдаемых участий в переводах. Depth=4: обрыв наблюдения.,4,False,real,1,0,240000.00000000,0.00000000,True
100000000569479100,terminal,0.54394501,1,0.27917454,Наблюдаемый получатель: вход 320 000 KZT от 1 отправителей; исходящий поток 0 KZT. Полный баланс неизвестен.,3,False,real,1,0,320000.00000000,0.00000000,False
100000000572276100,peripheral,0.65000000,22,0.16631171,Недостаточно признаков: 1 отправителей  1 получателей; 2 наблюдаемых участий в переводах.,3,False,real,1,1,13075.00000000,34547.00000000,False
100000000580561100,distributor,0.31109594,23,0.45715314,Признаки распределения: 3 получателей  1 488 077 KZT исходящих; 13 переводов. Seed: вход неполон.,0,True,real,2,3,27980.00000000,1488077.00000000,False
100000000581662100,peripheral,0.45500000,24,0.07534488,Недостаточно признаков: 1 отправителей  0 получателей; 1 наблюдаемых участий в переводах. Depth=4: обрыв наблюдения.,4,False,real,1,0,21160.00000000,0.00000000,True
100000000581682100,peripheral,0.45500000,17,0.08010324,Недостаточно признаков: 1 отправителей  0 получателей; 1 наблюдаемых участий в переводах. Depth=4: обрыв наблюдения.,4,False,real,1,0,5000.00000000,0.00000000,True
100000000583220100,transit,0.58275860,16,0.58216284,Признаки транзита: 1 отправителей → 1 получателей; 100% входящих сопоставлены с более поздними исходящими за ≤2 суток.,3,False,real,1,1,5000.00000000,761255.00000000,False
100000000594783100,terminal,0.83804226,21,0.52860969,Наблюдаемый получатель: вход 2 635 000 KZT от 1 отправителей; исходящий поток 152 500 KZT. Полный баланс неизвестен.,3,False,real,1,2,2635000.00000000,152500.00000000,False
100000000596954100,peripheral,0.31300833,3,0.46161260,Недостаточно признаков: 1 отправителей  2 получателей; 3 наблюдаемых участий в переводах.,2,False,real,1,2,120000.00000000,48100.00000000,False
100000000600707100,peripheral,0.45500000,25,0.12021337,Недостаточно признаков: 1 отправителей  0 получателей; 2 наблюдаемых участий в переводах. Depth=4: обрыв наблюдения.,4,False,real,1,0,89000.00000000,0.00000000,True
100000000607731100,peripheral,0.65000000,26,0.18706417,Недостаточно признаков: 1 отправителей  1 получателей; 2 наблюдаемых участий в переводах.,1,False,real,1,1,20000.00000000,66666.00000000,False
100000000607941100,peripheral,1.00000000,4,0.46040964,Недостаточно признаков: 2 отправителей  1 получателей; 7 наблюдаемых участий в переводах.,2,False,real,2,1,50000.00000000,70000.00000000,False
100000000608031100,peripheral,0.45500000,27,0.10644691,Недостаточно признаков: 1 отправителей  0 получателей; 1 наблюдаемых участий в переводах. Depth=4: обрыв наблюдения.,4,False,real,1,0,30000.00000000,0.00000000,True
100000000611474100,terminal,0.46619399,28,0.21852116,Наблюдаемый получатель: вход 32 000 KZT от 1 отправителей; исходящий поток 0 KZT. Полный баланс неизвестен.,3,False,real,1,0,32000.00000000,0.00000000,False
100000000625169100,terminal,0.41444228,29,0.13073432,Наблюдаемый получатель: вход 10 000 KZT от 1 отправителей; исходящий поток 0 KZT. Полный баланс неизвестен.,2,False,real,1,0,10000.00000000,0.00000000,False
100000000627521100,peripheral,0.45500000,11,0.07457617,Недостаточно признаков: 1 отправителей  0 получателей; 1 наблюдаемых участий в переводах. Depth=4: обрыв наблюдения.,4,False,real,1,0,6500.00000000,0.00000000,True
100000000629812100,terminal,0.42391629,30,0.26864597,Наблюдаемый получатель: вход 22 000 KZT от 2 отправителей; исходящий поток 0 KZT. Полный баланс неизвестен.,2,False,real,2,0,22000.00000000,0.00000000,False
100000000634341100,peripheral,0.45500000,0,0.13102566,Недостаточно признаков: 1 отправителей  0 получателей; 2 наблюдаемых участий в переводах. Depth=4: обрыв наблюдения.,4,False,real,1,0,24000.00000000,0.00000000,True
100000000640800100,distributor,0.40634834,16,0.56903699,Признаки распределения: 4 получателей  518 135 KZT исходящих; 6 переводов.,3,False,real,1,4,80000.00000000,518135.00000000,False
100000000646541100,terminal,0.46463735,5,0.47290179,Наблюдаемый получатель: вход 25 300 KZT от 3 отправителей; исходящий поток 0 KZT. Полный баланс неизвестен.,2,False,real,3,0,25300.00000000,0.00000000,False
100000000655469100,peripheral,0.45500000,30,0.12357181,Недостаточно признаков: 1 отправителей  0 получателей; 2 наблюдаемых участий в переводах. Depth=4: обрыв наблюдения.,4,False,real,1,0,20000.00000000,0.00000000,True
100000000656682100,peripheral,1.00000000,7,0.42350997,Недостаточно признаков: 1 отправителей  2 получателей; 4 наблюдаемых участий в переводах.,3,False,real,1,2,71000.00000000,80000.00000000,False
100000000661131100,terminal,0.43304575,31,0.13932655,Наблюдаемый получатель: вход 15 600 KZT от 1 отправителей; исходящий поток 0 KZT. Полный баланс неизвестен.,3,False,real,1,0,15600.00000000,0.00000000,False
100000000661912100,coordinator,0.44380862,0,0.79012519,Кандидат в координаторы: 7 связей  32 связанных seed; 29% связей между кластерами.,1,False,real,5,2,393036.00000000,430700.00000000,False
100000000667713100,distributor,0.61475851,4,0.70511290,Признаки распределения: 6 получателей  79 236 KZT исходящих; 7 переводов.,1,False,real,2,6,119495.00000000,79236.00000000,False
100000000673868100,distributor,0.70274387,24,0.66233742,Признаки распределения: 5 получателей  383 000 KZT исходящих; 19 переводов.,3,False,real,1,5,2030650.00000000,383000.00000000,False
100000000673915100,peripheral,0.45500000,11,0.08528977,Недостаточно признаков: 1 отправителей  0 получателей; 1 наблюдаемых участий в переводах. Depth=4: обрыв наблюдения.,4,False,real,1,0,20200.00000000,0.00000000,True
100000000703894100,peripheral,0.65000000,32,0.17107366,Недостаточно признаков: 1 отправителей  1 получателей; 2 наблюдаемых участий в переводах.,1,False,real,1,1,120000.00000000,35000.00000000,False
100000000703902100,terminal,0.45595487,33,0.15370670,Наблюдаемый получатель: вход 25 499 KZT от 1 отправителей; исходящий поток 0 KZT. Полный баланс неизвестен.,1,False,real,1,0,25499.00000000,0.00000000,False
100000000704700100,peripheral,0.45500000,34,0.06597413,Недостаточно признаков: 1 отправителей  0 получателей; 1 наблюдаемых участий в переводах. Depth=4: обрыв наблюдения.,4,False,real,1,0,10000.00000000,0.00000000,True
100000000706545100,terminal,0.56255263,4,0.60451886,Наблюдаемый получатель: вход 1 070 300 KZT от 3 отправителей; исходящий поток 75 800 KZT. Полный баланс неизвестен.,1,False,real,3,1,1070300.00000000,75800.00000000,False
100000000718427100,terminal,0.40139661,29,0.12425573,Наблюдаемый получатель: вход 6 000 KZT от 1 отправителей; исходящий поток 0 KZT. Полный баланс неизвестен.,2,False,real,1,0,6000.00000000,0.00000000,False
100000000723383100,peripheral,1.00000000,30,0.38485243,Недостаточно признаков: 1 отправителей  2 получателей; 3 наблюдаемых участий в переводах.,2,False,real,1,2,6800.00000000,75000.00000000,False
100000000724540100,peripheral,0.65000000,35,0.24263534,Недостаточно признаков: 1 отправителей  1 получателей; 2 наблюдаемых участий в переводах.,2,False,real,1,1,50000.00000000,100000.00000000,False
100000000733373100,terminal,0.41887678,4,0.18970367,Наблюдаемый получатель: вход 10 710 KZT от 1 отправителей; исходящий поток 0 KZT. Полный баланс неизвестен.,2,False,real,1,0,10710.00000000,0.00000000,False
100000000733451100,peripheral,1.00000000,13,0.48872746,Недостаточно признаков: 1 отправителей  1 получателей; 3 наблюдаемых участий в переводах.,3,False,real,1,1,70000.00000000,300000.00000000,False
100000000733940100,peripheral,0.45500000,36,0.16406787,Недостаточно признаков: 1 отправителей  0 получателей; 2 наблюдаемых участий в переводах. Depth=4: обрыв наблюдения.,4,False,real,1,0,752000.00000000,0.00000000,True
100000000737152100,peripheral,0.45500000,1,0.10388881,Недостаточно признаков: 1 отправителей  0 получателей; 1 наблюдаемых участий в переводах. Depth=4: обрыв наблюдения.,4,False,real,1,0,35000.00000000,0.00000000,True
100000000749118100,peripheral,0.65000000,7,0.19277659,Недостаточно признаков: 1 отправителей  1 получателей; 2 наблюдаемых участий в переводах.,3,False,real,1,1,10330.00000000,16500.00000000,False
100000000764836100,peripheral,1.00000000,0,0.42726437,Недостаточно признаков: 1 отправителей  2 получателей; 3 наблюдаемых участий в переводах.,3,False,real,1,2,251716.00000000,50000.00000000,False
100000000765628100,terminal,0.39510581,4,0.18406801,Наблюдаемый получатель: вход 5 000 KZT от 1 отправителей; исходящий поток 0 KZT. Полный баланс неизвестен.,2,False,real,1,0,5000.00000000,0.00000000,False
100000000769919100,terminal,0.53797832,37,0.22291374,Наблюдаемый получатель: вход 250 000 KZT от 1 отправителей; исходящий поток 0 KZT. Полный баланс неизвестен.,2,False,real,1,0,250000.00000000,0.00000000,False
100000000782285100,terminal,0.40237632,5,0.18942042,Наблюдаемый получатель: вход 6 151 KZT от 1 отправителей; исходящий поток 0 KZT. Полный баланс неизвестен.,3,False,real,1,0,6151.00000000,0.00000000,False
100000000783406100,terminal,0.40211850,27,0.16716182,Наблюдаемый получатель: вход 6 066 KZT от 1 отправителей; исходящий поток 0 KZT. Полный баланс неизвестен.,3,False,real,1,0,6066.00000000,0.00000000,False
100000000785800100,peripheral,0.65000000,38,0.18294238,Недостаточно признаков: 1 отправителей  1 получателей; 2 наблюдаемых участий в переводах.,2,False,real,1,1,19000.00000000,19000.00000000,False
100000000790311100,terminal,0.47886398,4,0.22750615,Наблюдаемый получатель: вход 46 300 KZT от 1 отправителей; исходящий поток 0 KZT. Полный баланс неизвестен.,2,False,real,1,0,46300.00000000,0.00000000,False
100000000791285100,peripheral,0.31562869,15,0.48380595,Недостаточно признаков: 1 отправителей  3 получателей; 5 наблюдаемых участий в переводах.,3,False,real,1,3,1120000.00000000,650000.00000000,False
100000000795033100,terminal,0.43982273,7,0.20197601,Наблюдаемый получатель: вход 18 200 KZT от 1 отправителей; исходящий поток 0 KZT. Полный баланс неизвестен.,2,False,real,1,0,18200.00000000,0.00000000,False
100000000795129100,terminal,0.54479213,4,0.27647100,Наблюдаемый получатель: вход 332 000 KZT от 1 отправителей; исходящий поток 0 KZT. Полный баланс неизвестен.,2,False,real,1,0,332000.00000000,0.00000000,False
100000000795374100,terminal,0.48394671,0,0.23675745,Наблюдаемый получатель: вход 50 000 KZT от 1 отправителей; исходящий поток 0 KZT. Полный баланс неизвестен.,3,False,real,1,0,50000.00000000,0.00000000,False
100000000802149100,terminal,0.51149657,0,0.25265197,Наблюдаемый получатель: вход 104 128 KZT от 1 отправителей; исходящий поток 0 KZT. Полный баланс неизвестен.,3,False,real,1,0,104128.00000000,0.00000000,False
100000000803368100,peripheral,0.45500000,19,0.12926905,Недостаточно признаков: 1 отправителей  0 получателей; 1 наблюдаемых участий в переводах. Depth=4: обрыв наблюдения.,4,False,real,1,0,139503.00000000,0.00000000,True
100000000806727100,peripheral,0.65000000,16,0.23297128,Недостаточно признаков: 1 отправителей  1 получателей; 2 наблюдаемых участий в переводах.,2,False,real,1,1,45000.00000000,5000.00000000,False
100000000810551100,terminal,0.48405151,3,0.37046150,Наблюдаемый получатель: вход 100 000 KZT от 1 отправителей; исходящий поток 7 100 KZT. Полный баланс неизвестен.,1,False,real,1,1,100000.00000000,7100.00000000,False
100000000817146100,terminal,0.49691135,17,0.27177318,Наблюдаемый получатель: вход 70 020 KZT от 1 отправителей; исходящий поток 0 KZT. Полный баланс неизвестен.,1,False,real,1,0,70020.00000000,0.00000000,False
100000000821507100,terminal,0.54902773,24,0.26802618,Наблюдаемый получатель: вход 400 000 KZT от 1 отправителей; исходящий поток 0 KZT. Полный баланс неизвестен.,2,False,real,1,0,400000.00000000,0.00000000,False
100000000831684100,transit,0.69400000,9,0.51696261,Признаки транзита: 1 отправителей → 1 получателей; 100% входящих сопоставлены с более поздними исходящими за ≤2 суток.,2,False,real,1,1,15000.00000000,50000.00000000,False
100000000838385100,peripheral,1.00000000,17,0.47922538,Недостаточно признаков: 1 отправителей  2 получателей; 14 наблюдаемых участий в переводах.,3,False,real,1,2,436900.00000000,177500.00000000,False
100000000850297100,peripheral,0.65000000,39,0.27225799,Недостаточно признаков: 1 отправителей  1 получателей; 2 наблюдаемых участий в переводах.,2,False,real,1,1,17520.00000000,17520.00000000,False
100000000860514100,peripheral,0.65000000,14,0.20402966,Недостаточно признаков: 1 отправителей  1 получателей; 2 наблюдаемых участий в переводах.,3,False,real,1,1,12000.00000000,50000.00000000,False
100000000861294100,terminal,0.52188302,40,0.21645934,Наблюдаемый получатель: вход 150 000 KZT от 1 отправителей; исходящий поток 0 KZT. Полный баланс неизвестен.,2,False,real,1,0,150000.00000000,0.00000000,False
100000000870121100,terminal,0.42135184,16,0.18965612,Наблюдаемый получатель: вход 12 000 KZT от 1 отправителей; исходящий поток 0 KZT. Полный баланс неизвестен.,3,False,real,1,0,12000.00000000,0.00000000,False
100000000878006100,terminal,0.47989526,11,0.22974941,Наблюдаемый получатель: вход 47 003 KZT от 1 отправителей; исходящий поток 0 KZT. Полный баланс неизвестен.,3,False,real,1,0,47003.00000000,0.00000000,False
100000000896111100,terminal,0.54169829,21,0.21793644,Наблюдаемый получатель: вход 287 100 KZT от 1 отправителей; исходящий поток 0 KZT. Полный баланс неизвестен.,3,False,real,1,0,287100.00000000,0.00000000,False
100000000907277100,terminal,0.43757601,33,0.14158241,Наблюдаемый получатель: вход 17 534 KZT от 1 отправителей; исходящий поток 0 KZT. Полный баланс неизвестен.,1,False,real,1,0,17534.00000000,0.00000000,False
100000000910216100,peripheral,1.00000000,13,0.55939112,Недостаточно признаков: 1 отправителей  1 получателей; 4 наблюдаемых участий в переводах.,2,False,real,1,1,71000.00000000,52010.00000000,False
100000000912487100,terminal,0.41444228,5,0.22803085,Наблюдаемый получатель: вход 10 000 KZT от 1 отправителей; исходящий поток 0 KZT. Полный баланс неизвестен.,2,False,real,1,0,10000.00000000,0.00000000,False
100000000913911100,peripheral,1.00000000,3,0.46240697,Недостаточно признаков: 2 отправителей  1 получателей; 3 наблюдаемых участий в переводах.,2,False,real,2,1,467000.00000000,600000.00000000,False
100000000917179100,terminal,0.50641384,19,0.28110432,Наблюдаемый получатель: вход 94 465 KZT от 1 отправителей; исходящий поток 0 KZT. Полный баланс неизвестен.,2,False,real,1,0,94465.00000000,0.00000000,False
100000000922570100,peripheral,0.65000000,9,0.16247006,Недостаточно признаков: 1 отправителей  1 получателей; 2 наблюдаемых участий в переводах.,1,False,real,1,1,47101.00000000,50000.00000000,False
100000000926078100,peripheral,0.45500000,0,0.12992624,Недостаточно признаков: 1 отправителей  0 получателей; 1 наблюдаемых участий в переводах. Depth=4: обрыв наблюдения.,4,False,real,1,0,250000.00000000,0.00000000,True
100000000926766100,peripheral,0.65000000,14,0.22018645,Недостаточно признаков: 1 отправителей  1 получателей; 2 наблюдаемых участий в переводах.,3,False,real,1,1,18750.00000000,6000.00000000,False
100000000933075100,peripheral,1.00000000,9,0.48227366,Недостаточно признаков: 1 отправителей  2 получателей; 3 наблюдаемых участий в переводах.,3,False,real,1,2,40000.00000000,55000.00000000,False
100000000941942100,terminal,0.51731593,3,0.30185634,Наблюдаемый получатель: вход 130 000 KZT от 1 отправителей; исходящий поток 0 KZT. Полный баланс неизвестен.,1,False,real,1,0,130000.00000000,0.00000000,False
100000000942301100,terminal,0.49079734,0,0.28132408,Наблюдаемый получатель: вход 57 580 KZT от 1 отправителей; исходящий поток 0 KZT. Полный баланс неизвестен.,3,False,real,1,0,57580.00000000,0.00000000,False
100000000943371100,terminal,0.43241962,13,0.23360635,Наблюдаемый получатель: вход 15 500 KZT от 1 отправителей; исходящий поток 0 KZT. Полный баланс неизвестен.,2,False,real,1,0,15500.00000000,0.00000000,False
100000000945428100,terminal,0.50420396,5,0.25302704,Наблюдаемый получатель: вход 89 629 KZT от 1 отправителей; исходящий поток 0 KZT. Полный баланс неизвестен.,1,False,real,1,0,89629.00000000,0.00000000,False
100000000954884100,terminal,0.46766724,27,0.20744235,Наблюдаемый получатель: вход 34 000 KZT от 1 отправителей; исходящий поток 0 KZT. Полный баланс неизвестен.,3,False,real,1,0,34000.00000000,0.00000000,False
100000000955444100,terminal,0.40361386,23,0.14217824,Наблюдаемый получатель: вход 6 910 KZT от 1 отправителей; исходящий поток 0 KZT. Полный баланс неизвестен.,2,False,real,1,0,6910.00000000,0.00000000,False
100000000955529100,peripheral,0.65000000,3,0.24232424,Недостаточно признаков: 1 отправителей  1 получателей; 2 наблюдаемых участий в переводах.,3,False,real,1,1,27000.00000000,63500.00000000,False
100000000957746100,peripheral,0.45500000,27,0.08658704,Недостаточно признаков: 1 отправителей  0 получателей; 1 наблюдаемых участий в переводах. Depth=4: обрыв наблюдения.,4,False,real,1,0,5300.00000000,0.00000000,True
100000000961900100,terminal,0.68995119,5,0.44834065,Наблюдаемый получатель: вход 36 000 KZT от 2 отправителей; исходящий поток 0 KZT. Полный баланс неизвестен.,1,False,real,2,0,36000.00000000,0.00000000,False
100000000967918100,terminal,0.68769976,7,0.39540516,Наблюдаемый получатель: вход 21 200 KZT от 1 отправителей; исходящий поток 0 KZT. Полный баланс неизвестен.,2,False,real,1,0,21200.00000000,0.00000000,False
100000000968253100,terminal,0.43042709,33,0.13670985,Наблюдаемый получатель: вход 15 000 KZT от 1 отправителей; исходящий поток 0 KZT. Полный баланс неизвестен.,1,False,real,1,0,15000.00000000,0.00000000,False
100000000971908100,terminal,0.50401980,40,0.20297937,Наблюдаемый получатель: вход 89 000 KZT от 1 отправителей; исходящий поток 0 KZT. Полный баланс неизвестен.,2,False,real,1,0,89000.00000000,0.00000000,False
100000000976943100,peripheral,1.00000000,5,0.46817132,Недостаточно признаков: 1 отправителей  1 получателей; 4 наблюдаемых участий в переводах.,3,False,real,1,1,70000.00000000,84000.00000000,False
100000000978041100,terminal,0.47665409,33,0.16957033,Наблюдаемый получатель: вход 44 445 KZT от 1 отправителей; исходящий поток 0 KZT. Полный баланс неизвестен.,1,False,real,1,0,44445.00000000,0.00000000,False
100000000979567100,terminal,0.41444228,41,0.15106224,Наблюдаемый получатель: вход 10 000 KZT от 1 отправителей; исходящий поток 0 KZT. Полный баланс неизвестен.,2,False,real,1,0,10000.00000000,0.00000000,False
100000000979923100,terminal,0.50785026,12,0.27733241,Наблюдаемый получатель: вход 97 900 KZT от 1 отправителей; исходящий поток 0 KZT. Полный баланс неизвестен.,1,False,real,1,0,97900.00000000,0.00000000,False
100000000981693100,peripheral,0.45500000,7,0.09775584,Недостаточно признаков: 1 отправителей  0 получателей; 1 наблюдаемых участий в переводах. Depth=4: обрыв наблюдения.,4,False,real,1,0,16500.00000000,0.00000000,True
100000000993112100,terminal,0.52007828,25,0.27399554,Наблюдаемый получатель: вход 141 000 KZT от 1 отправителей; исходящий поток 0 KZT. Полный баланс неизвестен.,2,False,real,1,0,141000.00000000,0.00000000,False
100000000998559100,terminal,0.50943401,3,0.29570261,Наблюдаемый получатель: вход 100 000 KZT от 1 отправителей; исходящий поток 0 KZT. Полный баланс неизвестен.,1,False,real,1,0,100000.00000000,0.00000000,False
100000001009583100,terminal,0.54847526,11,0.28162560,Наблюдаемый получатель: вход 393 740 KZT от 1 отправителей; исходящий поток 0 KZT. Полный баланс неизвестен.,3,False,real,1,0,393740.00000000,0.00000000,False
100000001046057100,terminal,0.50214140,42,0.23479239,Наблюдаемый получатель: вход 83 420 KZT от 1 отправителей; исходящий поток 0 KZT. Полный баланс неизвестен.,3,False,real,1,0,83420.00000000,0.00000000,False
100000001046626100,terminal,0.52188302,11,0.25901303,Наблюдаемый получатель: вход 150 000 KZT от 1 отправителей; исходящий поток 0 KZT. Полный баланс неизвестен.,3,False,real,1,0,150000.00000000,0.00000000,False
100000001049200100,coordinator,0.33990732,4,0.66250163,Кандидат в координаторы: 6 связей  32 связанных seed; 17% связей между кластерами.,1,False,real,2,4,76624.00000000,36000.00000000,False
100000001052789100,terminal,0.49720600,1,0.23856448,Наблюдаемый получатель: вход 70 975 KZT от 1 отправителей; исходящий поток 0 KZT. Полный баланс неизвестен.,3,False,real,1,0,70975.00000000,0.00000000,False
100000001052945100,peripheral,0.35132331,19,0.46792706,Недостаточно признаков: 1 отправителей  3 получателей; 7 наблюдаемых участий в переводах.,3,False,real,1,3,56520.00000000,1595700.00000000,False
100000001053894100,peripheral,0.70000000,11,0.26946468,Недостаточно признаков: 1 отправителей  0 получателей; 7 наблюдаемых участий в переводах. Depth=4: обрыв наблюдения.,4,False,real,1,0,2000000.00000000,0.00000000,True
100000001056414100,terminal,0.53797832,24,0.22716564,Наблюдаемый получатель: вход 250 000 KZT от 1 отправителей; исходящий поток 0 KZT. Полный баланс неизвестен.,3,False,real,1,0,250000.00000000,0.00000000,False
100000001063678100,transit,0.50333333,28,0.51312758,Признаки транзита: 1 отправителей → 2 получателей; 57% входящих сопоставлены с более поздними исходящими за ≤2 суток.,3,False,real,1,2,35000.00000000,90000.00000000,False
100000001065234100,peripheral,0.45500000,4,0.13433574,Недостаточно признаков: 1 отправителей  0 получателей; 1 наблюдаемых участий в переводах. Depth=4: обрыв наблюдения.,4,False,real,1,0,360000.00000000,0.00000000,True
100000001065481100,peripheral,0.45500000,16,0.13163530,Недостаточно признаков: 1 отправителей  0 получателей; 2 наблюдаемых участий в переводах. Depth=4: обрыв наблюдения.,4,False,real,1,0,16000.00000000,0.00000000,True
100000001066017100,distributor,0.37399234,7,0.54389263,Признаки распределения: 4 получателей  82 500 KZT исходящих; 4 переводов.,3,False,real,2,4,136123.00000000,82500.00000000,False
100000001072022100,terminal,0.57799637,3,0.68246192,Наблюдаемый получатель: вход 1 684 000 KZT от 3 отправителей; исходящий поток 0 KZT. Полный баланс неизвестен.,1,False,real,3,0,1684000.00000000,0.00000000,False
100000001073568100,peripheral,1.00000000,19,0.47605608,Недостаточно признаков: 1 отправителей  2 получателей; 7 наблюдаемых участий в переводах.,3,False,real,1,2,707465.00000000,219503.00000000,False
100000001074553100,terminal,0.43892895,6,0.23833125,Наблюдаемый получатель: вход 28 971 KZT от 2 отправителей; исходящий поток 0 KZT. Полный баланс неизвестен.,1,False,real,2,0,28971.00000000,0.00000000,False
100000001083990100,terminal,0.48254711,9,0.29224173,Наблюдаемый получатель: вход 49 900 KZT от 1 отправителей; исходящий поток 0 KZT. Полный баланс неизвестен.,2,False,real,1,0,49900.00000000,0.00000000,False
100000001089055100,peripheral,0.45500000,27,0.10143809,Недостаточно признаков: 1 отправителей  0 получателей; 1 наблюдаемых участий в переводах. Depth=4: обрыв наблюдения.,4,False,real,1,0,13000.00000000,0.00000000,True
100000001102676100,peripheral,0.65000000,25,0.29075585,Недостаточно признаков: 1 отправителей  1 получателей; 2 наблюдаемых участий в переводах.,2,False,real,1,1,50000.00000000,50000.00000000,False
100000001103905100,terminal,0.43904927,33,0.14263350,Наблюдаемый получатель: вход 18 000 KZT от 1 отправителей; исходящий поток 0 KZT. Полный баланс неизвестен.,1,False,real,1,0,18000.00000000,0.00000000,False
100000001110358100,terminal,0.44452732,0,0.27887064,Наблюдаемый получатель: вход 32 000 KZT от 2 отправителей; исходящий поток 0 KZT. Полный баланс неизвестен.,3,False,real,2,0,32000.00000000,0.00000000,False
100000001111763100,terminal,0.43602909,33,0.14062108,Наблюдаемый получатель: вход 17 144 KZT от 1 отправителей; исходящий поток 0 KZT. Полный баланс неизвестен.,1,False,real,1,0,17144.00000000,0.00000000,False
100000001114385100,terminal,0.46125858,5,0.21339040,Наблюдаемый получатель: вход 29 500 KZT от 1 отправителей; исходящий поток 0 KZT. Полный баланс неизвестен.,2,False,real,1,0,29500.00000000,0.00000000,False
100000001126374100,consolidator,0.50455068,7,0.63526075,Признаки консолидации: 4 отправителей  182 500 KZT входящих  2 получателей.,1,False,real,4,2,182500.00000000,29200.00000000,False
100000001130176100,terminal,0.45422379,40,0.25006984,Наблюдаемый получатель: вход 25 000 KZT от 1 отправителей; исходящий поток 0 KZT. Полный баланс неизвестен.,3,False,real,1,0,25000.00000000,0.00000000,False
100000001130553100,peripheral,0.45500000,43,0.12707433,Недостаточно признаков: 1 отправителей  0 получателей; 2 наблюдаемых участий в переводах. Depth=4: обрыв наблюдения.,4,False,real,1,0,18000.00000000,0.00000000,True
100000001131403100,peripheral,0.70000000,19,0.27088033,Недостаточно признаков: 1 отправителей  0 получателей; 3 наблюдаемых участий в переводах. Depth=4: обрыв наблюдения.,4,False,real,1,0,1570000.00000000,0.00000000,True
100000001138283100,peripheral,1.00000000,0,0.51660856,Недостаточно признаков: 1 отправителей  2 получателей; 3 наблюдаемых участий в переводах.,3,False,real,1,2,81805.00000000,50000.00000000,False
100000001138376100,terminal,0.43223546,4,0.19514018,Наблюдаемый получатель: вход 15 300 KZT от 1 отправителей; исходящий поток 0 KZT. Полный баланс неизвестен.,2,False,real,1,0,15300.00000000,0.00000000,False
100000001140785100,terminal,0.51185506,35,0.30621583,Наблюдаемый получатель: вход 215 000 KZT от 2 отправителей; исходящий поток 0 KZT. Полный баланс неизвестен.,3,False,real,2,0,215000.00000000,0.00000000,False
100000001141268100,terminal,0.80547609,35,0.56109190,Наблюдаемый получатель: вход 480 000 KZT от 2 отправителей; исходящий поток 10 000 KZT. Полный баланс неизвестен.,3,False,real,2,1,480000.00000000,10000.00000000,False
100000001145749100,terminal,0.41444228,3,0.23060472,Наблюдаемый получатель: вход 10 000 KZT от 1 отправителей; исходящий поток 0 KZT. Полный баланс неизвестен.,3,False,real,1,0,10000.00000000,0.00000000,False
100000001149815100,terminal,0.42135184,31,0.13368023,Наблюдаемый получатель: вход 12 000 KZT от 1 отправителей; исходящий поток 0 KZT. Полный баланс неизвестен.,3,False,real,1,0,12000.00000000,0.00000000,False
100000001155773100,terminal,0.44726266,31,0.14918563,Наблюдаемый получатель: вход 21 500 KZT от 1 отправителей; исходящий поток 0 KZT. Полный баланс неизвестен.,3,False,real,1,0,21500.00000000,0.00000000,False
100000001160401100,terminal,0.48030040,5,0.27541915,Наблюдаемый получатель: вход 47 190 KZT от 1 отправителей; исходящий поток 0 KZT. Полный баланс неизвестен.,3,False,real,1,0,47190.00000000,0.00000000,False
100000001162560100,distributor,0.69131825,6,0.57628656,Признаки распределения: 12 получателей  2 904 398 KZT исходящих; 14 переводов.,1,False,real,1,12,331300.00000000,2904398.00000000,False
100000001164648100,terminal,0.39555613,24,0.25121486,Наблюдаемый получатель: вход 13 660 KZT от 2 отправителей; исходящий поток 0 KZT. Полный баланс неизвестен.,1,False,real,2,0,13660.00000000,0.00000000,False
100000001166289100,terminal,0.80738421,29,0.49250847,Наблюдаемый получатель: вход 721 039 KZT от 2 отправителей; исходящий поток 25 000 KZT. Полный баланс неизвестен.,2,False,real,2,1,721039.00000000,25000.00000000,False
100000001169666100,peripheral,1.00000000,2,0.46106764,Недостаточно признаков: 1 отправителей  1 получателей; 3 наблюдаемых участий в переводах.,3,False,real,1,1,220000.00000000,24000.00000000,False
100000001184915100,terminal,0.53219580,4,0.30556374,Наблюдаемый получатель: вход 201 000 KZT от 1 отправителей; исходящий поток 0 KZT. Полный баланс неизвестен.,2,False,real,1,0,201000.00000000,0.00000000,False
100000001194266100,terminal,0.48394671,3,0.27637514,Наблюдаемый получатель: вход 50 000 KZT от 1 отправителей; исходящий поток 0 KZT. Полный баланс неизвестен.,1,False,real,1,0,50000.00000000,0.00000000,False
100000001202637100,peripheral,0.45500000,2,0.11909631,Недостаточно признаков: 1 отправителей  0 получателей; 1 наблюдаемых участий в переводах. Depth=4: обрыв наблюдения.,4,False,real,1,0,10000.00000000,0.00000000,True
100000001202787100,peripheral,0.45500000,5,0.14185184,Недостаточно признаков: 2 отправителей  0 получателей; 2 наблюдаемых участий в переводах. Depth=4: обрыв наблюдения.,4,False,real,2,0,14850.00000000,0.00000000,True
100000001220124100,peripheral,0.45500000,13,0.10996126,Недостаточно признаков: 1 отправителей  0 получателей; 1 наблюдаемых участий в переводах. Depth=4: обрыв наблюдения.,4,False,real,1,0,40000.00000000,0.00000000,True
100000001222245100,peripheral,0.70000000,11,0.26108255,Недостаточно признаков: 1 отправителей  0 получателей; 5 наблюдаемых участий в переводах. Depth=4: обрыв наблюдения.,4,False,real,1,0,420000.00000000,0.00000000,True
100000001222263100,peripheral,1.00000000,11,0.47252428,Недостаточно признаков: 1 отправителей  1 получателей; 6 наблюдаемых участий в переводах.,3,False,real,1,1,745570.00000000,420000.00000000,False
100000001223977100,peripheral,0.65000000,3,0.21623680,Недостаточно признаков: 1 отправителей  1 получателей; 2 наблюдаемых участий в переводах.,3,False,real,1,1,5000.00000000,18000.00000000,False
100000001227106100,terminal,0.52468220,11,0.26167048,Наблюдаемый получатель: вход 164 765 KZT от 1 отправителей; исходящий поток 0 KZT. Полный баланс неизвестен.,3,False,real,1,0,164765.00000000,0.00000000,False
100000001229743100,peripheral,0.65000000,5,0.18148088,Недостаточно признаков: 1 отправителей  1 получателей; 2 наблюдаемых участий в переводах.,3,False,real,1,1,7000.00000000,9000.00000000,False
100000001232297100,peripheral,1.00000000,13,0.45827152,Недостаточно признаков: 1 отправителей  2 получателей; 3 наблюдаемых участий в переводах.,2,False,real,1,2,5000.00000000,45000.00000000,False
100000001236706100,consolidator,0.40308473,13,0.55720107,Признаки консолидации: 3 отправителей  142 700 KZT входящих  2 получателей.,3,False,real,3,2,142700.00000000,36000.00000000,False
100000001241318100,terminal,0.48759301,5,0.22844235,Наблюдаемый получатель: вход 53 000 KZT от 1 отправителей; исходящий поток 0 KZT. Полный баланс неизвестен.,2,False,real,1,0,53000.00000000,0.00000000,False
100000001246806100,peripheral,0.45500000,35,0.14849542,Недостаточно признаков: 1 отправителей  0 получателей; 1 наблюдаемых участий в переводах. Depth=4: обрыв наблюдения.,4,False,real,1,0,130000.00000000,0.00000000,True
100000001248999100,terminal,0.44969353,27,0.20700115,Наблюдаемый получатель: вход 23 425 KZT от 1 отправителей; исходящий поток 0 KZT. Полный баланс неизвестен.,3,False,real,1,0,23425.00000000,0.00000000,False
100000001249054100,peripheral,0.45500000,39,0.09340092,Недостаточно признаков: 1 отправителей  0 получателей; 1 наблюдаемых участий в переводах. Depth=4: обрыв наблюдения.,4,False,real,1,0,17375.00000000,0.00000000,True
100000001250022100,terminal,0.48394671,40,0.18740743,Наблюдаемый получатель: вход 50 000 KZT от 1 отправителей; исходящий поток 0 KZT. Полный баланс неизвестен.,2,False,real,1,0,50000.00000000,0.00000000,False
100000001251686100,terminal,0.43904927,5,0.24205106,Наблюдаемый получатель: вход 18 000 KZT от 1 отправителей; исходящий поток 0 KZT. Полный баланс неизвестен.,2,False,real,1,0,18000.00000000,0.00000000,False
100000001252290100,terminal,0.50751192,11,0.29348891,Наблюдаемый получатель: вход 141 005 KZT от 1 отправителей; исходящий поток 5 000 KZT. Полный баланс неизвестен.,3,False,real,1,1,141005.00000000,5000.00000000,False
100000001253557100,consolidator,0.57978241,35,0.65575076,Признаки консолидации: 5 отправителей  210 200 KZT входящих  0 получателей.,1,False,real,5,0,210200.00000000,0.00000000,False
100000001256409100,peripheral,0.45500000,44,0.06512677,Недостаточно признаков: 1 отправителей  0 получателей; 1 наблюдаемых участий в переводах. Depth=4: обрыв наблюдения.,4,False,real,1,0,8000.00000000,0.00000000,True
100000001262647100,terminal,0.45050382,4,0.19587543,Наблюдаемый получатель: вход 23 650 KZT от 1 отправителей; исходящий поток 0 KZT. Полный баланс неизвестен.,2,False,real,1,0,23650.00000000,0.00000000,False
100000001270349100,terminal,0.53149600,40,0.21746988,Наблюдаемый получатель: вход 200 000 KZT от 1 отправителей; исходящий поток 0 KZT. Полный баланс неизвестен.,3,False,real,1,0,200000.00000000,0.00000000,False
100000001270470100,peripheral,0.45500000,0,0.13076923,Недостаточно признаков: 1 отправителей  0 получателей; 2 наблюдаемых участий в переводах. Depth=4: обрыв наблюдения.,4,False,real,1,0,28300.00000000,0.00000000,True
100000001273783100,terminal,0.44939888,39,0.16818847,Наблюдаемый получатель: вход 23 200 KZT от 1 отправителей; исходящий поток 0 KZT. Полный баланс неизвестен.,2,False,real,1,0,23200.00000000,0.00000000,False
100000001275557100,peripheral,0.45500000,28,0.09640405,Недостаточно признаков: 1 отправителей  0 получателей; 1 наблюдаемых участий в переводах. Depth=4: обрыв наблюдения.,4,False,real,1,0,20000.00000000,0.00000000,True
100000001275752100,terminal,0.52269331,35,0.28112215,Наблюдаемый получатель: вход 151 500 KZT от 1 отправителей; исходящий поток 0 KZT. Полный баланс неизвестен.,3,False,real,1,0,151500.00000000,0.00000000,False
100000001276409100,peripheral,0.45500000,39,0.12215371,Недостаточно признаков: 1 отправителей  0 получателей; 1 наблюдаемых участий в переводах. Depth=4: обрыв наблюдения.,4,False,real,1,0,94760.00000000,0.00000000,True
100000001279272100,transit,0.44583016,0,0.72494465,Признаки транзита: 1 отправителей → 2 получателей; 52% входящих сопоставлены с более поздними исходящими за ≤2 суток.,3,False,real,1,2,250000.00000000,136758.00000000,False
100000001279875100,terminal,0.48210514,40,0.18023039,Наблюдаемый получатель: вход 49 235 KZT от 1 отправителей; исходящий поток 0 KZT. Полный баланс неизвестен.,2,False,real,1,0,49235.00000000,0.00000000,False
100000001280798100,terminal,0.45124045,39,0.19964206,Наблюдаемый получатель: вход 23 785 KZT от 1 отправителей; исходящий поток 0 KZT. Полный баланс неизвестен.,3,False,real,1,0,23785.00000000,0.00000000,False
100000001282143100,consolidator,0.59886673,35,0.67195066,Признаки консолидации: 5 отправителей  1 700 000 KZT входящих  0 получателей.,3,False,real,5,0,1700000.00000000,0.00000000,False
100000001285440100,terminal,0.51546454,35,0.32045910,Наблюдаемый получатель: вход 243 000 KZT от 2 отправителей; исходящий поток 0 KZT. Полный баланс неизвестен.,3,False,real,2,0,243000.00000000,0.00000000,False
100000001286703100,peripheral,0.45500000,11,0.08512048,Недостаточно признаков: 1 отправителей  0 получателей; 1 наблюдаемых участий в переводах. Depth=4: обрыв наблюдения.,4,False,real,1,0,20500.00000000,0.00000000,True
100000001287955100,transit,0.46724708,24,0.72128787,Признаки транзита: 1 отправителей → 4 получателей; 100% входящих сопоставлены с более поздними исходящими за ≤2 суток.,2,False,real,1,4,17520.00000000,310000.00000000,False
100000001290243100,terminal,0.41444228,4,0.19610188,Наблюдаемый получатель: вход 10 000 KZT от 1 отправителей; исходящий поток 0 KZT. Полный баланс неизвестен.,2,False,real,1,0,10000.00000000,0.00000000,False
100000001297206100,peripheral,0.45500000,0,0.08945439,Недостаточно признаков: 1 отправителей  0 получателей; 1 наблюдаемых участий в переводах. Depth=4: обрыв наблюдения.,4,False,real,1,0,6758.00000000,0.00000000,True
100000001298099100,terminal,0.44052252,39,0.19258527,Наблюдаемый получатель: вход 19 000 KZT от 1 отправителей; исходящий поток 0 KZT. Полный баланс неизвестен.,3,False,real,1,0,19000.00000000,0.00000000,False
100000001299323100,peripheral,0.45500000,35,0.13904229,Недостаточно признаков: 1 отправителей  0 получателей; 1 наблюдаемых участий в переводах. Depth=4: обрыв наблюдения.,4,False,real,1,0,109000.00000000,0.00000000,True
100000001299443100,peripheral,0.45500000,24,0.05786154,Недостаточно признаков: 1 отправителей  0 получателей; 1 наблюдаемых участий в переводах. Depth=4: обрыв наблюдения.,4,False,real,1,0,8000.00000000,0.00000000,True
100000001299828100,peripheral,0.45500000,0,0.12172243,Недостаточно признаков: 1 отправителей  0 получателей; 1 наблюдаемых участий в переводах. Depth=4: обрыв наблюдения.,4,False,real,1,0,100000.00000000,0.00000000,True
100000001303311100,consolidator,0.59841342,35,0.62179233,Признаки консолидации: 5 отправителей  1 324 000 KZT входящих  0 получателей.,3,False,real,5,0,1324000.00000000,0.00000000,False
100000001307612100,terminal,0.47186602,33,0.16582173,Наблюдаемый получатель: вход 38 483 KZT от 1 отправителей; исходящий поток 0 KZT. Полный баланс неизвестен.,1,False,real,1,0,38483.00000000,0.00000000,False
100000001308856100,terminal,0.45897504,29,0.15719397,Наблюдаемый получатель: вход 27 000 KZT от 1 отправителей; исходящий поток 0 KZT. Полный баланс неизвестен.,2,False,real,1,0,27000.00000000,0.00000000,False
100000001311175100,peripheral,0.45500000,24,0.11413077,Недостаточно признаков: 1 отправителей  0 получателей; 1 наблюдаемых участий в переводах. Depth=4: обрыв наблюдения.,4,False,real,1,0,300000.00000000,0.00000000,True
100000001317336100,peripheral,1.00000000,36,0.46964161,Недостаточно признаков: 1 отправителей  2 получателей; 4 наблюдаемых участий в переводах.,3,False,real,1,2,131196.00000000,1752000.00000000,False
100000001325618100,peripheral,0.45500000,24,0.05895346,Недостаточно признаков: 1 отправителей  0 получателей; 1 наблюдаемых участий в переводах. Depth=4: обрыв наблюдения.,4,False,real,1,0,9300.00000000,0.00000000,True
100000001329153100,terminal,0.52254598,7,0.26093496,Наблюдаемый получатель: вход 150 687 KZT от 1 отправителей; исходящий поток 0 KZT. Полный баланс неизвестен.,3,False,real,1,0,150687.00000000,0.00000000,False
100000001330595100,peripheral,0.33763373,45,0.37665457,Недостаточно признаков: 3 отправителей  1 получателей; 7 наблюдаемых участий в переводах.,2,False,real,3,1,87000.00000000,154000.00000000,False
100000001330685100,terminal,0.57976130,11,0.63925266,Наблюдаемый получатель: вход 2 435 923 KZT от 3 отправителей; исходящий поток 100 500 KZT. Полный баланс неизвестен.,1,False,real,3,1,2435923.00000000,100500.00000000,False
100000001339466100,terminal,0.46287916,5,0.25810544,Наблюдаемый получатель: вход 30 000 KZT от 1 отправителей; исходящий поток 0 KZT. Полный баланс неизвестен.,2,False,real,1,0,30000.00000000,0.00000000,False
100000001346560100,transit,0.48918919,16,0.52089350,Признаки транзита: 2 отправителей → 1 получателей; 50% входящих сопоставлены с более поздними исходящими за ≤2 суток.,2,False,real,2,1,10000.00000000,22200.00000000,False
100000001362940100,terminal,0.50114696,3,0.28907809,Наблюдаемый получатель: вход 81 000 KZT от 1 отправителей; исходящий поток 0 KZT. Полный баланс неизвестен.,1,False,real,1,0,81000.00000000,0.00000000,False
100000001363952100,peripheral,1.00000000,16,0.47123935,Недостаточно признаков: 2 отправителей  1 получателей; 4 наблюдаемых участий в переводах.,1,False,real,2,1,196655.00000000,91000.00000000,False
100000001373265100,terminal,0.50793798,0,0.29624809,Наблюдаемый получатель: вход 142 482 KZT от 1 отправителей; исходящий поток 5 000 KZT. Полный баланс неизвестен.,3,False,real,1,1,142482.00000000,5000.00000000,False
100000001378288100,peripheral,0.70000000,16,0.25315363,Недостаточно признаков: 1 отправителей  0 получателей; 3 наблюдаемых участий в переводах. Depth=4: обрыв наблюдения.,4,False,real,1,0,268000.00000000,0.00000000,True
100000001379511100,terminal,0.48932409,42,0.22497472,Наблюдаемый получатель: вход 55 000 KZT от 1 отправителей; исходящий поток 0 KZT. Полный баланс неизвестен.,3,False,real,1,0,55000.00000000,0.00000000,False
100000001380054100,distributor,0.31957986,46,0.52277304,Признаки распределения: 3 получателей  360 000 KZT исходящих; 4 переводов.,1,False,real,2,3,127050.00000000,360000.00000000,False
100000001380107100,terminal,0.40139661,30,0.21427783,Наблюдаемый получатель: вход 6 000 KZT от 1 отправителей; исходящий поток 0 KZT. Полный баланс неизвестен.,3,False,real,1,0,6000.00000000,0.00000000,False
100000001380986100,terminal,0.49705867,6,0.18470692,Наблюдаемый получатель: вход 70 170 KZT от 1 отправителей; исходящий поток 0 KZT. Полный баланс неизвестен.,2,False,real,1,0,70170.00000000,0.00000000,False
100000001382002100,peripheral,1.00000000,5,0.43853808,Недостаточно признаков: 1 отправителей  1 получателей; 5 наблюдаемых участий в переводах.,2,False,real,1,1,55000.00000000,56500.00000000,False
100000001384826100,terminal,0.53704027,11,0.31201757,Наблюдаемый получатель: вход 364 260 KZT от 1 отправителей; исходящий поток 10 000 KZT. Полный баланс неизвестен.,3,False,real,1,1,364260.00000000,10000.00000000,False
100000001386612100,terminal,0.49293356,47,0.24113349,Наблюдаемый получатель: вход 62 264 KZT от 1 отправителей; исходящий поток 0 KZT. Полный баланс неизвестен.,2,False,real,1,0,62264.00000000,0.00000000,False
100000001389255100,terminal,0.43437168,33,0.13950528,Наблюдаемый получатель: вход 16 136 KZT от 1 отправителей; исходящий поток 0 KZT. Полный баланс неизвестен.,1,False,real,1,0,16136.00000000,0.00000000,False
100000001411870100,terminal,0.82985373,40,0.50894334,Наблюдаемый получатель: вход 900 000 KZT от 2 отправителей; исходящий поток 0 KZT. Полный баланс неизвестен.,1,False,real,2,0,900000.00000000,0.00000000,False
100000001415126100,peripheral,0.58500000,47,0.14253887,Недостаточно признаков: 1 отправителей  0 получателей; 1 наблюдаемых участий в переводах. Seed: вход неполон.,0,True,real,1,0,27000.00000000,0.00000000,False
100000001418900100,terminal,0.47422322,29,0.20722189,Наблюдаемый получатель: вход 40 140 KZT от 1 отправителей; исходящий поток 0 KZT. Полный баланс неизвестен.,2,False,real,1,0,40140.00000000,0.00000000,False
100000001420847100,terminal,0.44339537,1,0.23080400,Наблюдаемый получатель: вход 20 000 KZT от 1 отправителей; исходящий поток 0 KZT. Полный баланс неизвестен.,2,False,real,1,0,20000.00000000,0.00000000,False
100000001427082100,distributor,0.53638184,30,0.50527087,Признаки распределения: 5 получателей  124 900 KZT исходящих; 6 переводов.,3,False,real,1,5,5000.00000000,124900.00000000,False
100000001429930100,peripheral,0.58500000,16,0.13809033,Недостаточно признаков: 1 отправителей  0 получателей; 1 наблюдаемых участий в переводах. Seed: вход неполон.,0,True,real,1,0,26000.00000000,0.00000000,False
100000001439416100,peripheral,1.00000000,5,0.44460328,Недостаточно признаков: 1 отправителей  2 получателей; 4 наблюдаемых участий в переводах.,3,False,real,1,2,10000.00000000,165000.00000000,False
100000001445848100,transit,0.30572436,27,0.53335871,Признаки транзита: 1 отправителей → 1 получателей; 16% входящих сопоставлены с более поздними исходящими за ≤2 суток.,3,False,real,1,1,546000.00000000,351850.00000000,False
100000001463701100,terminal,0.53616377,12,0.34597277,Наблюдаемый получатель: вход 621 000 KZT от 2 отправителей; исходящий поток 0 KZT. Полный баланс неизвестен.,1,False,real,2,0,621000.00000000,0.00000000,False
100000001471706100,peripheral,0.70000000,47,0.28959550,Недостаточно признаков: 1 отправителей  0 получателей; 8 наблюдаемых участий в переводах. Depth=4: обрыв наблюдения.,4,False,real,1,0,377000.00000000,0.00000000,True
100000001477796100,terminal,0.52781287,25,0.22450386,Наблюдаемый получатель: вход 182 000 KZT от 1 отправителей; исходящий поток 0 KZT. Полный баланс неизвестен.,1,False,real,1,0,182000.00000000,0.00000000,False
100000001484381100,terminal,0.74712481,39,0.47566947,Наблюдаемый получатель: вход 95 585 KZT от 2 отправителей; исходящий поток 0 KZT. Полный баланс неизвестен.,3,False,real,2,0,95585.00000000,0.00000000,False
100000001490461100,peripheral,0.65000000,2,0.21581368,Недостаточно признаков: 1 отправителей  1 получателей; 2 наблюдаемых участий в переводах.,2,False,real,1,1,20000.00000000,5000.00000000,False
100000001498732100,peripheral,0.45500000,42,0.08004449,Недостаточно признаков: 1 отправителей  0 получателей; 1 наблюдаемых участий в переводах. Depth=4: обрыв наблюдения.,4,False,real,1,0,5500.00000000,0.00000000,True
100000001524952100,terminal,0.51142291,5,0.25799968,Наблюдаемый получатель: вход 103 807 KZT от 1 отправителей; исходящий поток 0 KZT. Полный баланс неизвестен.,1,False,real,1,0,103807.00000000,0.00000000,False
100000001526235100,distributor,0.60437818,14,0.67720847,Признаки распределения: 8 получателей  432 750 KZT исходящих; 9 переводов.,2,False,real,3,8,82000.00000000,432750.00000000,False
100000001527186100,terminal,0.55805142,3,0.37483344,Наблюдаемый получатель: вход 678 000 KZT от 1 отправителей; исходящий поток 0 KZT. Полный баланс неизвестен.,1,False,real,1,0,678000.00000000,0.00000000,False
100000001530709100,terminal,0.48851380,7,0.23526542,Наблюдаемый получатель: вход 53 961 KZT от 1 отправителей; исходящий поток 0 KZT. Полный баланс неизвестен.,3,False,real,1,0,53961.00000000,0.00000000,False
100000001530740100,terminal,0.43042709,4,0.19647513,Наблюдаемый получатель: вход 15 000 KZT от 1 отправителей; исходящий поток 0 KZT. Полный баланс неизвестен.,2,False,real,1,0,15000.00000000,0.00000000,False
100000001530983100,distributor,0.68433241,30,0.67785794,Признаки распределения: 11 получателей  1 829 538 KZT исходящих; 17 переводов.,1,False,real,4,11,564158.00000000,1829538.00000000,False
100000001533161100,peripheral,0.45500000,48,0.12155935,Недостаточно признаков: 1 отправителей  0 получателей; 1 наблюдаемых участий в переводах. Depth=4: обрыв наблюдения.,4,False,real,1,0,100000.00000000,0.00000000,True
100000001534244100,peripheral,1.00000000,35,0.44203338,Недостаточно признаков: 2 отправителей  1 получателей; 3 наблюдаемых участий в переводах.,3,False,real,2,1,366000.00000000,45000.00000000,False
100000001537524100,peripheral,0.45500000,35,0.13985432,Недостаточно признаков: 1 отправителей  0 получателей; 1 наблюдаемых участий в переводах. Depth=4: обрыв наблюдения.,4,False,real,1,0,150000.00000000,0.00000000,True
100000001538095100,terminal,0.51907401,35,0.32345721,Наблюдаемый получатель: вход 280 000 KZT от 2 отправителей; исходящий поток 0 KZT. Полный баланс неизвестен.,3,False,real,2,0,280000.00000000,0.00000000,False
100000001541418100,terminal,0.48577845,6,0.29896531,Наблюдаемый получатель: вход 96 900 KZT от 2 отправителей; исходящий поток 0 KZT. Полный баланс неизвестен.,2,False,real,2,0,96900.00000000,0.00000000,False
100000001549194100,terminal,0.47908497,19,0.22515829,Наблюдаемый получатель: вход 46 500 KZT от 1 отправителей; исходящий поток 0 KZT. Полный баланс неизвестен.,3,False,real,1,0,46500.00000000,0.00000000,False
100000001550388100,terminal,0.48394671,5,0.23747684,Наблюдаемый получатель: вход 50 000 KZT от 1 отправителей; исходящий поток 0 KZT. Полный баланс неизвестен.,1,False,real,1,0,50000.00000000,0.00000000,False
100000001550419100,terminal,0.44899374,19,0.20405587,Наблюдаемый получатель: вход 23 000 KZT от 1 отправителей; исходящий поток 0 KZT. Полный баланс неизвестен.,3,False,real,1,0,23000.00000000,0.00000000,False
100000001554432100,terminal,0.48844013,3,0.27943136,Наблюдаемый получатель: вход 53 920 KZT от 1 отправителей; исходящий поток 0 KZT. Полный баланс неизвестен.,1,False,real,1,0,53920.00000000,0.00000000,False
100000001557930100,terminal,0.46833021,40,0.17627305,Наблюдаемый получатель: вход 34 610 KZT от 1 отправителей; исходящий поток 0 KZT. Полный баланс неизвестен.,2,False,real,1,0,34610.00000000,0.00000000,False
100000001567366100,terminal,0.86228045,4,0.53153209,Наблюдаемый получатель: вход 824 070 KZT от 1 отправителей; исходящий поток 0 KZT. Полный баланс неизвестен.,1,False,real,1,0,824070.00000000,0.00000000,False
100000001578517100,terminal,0.46287916,30,0.20899718,Наблюдаемый получатель: вход 30 000 KZT от 1 отправителей; исходящий поток 0 KZT. Полный баланс неизвестен.,2,False,real,1,0,30000.00000000,0.00000000,False
100000001584286100,terminal,0.82702055,24,0.56196099,Наблюдаемый получатель: вход 738 699 KZT от 2 отправителей; исходящий поток 0 KZT. Полный баланс неизвестен.,2,False,real,2,0,738699.00000000,0.00000000,False
100000001590795100,peripheral,0.45500000,24,0.05439559,Недостаточно признаков: 1 отправителей  0 получателей; 1 наблюдаемых участий в переводах. Depth=4: обрыв наблюдения.,4,False,real,1,0,5060.00000000,0.00000000,True
100000001597424100,terminal,0.48092653,19,0.22663106,Наблюдаемый получатель: вход 48 100 KZT от 1 отправителей; исходящий поток 0 KZT. Полный баланс неизвестен.,3,False,real,1,0,48100.00000000,0.00000000,False
100000001597505100,peripheral,0.65000000,25,0.26084930,Недостаточно признаков: 1 отправителей  1 получателей; 2 наблюдаемых участий в переводах.,2,False,real,1,1,26460.00000000,12920.00000000,False
100000001598625100,peripheral,0.45500000,0,0.10174039,Недостаточно признаков: 1 отправителей  0 получателей; 1 наблюдаемых участий в переводах. Depth=4: обрыв наблюдения.,4,False,real,1,0,25000.00000000,0.00000000,True
100000001600934100,terminal,0.77806796,0,0.54550785,Наблюдаемый получатель: вход 180 300 KZT от 1 отправителей; исходящий поток 11 000 KZT. Полный баланс неизвестен.,3,False,real,1,1,180300.00000000,11000.00000000,False
100000001601320100,peripheral,1.00000000,2,0.29189902,Недостаточно признаков: 2 отправителей  1 получателей; 3 наблюдаемых участий в переводах.,2,False,real,2,1,43500.00000000,46200.00000000,False
100000001609499100,terminal,0.54635977,5,0.71610514,Наблюдаемый получатель: вход 263 113 KZT от 3 отправителей; исходящий поток 21 000 KZT. Полный баланс неизвестен.,1,False,real,3,2,263113.00000000,21000.00000000,False
100000001611488100,terminal,0.82781384,11,0.61843764,Наблюдаемый получатель: вход 779 300 KZT от 2 отправителей; исходящий поток 0 KZT. Полный баланс неизвестен.,3,False,real,2,0,779300.00000000,0.00000000,False
100000001616816100,consolidator,0.34672277,40,0.62450896,Признаки консолидации: 5 отправителей  176 195 KZT входящих  3 получателей. Seed: вход неполон.,0,True,real,5,3,176195.00000000,181326.00000000,False
100000001632325100,terminal,0.77388516,31,0.37215861,Наблюдаемый получатель: вход 85 600 KZT от 1 отправителей; исходящий поток 0 KZT. Полный баланс неизвестен.,3,False,real,1,0,85600.00000000,0.00000000,False
100000001633685100,terminal,0.48756346,27,0.48312998,Наблюдаемый получатель: вход 45 000 KZT от 3 отправителей; исходящий поток 0 KZT. Полный баланс неизвестен.,2,False,real,3,0,45000.00000000,0.00000000,False
100000001637376100,peripheral,1.00000000,11,0.42957377,Недостаточно признаков: 1 отправителей  1 получателей; 3 наблюдаемых участий в переводах.,3,False,real,1,1,116700.00000000,234250.00000000,False
100000001639766100,terminal,0.44339537,40,0.16708750,Наблюдаемый получатель: вход 20 000 KZT от 1 отправителей; исходящий поток 0 KZT. Полный баланс неизвестен.,3,False,real,1,0,20000.00000000,0.00000000,False
100000001641789100,terminal,0.43827581,40,0.25205677,Наблюдаемый получатель: вход 17 826 KZT от 1 отправителей; исходящий поток 0 KZT. Полный баланс неизвестен.,1,False,real,1,0,17826.00000000,0.00000000,False
100000001641951100,terminal,0.69880583,16,0.46011182,Наблюдаемый получатель: вход 25 000 KZT от 1 отправителей; исходящий поток 0 KZT. Полный баланс неизвестен.,2,False,real,1,0,25000.00000000,0.00000000,False
100000001648936100,terminal,0.50582454,40,0.20435988,Наблюдаемый получатель: вход 92 740 KZT от 1 отправителей; исходящий поток 0 KZT. Полный баланс неизвестен.,2,False,real,1,0,92740.00000000,0.00000000,False
100000001650895100,terminal,0.49977172,2,0.31197354,Наблюдаемый получатель: вход 153 500 KZT от 1 отправителей; исходящий поток 10 000 KZT. Полный баланс неизвестен.,3,False,real,1,1,153500.00000000,10000.00000000,False
100000001660397100,transit,0.42451290,5,0.72750840,Признаки транзита: 2 отправителей → 3 получателей; 25% входящих сопоставлены с более поздними исходящими за ≤2 суток.,1,False,real,2,3,48600.00000000,49000.00000000,False
100000001669260100,peripheral,0.45500000,44,0.11025291,Недостаточно признаков: 1 отправителей  0 получателей; 1 наблюдаемых участий в переводах. Depth=4: обрыв наблюдения.,4,False,real,1,0,500000.00000000,0.00000000,True
100000001674850100,terminal,0.51465425,35,0.31055943,Наблюдаемый получатель: вход 237 000 KZT от 2 отправителей; исходящий поток 0 KZT. Полный баланс неизвестен.,3,False,real,2,0,237000.00000000,0.00000000,False
100000001677389100,peripheral,0.65000000,27,0.17358395,Недостаточно признаков: 1 отправителей  1 получателей; 2 наблюдаемых участий в переводах.,3,False,real,1,1,11000.00000000,5400.00000000,False
100000001677929100,peripheral,0.35704080,2,0.39166481,Недостаточно признаков: 3 отправителей  2 получателей; 7 наблюдаемых участий в переводах.,2,False,real,3,2,126777.00000000,286098.00000000,False
100000001680944100,terminal,0.54825428,35,0.30265913,Наблюдаемый получатель: вход 393 000 KZT от 1 отправителей; исходящий поток 0 KZT. Полный баланс неизвестен.,3,False,real,1,0,393000.00000000,0.00000000,False
100000001684867100,terminal,0.46464707,4,0.21615207,Наблюдаемый получатель: вход 30 550 KZT от 1 отправителей; исходящий поток 0 KZT. Полный баланс неизвестен.,1,False,real,1,0,30550.00000000,0.00000000,False
100000001686328100,terminal,0.51956264,35,0.28050556,Наблюдаемый получатель: вход 140 000 KZT от 1 отправителей; исходящий поток 0 KZT. Полный баланс неизвестен.,3,False,real,1,0,140000.00000000,0.00000000,False
100000001688676100,terminal,0.51797889,1,0.25473361,Наблюдаемый получатель: вход 133 700 KZT от 1 отправителей; исходящий поток 0 KZT. Полный баланс неизвестен.,3,False,real,1,0,133700.00000000,0.00000000,False
100000001689968100,terminal,0.55857661,43,0.57080460,Наблюдаемый получатель: вход 344 334 KZT от 3 отправителей; исходящий поток 0 KZT. Полный баланс неизвестен.,3,False,real,3,0,344333.75000000,0.00000000,False
100000001690439100,terminal,0.42769421,5,0.21201292,Наблюдаемый получатель: вход 14 200 KZT от 1 отправителей; исходящий поток 0 KZT. Полный баланс неизвестен.,3,False,real,1,0,14200.00000000,0.00000000,False
100000001690558100,terminal,0.55930369,1,0.28945783,Наблюдаемый получатель: вход 740 000 KZT от 1 отправителей; исходящий поток 0 KZT. Полный баланс неизвестен.,3,False,real,1,0,740000.00000000,0.00000000,False
100000001696818100,terminal,0.48810865,25,0.19371846,Наблюдаемый получатель: вход 53 550 KZT от 1 отправителей; исходящий поток 0 KZT. Полный баланс неизвестен.,1,False,real,1,0,53550.00000000,0.00000000,False
100000001697501100,distributor,0.66974915,29,0.62775643,Признаки распределения: 38 получателей  1 482 606 KZT исходящих; 55 переводов.,1,False,real,3,38,123700.00000000,1482606.00000000,False
100000001703168100,transit,0.49010000,5,0.33930854,Признаки транзита: 1 отправителей → 1 получателей; 100% входящих сопоставлены с более поздними исходящими за ≤2 суток.,2,False,real,1,1,45000.00000000,90000.00000000,False
100000001714173100,terminal,0.85831399,35,0.56572569,Наблюдаемый получатель: вход 638 905 KZT от 1 отправителей; исходящий поток 0 KZT. Полный баланс неизвестен.,3,False,real,1,0,638905.00000000,0.00000000,False
100000001714413100,terminal,0.53830981,11,0.27226061,Наблюдаемый получатель: вход 250 172 KZT от 1 отправителей; исходящий поток 0 KZT. Полный баланс неизвестен.,3,False,real,1,0,250172.00000000,0.00000000,False
100000001714883100,peripheral,0.45500000,24,0.05676961,Недостаточно признаков: 1 отправителей  0 получателей; 1 наблюдаемых участий в переводах. Depth=4: обрыв наблюдения.,4,False,real,1,0,6900.00000000,0.00000000,True
100000001716579100,terminal,0.42619885,33,0.13451610,Наблюдаемый получатель: вход 13 916 KZT от 1 отправителей; исходящий поток 0 KZT. Полный баланс неизвестен.,1,False,real,1,0,13916.00000000,0.00000000,False
100000001724740100,peripheral,0.70000000,35,0.28673147,Недостаточно признаков: 1 отправителей  0 получателей; 4 наблюдаемых участий в переводах. Depth=4: обрыв наблюдения.,4,False,real,1,0,185000.00000000,0.00000000,True
100000001726614100,terminal,0.51908383,0,0.25868021,Наблюдаемый получатель: вход 138 717 KZT от 1 отправителей; исходящий поток 0 KZT. Полный баланс неизвестен.,3,False,real,1,0,138717.00000000,0.00000000,False
100000001732159100,distributor,0.52171914,35,0.59680745,Признаки распределения: 4 получателей  1 505 966 KZT исходящих; 23 переводов. Seed: вход неполон.,0,True,real,2,4,2378100.00000000,1505966.00000000,False
100000001733216100,peripheral,0.45500000,7,0.14048539,Недостаточно признаков: 1 отправителей  0 получателей; 2 наблюдаемых участий в переводах. Depth=4: обрыв наблюдения.,4,False,real,1,0,60000.00000000,0.00000000,True
100000001733687100,terminal,0.54265591,35,0.29034322,Наблюдаемый получатель: вход 300 000 KZT от 1 отправителей; исходящий поток 0 KZT. Полный баланс неизвестен.,3,False,real,1,0,300000.00000000,0.00000000,False
100000001737722100,terminal,0.49234426,25,0.25159207,Наблюдаемый получатель: вход 60 460 KZT от 1 отправителей; исходящий поток 0 KZT. Полный баланс неизвестен.,2,False,real,1,0,60460.00000000,0.00000000,False
100000001740277100,transit,0.32104023,2,0.24485930,Признаки транзита: 1 отправителей → 1 получателей; 57% входящих сопоставлены с более поздними исходящими за ≤2 суток.,3,False,real,1,1,8700.00000000,5000.00000000,False
100000001745217100,terminal,0.48394671,0,0.23224439,Наблюдаемый получатель: вход 50 000 KZT от 1 отправителей; исходящий поток 0 KZT. Полный баланс неизвестен.,3,False,real,1,0,50000.00000000,0.00000000,False
100000001746925100,terminal,0.46715950,3,0.32908754,Наблюдаемый получатель: вход 65 250 KZT от 1 отправителей; исходящий поток 5 000 KZT. Полный баланс неизвестен.,1,False,real,1,1,65250.00000000,5000.00000000,False
100000001782980100,peripheral,1.00000000,49,0.40266781,Недостаточно признаков: 1 отправителей  1 получателей; 4 наблюдаемых участий в переводах.,2,False,real,1,1,50000.00000000,596200.00000000,False
100000001784279100,terminal,0.46980346,0,0.22237017,Наблюдаемый получатель: вход 35 674 KZT от 1 отправителей; исходящий поток 0 KZT. Полный баланс неизвестен.,3,False,real,1,0,35674.00000000,0.00000000,False
100000001785161100,terminal,0.44121250,24,0.24649098,Наблюдаемый получатель: вход 30 000 KZT от 2 отправителей; исходящий поток 0 KZT. Полный баланс неизвестен.,3,False,real,2,0,30000.00000000,0.00000000,False
100000001788284100,distributor,0.56578205,14,0.56549733,Признаки распределения: 5 получателей  296 700 KZT исходящих; 8 переводов.,3,False,real,1,5,8000.00000000,296700.00000000,False
100000001805543100,terminal,0.49116565,4,0.23493790,Наблюдаемый получатель: вход 59 000 KZT от 1 отправителей; исходящий поток 0 KZT. Полный баланс неизвестен.,1,False,real,1,0,59000.00000000,0.00000000,False
100000001808684100,peripheral,1.00000000,40,0.35121904,Недостаточно признаков: 1 отправителей  1 получателей; 5 наблюдаемых участий в переводах.,3,False,real,1,1,48400.00000000,37700.00000000,False
100000001816678100,peripheral,0.45500000,5,0.11901361,Недостаточно признаков: 1 отправителей  0 получателей; 1 наблюдаемых участий в переводах. Depth=4: обрыв наблюдения.,4,False,real,1,0,60000.00000000,0.00000000,True
100000001818442100,terminal,0.47547549,39,0.21698664,Наблюдаемый получатель: вход 42 215 KZT от 1 отправителей; исходящий поток 0 KZT. Полный баланс неизвестен.,3,False,real,1,0,42215.00000000,0.00000000,False
100000001819396100,terminal,0.52519784,15,0.24404899,Наблюдаемый получатель: вход 166 080 KZT от 1 отправителей; исходящий поток 0 KZT. Полный баланс неизвестен.,3,False,real,1,0,166080.00000000,0.00000000,False
100000001822623100,terminal,0.53226946,28,0.26648182,Наблюдаемый получатель: вход 201 300 KZT от 1 отправителей; исходящий поток 0 KZT. Полный баланс неизвестен.,2,False,real,1,0,201300.00000000,0.00000000,False
100000001822650100,peripheral,0.45500000,35,0.13933645,Недостаточно признаков: 1 отправителей  0 получателей; 1 наблюдаемых участий в переводах. Depth=4: обрыв наблюдения.,4,False,real,1,0,112000.00000000,0.00000000,True
100000001825934100,peripheral,0.65000000,25,0.16939907,Недостаточно признаков: 1 отправителей  1 получателей; 2 наблюдаемых участий в переводах.,3,False,real,1,1,40000.00000000,97000.00000000,False
100000001831496100,peripheral,0.65000000,12,0.25649513,Недостаточно признаков: 1 отправителей  1 получателей; 2 наблюдаемых участий в переводах.,3,False,real,1,1,25000.00000000,373000.00000000,False
100000001835625100,terminal,0.49897390,11,0.24154782,Наблюдаемый получатель: вход 75 130 KZT от 1 отправителей; исходящий поток 0 KZT. Полный баланс неизвестен.,3,False,real,1,0,75130.00000000,0.00000000,False
100000001837130100,terminal,0.52645011,0,0.26521247,Наблюдаемый получатель: вход 172 900 KZT от 1 отправителей; исходящий поток 0 KZT. Полный баланс неизвестен.,3,False,real,1,0,172900.00000000,0.00000000,False
100000001845505100,peripheral,0.45500000,0,0.10184462,Недостаточно признаков: 1 отправителей  0 получателей; 1 наблюдаемых участий в переводах. Depth=4: обрыв наблюдения.,4,False,real,1,0,20000.00000000,0.00000000,True
100000001848426100,terminal,0.50722413,40,0.20558052,Наблюдаемый получатель: вход 95 530 KZT от 1 отправителей; исходящий поток 0 KZT. Полный баланс неизвестен.,2,False,real,1,0,95530.00000000,0.00000000,False
100000001851289100,terminal,0.78907102,4,0.46788802,Наблюдаемый получатель: вход 109 510 KZT от 1 отправителей; исходящий поток 0 KZT. Полный баланс неизвестен.,1,False,real,1,0,109510.00000000,0.00000000,False
100000001852140100,terminal,0.46287916,50,0.17863741,Наблюдаемый получатель: вход 30 000 KZT от 1 отправителей; исходящий поток 0 KZT. Полный баланс неизвестен.,3,False,real,1,0,30000.00000000,0.00000000,False
100000001853812100,terminal,0.49635888,0,0.24606620,Наблюдаемый получатель: вход 70 000 KZT от 1 отправителей; исходящий поток 0 KZT. Полный баланс неизвестен.,3,False,real,1,0,70000.00000000,0.00000000,False
100000001857829100,distributor,0.64557237,16,0.85782174,Признаки распределения: 16 получателей  2 390 993 KZT исходящих; 16 переводов.,2,False,real,6,16,888535.00000000,2390993.00000000,False
100000001860090100,terminal,0.39510581,40,0.14056798,Наблюдаемый получатель: вход 5 000 KZT от 1 отправителей; исходящий поток 0 KZT. Полный баланс неизвестен.,3,False,real,1,0,5000.00000000,0.00000000,False
100000001870116100,terminal,0.45171926,33,0.15117612,Наблюдаемый получатель: вход 24 000 KZT от 1 отправителей; исходящий поток 0 KZT. Полный баланс неизвестен.,1,False,real,1,0,24000.00000000,0.00000000,False
100000001872484100,peripheral,0.36375289,38,0.39773237,Недостаточно признаков: 1 отправителей  3 получателей; 22 наблюдаемых участий в переводах.,1,False,real,1,3,871400.00000000,514580.00000000,False
100000001875167100,terminal,0.56155040,11,0.33624334,Наблюдаемый получатель: вход 1 000 000 KZT от 1 отправителей; исходящий поток 0 KZT. Полный баланс неизвестен.,3,False,real,1,0,1000000.00000000,0.00000000,False
100000001875239100,terminal,0.57244787,35,0.54818581,Наблюдаемый получатель: вход 712 000 KZT от 3 отправителей; исходящий поток 0 KZT. Полный баланс неизвестен.,3,False,real,3,0,712000.00000000,0.00000000,False
100000001884825100,terminal,0.56697643,35,0.52961128,Наблюдаемый получатель: вход 495 000 KZT от 3 отправителей; исходящий поток 0 KZT. Полный баланс неизвестен.,3,False,real,3,0,495000.00000000,0.00000000,False
100000001887715100,consolidator,0.48796764,35,0.60979335,Признаки консолидации: 3 отправителей  1 331 500 KZT входящих  1 получателей.,3,False,real,3,1,1331500.00000000,750000.00000000,False
100000001893287100,transit,0.44284217,40,0.48820195,Признаки транзита: 1 отправителей → 1 получателей; 67% входящих сопоставлены с более поздними исходящими за ≤2 суток.,3,False,real,1,1,18000.00000000,152700.00000000,False
100000001899164100,consolidator,0.46437548,9,0.68705592,Признаки консолидации: 4 отправителей  291 675 KZT входящих  3 получателей.,1,False,real,4,3,291675.00000000,76500.00000000,False
100000001904863100,terminal,0.55399997,40,0.31857847,Наблюдаемый получатель: вход 500 000 KZT от 1 отправителей; исходящий поток 0 KZT. Полный баланс неизвестен.,2,False,real,1,0,500000.00000000,0.00000000,False
100000001924185100,terminal,0.50095298,12,0.36342535,Наблюдаемый получатель: вход 151 000 KZT от 2 отправителей; исходящий поток 0 KZT. Полный баланс неизвестен.,1,False,real,2,0,151000.00000000,0.00000000,False
100000001927599100,terminal,0.50714065,2,0.34471771,Наблюдаемый получатель: вход 188 000 KZT от 2 отправителей; исходящий поток 0 KZT. Полный баланс неизвестен.,3,False,real,2,0,188000.00000000,0.00000000,False
100000001929088100,terminal,0.52710325,6,0.30304033,Наблюдаемый получатель: вход 396 010 KZT от 2 отправителей; исходящий поток 0 KZT. Полный баланс неизвестен.,1,False,real,2,0,396010.00000000,0.00000000,False
100000001934935100,terminal,0.51532703,7,0.25548530,Наблюдаемый получатель: вход 118 935 KZT от 1 отправителей; исходящий поток 0 KZT. Полный баланс неизвестен.,3,False,real,1,0,118935.00000000,0.00000000,False
100000001937767100,distributor,0.51580904,40,0.69124273,Признаки распределения: 4 получателей  1 933 000 KZT исходящих; 6 переводов.,1,False,real,1,4,53000.00000000,1933000.00000000,False
100000001952325100,terminal,0.50022617,33,0.22534297,Наблюдаемый получатель: вход 77 888 KZT от 1 отправителей; исходящий поток 0 KZT. Полный баланс неизвестен.,1,False,real,1,0,77888.00000000,0.00000000,False
100000001953577100,terminal,0.43304575,33,0.13838496,Наблюдаемый получатель: вход 15 600 KZT от 1 отправителей; исходящий поток 0 KZT. Полный баланс неизвестен.,1,False,real,1,0,15600.00000000,0.00000000,False
100000001954534100,peripheral,0.65000000,0,0.21661408,Недостаточно признаков: 1 отправителей  1 получателей; 2 наблюдаемых участий в переводах.,3,False,real,1,1,13000.00000000,40000.00000000,False
100000001954903100,terminal,0.45941701,39,0.17430005,Наблюдаемый получатель: вход 27 118 KZT от 1 отправителей; исходящий поток 0 KZT. Полный баланс неизвестен.,2,False,real,1,0,27118.00000000,0.00000000,False
100000001957974100,peripheral,0.45500000,19,0.13522735,Недостаточно признаков: 1 отправителей  0 получателей; 1 наблюдаемых участий в переводах. Depth=4: обрыв наблюдения.,4,False,real,1,0,500000.00000000,0.00000000,True
100000001960517100,terminal,0.53149600,40,0.23345654,Наблюдаемый получатель: вход 200 000 KZT от 1 отправителей; исходящий поток 0 KZT. Полный баланс неизвестен.,1,False,real,1,0,200000.00000000,0.00000000,False
100000001961048100,terminal,0.52188302,24,0.24563438,Наблюдаемый получатель: вход 150 000 KZT от 1 отправителей; исходящий поток 0 KZT. Полный баланс неизвестен.,2,False,real,1,0,150000.00000000,0.00000000,False
100000001965374100,distributor,0.36167628,21,0.49507412,Признаки распределения: 3 получателей  3 082 100 KZT исходящих; 5 переводов.,2,False,real,2,3,1759720.00000000,3082100.00000000,False
100000001969496100,terminal,0.44858859,19,0.20366157,Наблюдаемый получатель: вход 22 740 KZT от 1 отправителей; исходящий поток 0 KZT. Полный баланс неизвестен.,3,False,real,1,0,22740.00000000,0.00000000,False
100000001985793100,terminal,0.54987486,40,0.23076478,Наблюдаемый получатель: вход 420 000 KZT от 1 отправителей; исходящий поток 0 KZT. Полный баланс неизвестен.,2,False,real,1,0,420000.00000000,0.00000000,False
100000001987030100,peripheral,1.00000000,40,0.43403058,Недостаточно признаков: 2 отправителей  1 получателей; 3 наблюдаемых участий в переводах.,1,False,real,2,1,30864.00000000,19000.00000000,False
100000001991973100,peripheral,0.45500000,24,0.07094037,Недостаточно признаков: 1 отправителей  0 получателей; 1 наблюдаемых участий в переводах. Depth=4: обрыв наблюдения.,4,False,real,1,0,20800.00000000,0.00000000,True
100000002015633100,terminal,0.50692948,11,0.24780215,Наблюдаемый получатель: вход 94 970 KZT от 1 отправителей; исходящий поток 0 KZT. Полный баланс неизвестен.,3,False,real,1,0,94970.00000000,0.00000000,False
100000002028158100,terminal,0.46847753,4,0.21973817,Наблюдаемый получатель: вход 34 800 KZT от 1 отправителей; исходящий поток 0 KZT. Полный баланс неизвестен.,2,False,real,1,0,34800.00000000,0.00000000,False
100000002032323100,peripheral,1.00000000,42,0.43815116,Недостаточно признаков: 1 отправителей  1 получателей; 3 наблюдаемых участий в переводах.,3,False,real,1,1,300000.00000000,1050000.00000000,False
100000002087788100,terminal,0.51075994,11,0.24532599,Наблюдаемый получатель: вход 100 500 KZT от 1 отправителей; исходящий поток 0 KZT. Полный баланс неизвестен.,2,False,real,1,0,100500.00000000,0.00000000,False
100000002095257100,terminal,0.40784210,9,0.22234588,Наблюдаемый получатель: вход 8 500 KZT от 1 отправителей; исходящий поток 0 KZT. Полный баланс неизвестен.,3,False,real,1,0,8500.00000000,0.00000000,False
100000002103448100,terminal,0.45897504,31,0.15693681,Наблюдаемый получатель: вход 27 000 KZT от 1 отправителей; исходящий поток 0 KZT. Полный баланс неизвестен.,3,False,real,1,0,27000.00000000,0.00000000,False
100000002109656100,terminal,0.55399997,24,0.24235341,Наблюдаемый получатель: вход 500 000 KZT от 1 отправителей; исходящий поток 0 KZT. Полный баланс неизвестен.,3,False,real,1,0,500000.00000000,0.00000000,False
100000002116705100,terminal,0.43790749,31,0.14294877,Наблюдаемый получатель: вход 17 600 KZT от 1 отправителей; исходящий поток 0 KZT. Полный баланс неизвестен.,3,False,real,1,0,17600.00000000,0.00000000,False
100000002119762100,peripheral,0.70000000,11,0.23268681,Недостаточно признаков: 1 отправителей  0 получателей; 6 наблюдаемых участий в переводах. Depth=4: обрыв наблюдения.,4,False,real,1,0,77000.00000000,0.00000000,True
100000002121357100,peripheral,1.00000000,35,0.43354561,Недостаточно признаков: 2 отправителей  1 получателей; 3 наблюдаемых участий в переводах.,3,False,real,2,1,255300.00000000,113000.00000000,False
100000002126791100,peripheral,0.70000000,35,0.30945512,Недостаточно признаков: 1 отправителей  0 получателей; 3 наблюдаемых участий в переводах. Depth=4: обрыв наблюдения.,4,False,real,1,0,1313000.00000000,0.00000000,True
100000002130400100,peripheral,0.45500000,25,0.05985349,Недостаточно признаков: 1 отправителей  0 получателей; 1 наблюдаемых участий в переводах. Depth=4: обрыв наблюдения.,4,False,real,1,0,10000.00000000,0.00000000,True
100000002132479100,peripheral,1.00000000,19,0.44027163,Недостаточно признаков: 1 отправителей  1 получателей; 3 наблюдаемых участий в переводах.,2,False,real,1,1,30000.00000000,20000.00000000,False
100000002152857100,distributor,0.48257860,40,0.68791025,Признаки распределения: 5 получателей  1 230 000 KZT исходящих; 6 переводов.,1,False,real,1,5,105000.00000000,1230000.00000000,False
100000002156381100,peripheral,1.00000000,12,0.48581092,Недостаточно признаков: 2 отправителей  1 получателей; 10 наблюдаемых участий в переводах.,2,False,real,2,1,61000.00000000,21800.00000000,False
100000002158488100,terminal,0.46589934,33,0.16090717,Наблюдаемый получатель: вход 31 723 KZT от 1 отправителей; исходящий поток 0 KZT. Полный баланс неизвестен.,1,False,real,1,0,31723.00000000,0.00000000,False
100000002170580100,terminal,0.52188302,39,0.22022607,Наблюдаемый получатель: вход 150 000 KZT от 1 отправителей; исходящий поток 0 KZT. Полный баланс неизвестен.,2,False,real,1,0,150000.00000000,0.00000000,False
100000002173070100,terminal,0.46287916,30,0.20899718,Наблюдаемый получатель: вход 30 000 KZT от 1 отправителей; исходящий поток 0 KZT. Полный баланс неизвестен.,2,False,real,1,0,30000.00000000,0.00000000,False
100000002173161100,terminal,0.57753400,35,0.64518358,Наблюдаемый получатель: вход 1 427 500 KZT от 3 отправителей; исходящий поток 0 KZT. Полный баланс неизвестен.,1,False,real,3,0,1427500.00000000,0.00000000,False
100000002175422100,distributor,0.70720187,36,0.72237089,Признаки распределения: 6 получателей  1 621 188 KZT исходящих; 14 переводов.,2,False,real,3,6,68500.00000000,1621188.00000000,False
100000002182176100,terminal,0.47562282,5,0.23172162,Наблюдаемый получатель: вход 42 465 KZT от 1 отправителей; исходящий поток 0 KZT. Полный баланс неизвестен.,1,False,real,1,0,42465.00000000,0.00000000,False
100000002184107100,terminal,0.40211850,27,0.16716182,Наблюдаемый получатель: вход 6 066 KZT от 1 отправителей; исходящий поток 0 KZT. Полный баланс неизвестен.,3,False,real,1,0,6066.00000000,0.00000000,False
100000002185328100,distributor,0.37600297,30,0.44466927,Признаки распределения: 4 получателей  55 000 KZT исходящих; 4 переводов.,3,False,real,1,4,15000.00000000,55000.00000000,False
100000002188586100,peripheral,0.45500000,39,0.10714101,Недостаточно признаков: 1 отправителей  0 получателей; 1 наблюдаемых участий в переводах. Depth=4: обрыв наблюдения.,4,False,real,1,0,38310.00000000,0.00000000,True
100000002188829100,terminal,0.54902773,3,0.32718049,Наблюдаемый получатель: вход 400 000 KZT от 1 отправителей; исходящий поток 0 KZT. Полный баланс неизвестен.,1,False,real,1,0,400000.00000000,0.00000000,False
100000002193259100,peripheral,0.33895991,9,0.51021911,Недостаточно признаков: 2 отправителей  3 получателей; 5 наблюдаемых участий в переводах.,2,False,real,2,3,48000.00000000,58000.00000000,False
100000002194320100,peripheral,0.45500000,4,0.13021821,Недостаточно признаков: 1 отправителей  0 получателей; 1 наблюдаемых участий в переводах. Depth=4: обрыв наблюдения.,4,False,real,1,0,275000.00000000,0.00000000,True
100000002194329100,terminal,0.45551289,7,0.21417966,Наблюдаемый получатель: вход 25 170 KZT от 1 отправителей; исходящий поток 0 KZT. Полный баланс неизвестен.,3,False,real,1,0,25170.00000000,0.00000000,False
100000002199091100,terminal,0.49422266,29,0.18249777,Наблюдаемый получатель: вход 65 000 KZT от 1 отправителей; исходящий поток 0 KZT. Полный баланс неизвестен.,2,False,real,1,0,65000.00000000,0.00000000,False
100000002205022100,transit,0.45835241,30,0.65152366,Признаки транзита: 1 отправителей → 3 получателей; 85% входящих сопоставлены с более поздними исходящими за ≤2 суток.,2,False,real,1,3,7100.00000000,518000.00000000,False
100000002208836100,peripheral,0.45500000,11,0.11447802,Недостаточно признаков: 1 отправителей  0 получателей; 1 наблюдаемых участий в переводах. Depth=4: обрыв наблюдения.,4,False,real,1,0,90000.00000000,0.00000000,True
100000002211413100,terminal,0.47072424,33,0.16476109,Наблюдаемый получатель: вход 37 000 KZT от 1 отправителей; исходящий поток 0 KZT. Полный баланс неизвестен.,1,False,real,1,0,37000.00000000,0.00000000,False
100000002212494100,terminal,0.52394557,36,0.26248776,Наблюдаемый получатель: вход 160 000 KZT от 1 отправителей; исходящий поток 0 KZT. Полный баланс неизвестен.,3,False,real,1,0,160000.00000000,0.00000000,False
100000002214207100,peripheral,0.45500000,25,0.09509949,Недостаточно признаков: 1 отправителей  0 получателей; 1 наблюдаемых участий в переводах. Depth=4: обрыв наблюдения.,4,False,real,1,0,97000.00000000,0.00000000,True
100000002214301100,peripheral,0.65000000,5,0.24462324,Недостаточно признаков: 1 отправителей  1 получателей; 2 наблюдаемых участий в переводах.,1,False,real,1,1,21438.00000000,8000.00000000,False
100000002214383100,peripheral,0.45500000,51,0.10102626,Недостаточно признаков: 1 отправителей  0 получателей; 1 наблюдаемых участий в переводах. Depth=4: обрыв наблюдения.,4,False,real,1,0,213000.00000000,0.00000000,True
100000002214570100,terminal,0.45831207,33,0.15529842,Наблюдаемый получатель: вход 26 471 KZT от 1 отправителей; исходящий поток 0 KZT. Полный баланс неизвестен.,1,False,real,1,0,26471.00000000,0.00000000,False
100000002214664100,peripheral,1.00000000,52,0.33092364,Недостаточно признаков: 1 отправителей  1 получателей; 3 наблюдаемых участий в переводах.,3,False,real,1,1,7950.00000000,76950.00000000,False
100000002216999100,terminal,0.45079847,31,0.15155392,Наблюдаемый получатель: вход 23 677 KZT от 1 отправителей; исходящий поток 0 KZT. Полный баланс неизвестен.,3,False,real,1,0,23677.00000000,0.00000000,False
100000002217161100,distributor,0.57767183,27,0.67789877,Признаки распределения: 7 получателей  995 132 KZT исходящих; 19 переводов.,2,False,real,2,7,404750.00000000,995132.00000000,False
100000002217806100,peripheral,0.45500000,20,0.14045069,Недостаточно признаков: 1 отправителей  0 получателей; 2 наблюдаемых участий в переводах. Depth=4: обрыв наблюдения.,4,False,real,1,0,55000.00000000,0.00000000,True
100000002224132100,distributor,0.41856533,21,0.54962942,Признаки распределения: 4 получателей  12 115 000 KZT исходящих; 25 переводов.,2,False,real,5,4,3951020.00000000,12115000.00000000,False
100000002227960100,peripheral,0.45500000,30,0.08412105,Недостаточно признаков: 1 отправителей  0 получателей; 1 наблюдаемых участий в переводах. Depth=4: обрыв наблюдения.,4,False,real,1,0,10000.00000000,0.00000000,True
100000002227989100,peripheral,0.45500000,30,0.09800977,Недостаточно признаков: 1 отправителей  0 получателей; 1 наблюдаемых участий в переводах. Depth=4: обрыв наблюдения.,4,False,real,1,0,20000.00000000,0.00000000,True
100000002229615100,peripheral,0.45500000,30,0.10569330,Недостаточно признаков: 1 отправителей  0 получателей; 1 наблюдаемых участий в переводах. Depth=4: обрыв наблюдения.,4,False,real,1,0,25000.00000000,0.00000000,True
100000002231144100,peripheral,0.45500000,30,0.09358825,Недостаточно признаков: 1 отправителей  0 получателей; 1 наблюдаемых участий в переводах. Depth=4: обрыв наблюдения.,4,False,real,1,0,15000.00000000,0.00000000,True
100000002232266100,terminal,0.47757488,0,0.23269934,Наблюдаемый получатель: вход 45 000 KZT от 1 отправителей; исходящий поток 0 KZT. Полный баланс неизвестен.,3,False,real,1,0,45000.00000000,0.00000000,False
100000002236528100,terminal,0.49470147,1,0.24025893,Наблюдаемый получатель: вход 66 000 KZT от 1 отправителей; исходящий поток 0 KZT. Полный баланс неизвестен.,3,False,real,1,0,66000.00000000,0.00000000,False
100000002241986100,distributor,0.71755268,11,0.61828698,Признаки распределения: 6 получателей  3 077 000 KZT исходящих; 12 переводов.,3,False,real,1,6,280000.00000000,3077000.00000000,False
100000002242066100,peripheral,0.45500000,27,0.11538145,Недостаточно признаков: 1 отправителей  0 получателей; 1 наблюдаемых участий в переводах. Depth=4: обрыв наблюдения.,4,False,real,1,0,60000.00000000,0.00000000,True
100000002242455100,peripheral,0.45500000,11,0.12211735,Недостаточно признаков: 1 отправителей  0 получателей; 1 наблюдаемых участий в переводах. Depth=4: обрыв наблюдения.,4,False,real,1,0,110000.00000000,0.00000000,True
100000002243354100,terminal,0.44615772,33,0.14728145,Наблюдаемый получатель: вход 20 879 KZT от 1 отправителей; исходящий поток 0 KZT. Полный баланс неизвестен.,1,False,real,1,0,20879.00000000,0.00000000,False
100000002255058100,terminal,0.55326334,30,0.28040406,Наблюдаемый получатель: вход 491 500 KZT от 1 отправителей; исходящий поток 0 KZT. Полный баланс неизвестен.,3,False,real,1,0,491500.00000000,0.00000000,False
100000002257794100,terminal,0.52313528,45,0.21445124,Наблюдаемый получатель: вход 154 000 KZT от 1 отправителей; исходящий поток 0 KZT. Полный баланс неизвестен.,3,False,real,1,0,154000.00000000,0.00000000,False
100000002258492100,peripheral,0.45500000,47,0.11269231,Недостаточно признаков: 1 отправителей  0 получателей; 1 наблюдаемых участий в переводах. Depth=4: обрыв наблюдения.,4,False,real,1,0,9000.00000000,0.00000000,True
100000002267998100,transit,0.37620950,28,0.64199085,Признаки транзита: 2 отправителей → 3 получателей; 48% входящих сопоставлены с более поздними исходящими за ≤2 суток.,2,False,real,2,3,420000.00000000,1115000.00000000,False
100000002284426100,terminal,0.50460910,11,0.28517060,Наблюдаемый получатель: вход 90 000 KZT от 1 отправителей; исходящий поток 0 KZT. Полный баланс неизвестен.,3,False,real,1,0,90000.00000000,0.00000000,False
100000002289937100,terminal,0.44339537,33,0.14550525,Наблюдаемый получатель: вход 20 000 KZT от 1 отправителей; исходящий поток 0 KZT. Полный баланс неизвестен.,1,False,real,1,0,20000.00000000,0.00000000,False
100000002293421100,transit,0.52296834,30,0.56932605,Признаки транзита: 2 отправителей → 2 получателей; 24% входящих сопоставлены с более поздними исходящими за ≤2 суток.,2,False,real,2,2,41000.00000000,47000.00000000,False
100000002299948100,terminal,0.40314978,25,0.19830118,Наблюдаемый получатель: вход 6 750 KZT от 1 отправителей; исходящий поток 0 KZT. Полный баланс неизвестен.,2,False,real,1,0,6750.00000000,0.00000000,False
100000002301828100,terminal,0.47952694,27,0.22773968,Наблюдаемый получатель: вход 46 977 KZT от 1 отправителей; исходящий поток 0 KZT. Полный баланс неизвестен.,3,False,real,1,0,46977.00000000,0.00000000,False
100000002304943100,peripheral,0.45500000,30,0.08900722,Недостаточно признаков: 1 отправителей  0 получателей; 1 наблюдаемых участий в переводах. Depth=4: обрыв наблюдения.,4,False,real,1,0,15000.00000000,0.00000000,True
100000002305007100,terminal,0.49013438,31,0.17930886,Наблюдаемый получатель: вход 56 000 KZT от 1 отправителей; исходящий поток 0 KZT. Полный баланс неизвестен.,3,False,real,1,0,56000.00000000,0.00000000,False
100000002305477100,peripheral,0.45500000,30,0.09376878,Недостаточно признаков: 1 отправителей  0 получателей; 1 наблюдаемых участий в переводах. Depth=4: обрыв наблюдения.,4,False,real,1,0,20000.00000000,0.00000000,True
100000002306369100,distributor,0.65153683,0,0.74476689,Признаки распределения: 6 получателей  260 900 KZT исходящих; 9 переводов.,1,False,real,1,6,73166.00000000,260900.00000000,False
100000002308091100,terminal,0.52851266,40,0.21555237,Наблюдаемый получатель: вход 186 720 KZT от 1 отправителей; исходящий поток 0 KZT. Полный баланс неизвестен.,3,False,real,1,0,186720.00000000,0.00000000,False
100000002320495100,peripheral,0.45500000,43,0.09595316,Недостаточно признаков: 1 отправителей  0 получателей; 1 наблюдаемых участий в переводах. Depth=4: обрыв наблюдения.,4,False,real,1,0,13526.27000000,0.00000000,True
100000002324543100,terminal,0.46442608,6,0.16973467,Наблюдаемый получатель: вход 30 202 KZT от 1 отправителей; исходящий поток 0 KZT. Полный баланс неизвестен.,1,False,real,1,0,30202.00000000,0.00000000,False
100000002335358100,terminal,0.51956264,17,0.28886883,Наблюдаемый получатель: вход 140 000 KZT от 1 отправителей; исходящий поток 0 KZT. Полный баланс неизвестен.,2,False,real,1,0,140000.00000000,0.00000000,False
100000002340562100,terminal,0.47046642,2,0.21831792,Наблюдаемый получатель: вход 36 650 KZT от 1 отправителей; исходящий поток 0 KZT. Полный баланс неизвестен.,2,False,real,1,0,36650.00000000,0.00000000,False
100000002343825100,consolidator,0.50157251,35,0.58133723,Признаки консолидации: 3 отправителей  350 000 KZT входящих  2 получателей.,3,False,real,3,2,350000.00000000,89800.00000000,False
100000002346166100,terminal,0.40139661,31,0.12549210,Наблюдаемый получатель: вход 6 000 KZT от 1 отправителей; исходящий поток 0 KZT. Полный баланс неизвестен.,3,False,real,1,0,6000.00000000,0.00000000,False
100000002356167100,terminal,0.78077191,11,0.54448942,Наблюдаемый получатель: вход 300 000 KZT от 1 отправителей; исходящий поток 29 500 KZT. Полный баланс неизвестен.,3,False,real,1,2,300000.00000000,29500.00000000,False
100000002369443100,terminal,0.48394671,31,0.17499993,Наблюдаемый получатель: вход 50 000 KZT от 1 отправителей; исходящий поток 0 KZT. Полный баланс неизвестен.,3,False,real,1,0,50000.00000000,0.00000000,False
100000002369454100,peripheral,0.45500000,0,0.10174039,Недостаточно признаков: 1 отправителей  0 получателей; 1 наблюдаемых участий в переводах. Depth=4: обрыв наблюдения.,4,False,real,1,0,25000.00000000,0.00000000,True
100000002369510100,terminal,0.47094523,31,0.16581475,Наблюдаемый получатель: вход 37 150 KZT от 1 отправителей; исходящий поток 0 KZT. Полный баланс неизвестен.,3,False,real,1,0,37150.00000000,0.00000000,False
100000002369874100,consolidator,0.51462829,35,0.59202399,Признаки консолидации: 4 отправителей  600 000 KZT входящих  0 получателей.,3,False,real,4,0,600000.00000000,0.00000000,False
100000002371751100,transit,0.78400000,37,0.53828916,Признаки транзита: 1 отправителей → 1 получателей; 85% входящих сопоставлены с более поздними исходящими за ≤2 суток.,1,False,real,1,1,200000.00000000,250000.00000000,False
100000002371892100,peripheral,0.45500000,4,0.10264269,Недостаточно признаков: 1 отправителей  0 получателей; 1 наблюдаемых участий в переводах. Depth=4: обрыв наблюдения.,4,False,real,1,0,43830.00000000,0.00000000,True
100000002373144100,peripheral,0.65000000,0,0.20956395,Недостаточно признаков: 1 отправителей  1 получателей; 2 наблюдаемых участий в переводах.,3,False,real,1,1,46468.00000000,10764.00000000,False
100000002373386100,terminal,0.45171926,31,0.15212498,Наблюдаемый получатель: вход 24 000 KZT от 1 отправителей; исходящий поток 0 KZT. Полный баланс неизвестен.,3,False,real,1,0,24000.00000000,0.00000000,False
100000002380341100,terminal,0.49065002,5,0.24320119,Наблюдаемый получатель: вход 57 566 KZT от 1 отправителей; исходящий поток 0 KZT. Полный баланс неизвестен.,3,False,real,1,0,57566.40000000,0.00000000,False
100000002391278100,transit,0.63242252,40,0.48336575,Признаки транзита: 1 отправителей → 1 получателей; 67% входящих сопоставлены с более поздними исходящими за ≤2 суток.,3,False,real,1,1,30000.00000000,52700.00000000,False
100000002394199100,peripheral,1.00000000,2,0.37259003,Недостаточно признаков: 1 отправителей  1 получателей; 4 наблюдаемых участий в переводах.,3,False,real,1,1,277398.00000000,76777.00000000,False
100000002398779100,consolidator,0.66460713,5,0.72911861,Признаки консолидации: 13 отправителей  1 095 690 KZT входящих  1 получателей.,2,False,real,13,1,1095690.00000000,66000.00000000,False
100000002404112100,peripheral,0.45500000,15,0.11398088,Недостаточно признаков: 1 отправителей  0 получателей; 1 наблюдаемых участий в переводах. Depth=4: обрыв наблюдения.,4,False,real,1,0,60000.00000000,0.00000000,True
100000002432143100,terminal,0.50125745,5,0.28531504,Наблюдаемый получатель: вход 81 310 KZT от 1 отправителей; исходящий поток 0 KZT. Полный баланс неизвестен.,2,False,real,1,0,81310.00000000,0.00000000,False
100000002433697100,peripheral,0.65000000,11,0.23541455,Недостаточно признаков: 1 отправителей  1 получателей; 2 наблюдаемых участий в переводах.,3,False,real,1,1,130000.00000000,110000.00000000,False
100000002435265100,terminal,0.79666395,7,0.47715943,Наблюдаемый получатель: вход 132 628 KZT от 1 отправителей; исходящий поток 0 KZT. Полный баланс неизвестен.,3,False,real,1,0,132628.00000000,0.00000000,False
100000002443664100,terminal,0.56959655,35,0.57177909,Наблюдаемый получатель: вход 556 880 KZT от 3 отправителей; исходящий поток 0 KZT. Полный баланс неизвестен.,2,False,real,3,0,556880.00000000,0.00000000,False
100000002445750100,peripheral,0.65000000,7,0.21436568,Недостаточно признаков: 1 отправителей  1 получателей; 2 наблюдаемых участий в переводах.,2,False,real,1,1,70000.00000000,10000.00000000,False
100000002448088100,peripheral,0.44114234,30,0.34290909,Недостаточно признаков: 3 отправителей  1 получателей; 4 наблюдаемых участий в переводах.,3,False,real,3,1,20000.00000000,25000.00000000,False
100000002454724100,terminal,0.79434074,24,0.45260021,Наблюдаемый получатель: вход 125 000 KZT от 1 отправителей; исходящий поток 0 KZT. Полный баланс неизвестен.,2,False,real,1,0,125000.00000000,0.00000000,False
100000002457464100,terminal,0.49492245,25,0.25356526,Наблюдаемый получатель: вход 66 647 KZT от 1 отправителей; исходящий поток 0 KZT. Полный баланс неизвестен.,2,False,real,1,0,66647.00000000,0.00000000,False
100000002459093100,peripheral,1.00000000,40,0.37853598,Недостаточно признаков: 1 отправителей  1 получателей; 5 наблюдаемых участий в переводах.,2,False,real,1,1,500000.00000000,55000.00000000,False
100000002459163100,terminal,0.44549476,38,0.16088931,Наблюдаемый получатель: вход 20 180 KZT от 1 отправителей; исходящий поток 0 KZT. Полный баланс неизвестен.,2,False,real,1,0,20180.00000000,0.00000000,False
100000002459164100,terminal,0.44339537,27,0.20454185,Наблюдаемый получатель: вход 20 000 KZT от 1 отправителей; исходящий поток 0 KZT. Полный баланс неизвестен.,3,False,real,1,0,20000.00000000,0.00000000,False
100000002459240100,terminal,0.52188302,11,0.25901303,Наблюдаемый получатель: вход 150 000 KZT от 1 отправителей; исходящий поток 0 KZT. Полный баланс неизвестен.,3,False,real,1,0,150000.00000000,0.00000000,False
100000002459832100,terminal,0.53925760,44,0.34889124,Наблюдаемый получатель: вход 880 606 KZT от 2 отправителей; исходящий поток 0 KZT. Полный баланс неизвестен.,3,False,real,2,0,880606.00000000,0.00000000,False
100000002462183100,terminal,0.78822106,53,0.38881863,Наблюдаемый получатель: вход 107 500 KZT от 1 отправителей; исходящий поток 0 KZT. Полный баланс неизвестен.,1,False,real,1,0,107500.00000000,0.00000000,False
100000002469065100,terminal,0.53149600,30,0.26056081,Наблюдаемый получатель: вход 200 000 KZT от 1 отправителей; исходящий поток 0 KZT. Полный баланс неизвестен.,2,False,real,1,0,200000.00000000,0.00000000,False
100000002472632100,terminal,0.79764604,14,0.54551846,Наблюдаемый получатель: вход 502 400 KZT от 2 отправителей; исходящий поток 20 000 KZT. Полный баланс неизвестен.,3,False,real,2,1,502400.00000000,20000.00000000,False
100000002474570100,peripheral,0.45500000,24,0.05655797,Недостаточно признаков: 1 отправителей  0 получателей; 1 наблюдаемых участий в переводах. Depth=4: обрыв наблюдения.,4,False,real,1,0,6750.00000000,0.00000000,True
100000002475601100,terminal,0.53558429,44,0.22507909,Наблюдаемый получатель: вход 232 301 KZT от 1 отправителей; исходящий поток 0 KZT. Полный баланс неизвестен.,3,False,real,1,0,232301.00000000,0.00000000,False
100000002478829100,peripheral,0.45500000,30,0.10505715,Недостаточно признаков: 1 отправителей  0 получателей; 1 наблюдаемых участий в переводах. Depth=4: обрыв наблюдения.,4,False,real,1,0,34000.00000000,0.00000000,True
100000002479804100,transit,0.57345652,25,0.41450531,Признаки транзита: 1 отправителей → 2 получателей; 50% входящих сопоставлены с более поздними исходящими за ≤2 суток.,1,False,real,1,2,46000.00000000,35300.00000000,False
100000002480800100,terminal,0.53461685,0,0.39412832,Наблюдаемый получатель: вход 569 251 KZT от 2 отправителей; исходящий поток 0 KZT. Полный баланс неизвестен.,1,False,real,2,0,569251.00000000,0.00000000,False
100000002481735100,terminal,0.44836760,4,0.25457096,Наблюдаемый получатель: вход 22 436 KZT от 1 отправителей; исходящий поток 0 KZT. Полный баланс неизвестен.,2,False,real,1,0,22436.00000000,0.00000000,False
100000002481974100,transit,0.35100103,16,0.57819890,Признаки транзита: 2 отправителей → 2 получателей; 38% входящих сопоставлены с более поздними исходящими за ≤2 суток.,3,False,real,2,2,89447.00000000,318000.00000000,False
100000002487222100,peripheral,0.45500000,11,0.13968114,Недостаточно признаков: 1 отправителей  0 получателей; 2 наблюдаемых участий в переводах. Depth=4: обрыв наблюдения.,4,False,real,1,0,90000.00000000,0.00000000,True
100000002488629100,terminal,0.49783213,40,0.19769180,Наблюдаемый получатель: вход 73 050 KZT от 1 отправителей; исходящий поток 0 KZT. Полный баланс неизвестен.,2,False,real,1,0,73050.00000000,0.00000000,False
100000002489253100,terminal,0.48608293,4,0.22179171,Наблюдаемый получатель: вход 51 000 KZT от 1 отправителей; исходящий поток 0 KZT. Полный баланс неизвестен.,2,False,real,1,0,51000.00000000,0.00000000,False
100000002492277100,terminal,0.51897334,5,0.25580096,Наблюдаемый получатель: вход 138 500 KZT от 1 отправителей; исходящий поток 0 KZT. Полный баланс неизвестен.,2,False,real,1,0,138500.00000000,0.00000000,False
100000002505277100,peripheral,0.45500000,7,0.11318539,Недостаточно признаков: 1 отправителей  0 получателей; 1 наблюдаемых участий в переводах. Depth=4: обрыв наблюдения.,4,False,real,1,0,60000.00000000,0.00000000,True
100000002506987100,peripheral,0.45500000,39,0.10192679,Недостаточно признаков: 1 отправителей  0 получателей; 1 наблюдаемых участий в переводах. Depth=4: обрыв наблюдения.,4,False,real,1,0,28200.00000000,0.00000000,True
100000002508637100,terminal,0.53420596,44,0.25608878,Наблюдаемый получатель: вход 306 410 KZT от 1 отправителей; исходящий поток 8 000 KZT. Полный баланс неизвестен.,3,False,real,1,1,306410.00000000,8000.00000000,False
100000002509598100,terminal,0.54339254,24,0.23176831,Наблюдаемый получатель: вход 305 550 KZT от 1 отправителей; исходящий поток 0 KZT. Полный баланс неизвестен.,3,False,real,1,0,305550.00000000,0.00000000,False
100000002511581100,terminal,0.43790749,31,0.14294877,Наблюдаемый получатель: вход 17 600 KZT от 1 отправителей; исходящий поток 0 KZT. Полный баланс неизвестен.,3,False,real,1,0,17600.00000000,0.00000000,False
100000002511825100,terminal,0.49422266,5,0.24492515,Наблюдаемый получатель: вход 65 000 KZT от 1 отправителей; исходящий поток 0 KZT. Полный баланс неизвестен.,1,False,real,1,0,65000.00000000,0.00000000,False
100000002512742100,peripheral,0.45500000,24,0.05568121,Недостаточно признаков: 1 отправителей  0 получателей; 1 наблюдаемых участий в переводах. Depth=4: обрыв наблюдения.,4,False,real,1,0,6000.00000000,0.00000000,True
100000002513028100,peripheral,0.32711897,5,0.46527680,Недостаточно признаков: 1 отправителей  3 получателей; 25 наблюдаемых участий в переводах.,3,False,real,1,3,9500.00000000,332709.00000000,False
100000002514975100,peripheral,0.45500000,15,0.09891055,Недостаточно признаков: 1 отправителей  0 получателей; 1 наблюдаемых участий в переводах. Depth=4: обрыв наблюдения.,4,False,real,1,0,17920.00000000,0.00000000,True
100000002516862100,peripheral,0.70000000,5,0.22789973,Недостаточно признаков: 1 отправителей  0 получателей; 5 наблюдаемых участий в переводах. Depth=4: обрыв наблюдения.,4,False,real,1,0,81710.00000000,0.00000000,True
100000002521039100,terminal,0.54567608,7,0.28026769,Наблюдаемый получатель: вход 349 370 KZT от 1 отправителей; исходящий поток 0 KZT. Полный баланс неизвестен.,3,False,real,1,0,349370.00000000,0.00000000,False
100000002527114100,distributor,0.67913063,33,0.56716707,Признаки распределения: 111 получателей  3 289 249 KZT исходящих; 113 переводов. Seed: вход неполон.,0,True,real,3,111,129000.00000000,3289249.00000000,False
100000002528544100,terminal,0.52976493,44,0.22039573,Наблюдаемый получатель: вход 192 912 KZT от 1 отправителей; исходящий поток 0 KZT. Полный баланс неизвестен.,3,False,real,1,0,192912.00000000,0.00000000,False
100000002528978100,peripheral,0.45500000,39,0.09201973,Недостаточно признаков: 1 отправителей  0 получателей; 1 наблюдаемых участий в переводах. Depth=4: обрыв наблюдения.,4,False,real,1,0,15900.00000000,0.00000000,True
100000002529877100,peripheral,0.45500000,35,0.14635828,Недостаточно признаков: 1 отправителей  0 получателей; 1 наблюдаемых участий в переводах. Depth=4: обрыв наблюдения.,4,False,real,1,0,232000.00000000,0.00000000,True
100000002529880100,terminal,0.49955338,35,0.30044932,Наблюдаемый получатель: вход 147 000 KZT от 2 отправителей; исходящий поток 0 KZT. Полный баланс неизвестен.,3,False,real,2,0,147000.00000000,0.00000000,False
100000002530224100,terminal,0.51422209,35,0.27455019,Наблюдаемый получатель: вход 113 000 KZT от 1 отправителей; исходящий поток 0 KZT. Полный баланс неизвестен.,3,False,real,1,0,113000.00000000,0.00000000,False
100000002531406100,peripheral,0.65000000,44,0.20597816,Недостаточно признаков: 1 отправителей  1 получателей; 2 наблюдаемых участий в переводах.,3,False,real,1,1,520000.00000000,500000.00000000,False
100000002534091100,terminal,0.44818345,0,0.20981199,Наблюдаемый получатель: вход 22 200 KZT от 1 отправителей; исходящий поток 0 KZT. Полный баланс неизвестен.,3,False,real,1,0,22200.00000000,0.00000000,False
100000002537811100,peripheral,0.65000000,5,0.25650222,Недостаточно признаков: 1 отправителей  1 получателей; 2 наблюдаемых участий в переводах.,3,False,real,1,1,52000.00000000,15000.00000000,False
100000002539625100,terminal,0.50670849,35,0.28175273,Наблюдаемый получатель: вход 94 700 KZT от 1 отправителей; исходящий поток 0 KZT. Полный баланс неизвестен.,2,False,real,1,0,94700.00000000,0.00000000,False
100000002540033100,peripheral,0.45500000,35,0.11982361,Недостаточно признаков: 1 отправителей  0 получателей; 1 наблюдаемых участий в переводах. Depth=4: обрыв наблюдения.,4,False,real,1,0,10000.00000000,0.00000000,True
100000002540623100,terminal,0.50943401,39,0.21119812,Наблюдаемый получатель: вход 100 000 KZT от 1 отправителей; исходящий поток 0 KZT. Полный баланс неизвестен.,2,False,real,1,0,100000.00000000,0.00000000,False
100000002546921100,terminal,0.44339537,19,0.20014501,Наблюдаемый получатель: вход 20 000 KZT от 1 отправителей; исходящий поток 0 KZT. Полный баланс неизвестен.,3,False,real,1,0,20000.00000000,0.00000000,False
100000002547110100,consolidator,0.67868540,35,0.69579826,Признаки консолидации: 6 отправителей  1 500 000 KZT входящих  0 получателей.,3,False,real,6,0,1500000.00000000,0.00000000,False
100000002548759100,terminal,0.52562999,35,0.32585945,Наблюдаемый получатель: вход 375 000 KZT от 2 отправителей; исходящий поток 0 KZT. Полный баланс неизвестен.,3,False,real,2,0,375000.00000000,0.00000000,False
100000002550141100,terminal,0.51083361,16,0.25182284,Наблюдаемый получатель: вход 100 586 KZT от 1 отправителей; исходящий поток 0 KZT. Полный баланс неизвестен.,3,False,real,1,0,100586.00000000,0.00000000,False
100000002554175100,terminal,0.45278737,39,0.20068716,Наблюдаемый получатель: вход 24 621 KZT от 1 отправителей; исходящий поток 0 KZT. Полный баланс неизвестен.,3,False,real,1,0,24621.00000000,0.00000000,False
100000002556775100,terminal,0.54265591,11,0.27597250,Наблюдаемый получатель: вход 300 000 KZT от 1 отправителей; исходящий поток 0 KZT. Полный баланс неизвестен.,3,False,real,1,0,300000.00000000,0.00000000,False
100000002558173100,terminal,0.40959527,25,0.20232699,Наблюдаемый получатель: вход 9 300 KZT от 1 отправителей; исходящий поток 0 KZT. Полный баланс неизвестен.,2,False,real,1,0,9300.00000000,0.00000000,False
100000002559089100,terminal,0.53712138,35,0.33988024,Наблюдаемый получатель: вход 715 000 KZT от 2 отправителей; исходящий поток 0 KZT. Полный баланс неизвестен.,3,False,real,2,0,715000.00000000,0.00000000,False
100000002565277100,terminal,0.55282137,3,0.33071884,Наблюдаемый получатель: вход 483 319 KZT от 1 отправителей; исходящий поток 0 KZT. Полный баланс неизвестен.,1,False,real,1,0,483319.00000000,0.00000000,False
100000002566204100,terminal,0.50103646,39,0.20467282,Наблюдаемый получатель: вход 80 805 KZT от 1 отправителей; исходящий поток 0 KZT. Полный баланс неизвестен.,2,False,real,1,0,80805.00000000,0.00000000,False
100000002567887100,terminal,0.48578827,11,0.23308188,Наблюдаемый получатель: вход 50 915 KZT от 1 отправителей; исходящий поток 0 KZT. Полный баланс неизвестен.,3,False,real,1,0,50915.00000000,0.00000000,False
100000002570206100,terminal,0.50367850,43,0.32096690,Наблюдаемый получатель: вход 166 960 KZT от 2 отправителей; исходящий поток 0 KZT. Полный баланс неизвестен.,2,False,real,2,0,166959.60000000,0.00000000,False
100000002575080100,peripheral,0.65000000,4,0.19006527,Недостаточно признаков: 1 отправителей  1 получателей; 2 наблюдаемых участий в переводах.,3,False,real,1,1,13000.00000000,12500.00000000,False
100000002578405100,distributor,0.58629544,31,0.65107703,Признаки распределения: 116 получателей  3 108 352 KZT исходящих; 120 переводов.,2,False,real,2,116,1200351.00000000,3108352.00000000,False
100000002578653100,terminal,0.44339537,5,0.19380104,Наблюдаемый получатель: вход 20 000 KZT от 1 отправителей; исходящий поток 0 KZT. Полный баланс неизвестен.,3,False,real,1,0,20000.00000000,0.00000000,False
100000002580377100,peripheral,1.00000000,4,0.37477038,Недостаточно признаков: 1 отправителей  1 получателей; 3 наблюдаемых участий в переводах.,1,False,real,1,1,37750.00000000,5000.00000000,False
100000002581346100,terminal,0.52527150,11,0.26206574,Наблюдаемый получатель: вход 166 400 KZT от 1 отправителей; исходящий поток 0 KZT. Полный баланс неизвестен.,3,False,real,1,0,166400.00000000,0.00000000,False
100000002589019100,terminal,0.46840387,9,0.17370494,Наблюдаемый получатель: вход 34 710 KZT от 1 отправителей; исходящий поток 0 KZT. Полный баланс неизвестен.,1,False,real,1,0,34710.00000000,0.00000000,False
100000002591469100,terminal,0.53609992,2,0.21806579,Наблюдаемый получатель: вход 235 670 KZT от 1 отправителей; исходящий поток 0 KZT. Полный баланс неизвестен.,1,False,real,1,0,235670.00000000,0.00000000,False
100000002592567100,peripheral,1.00000000,17,0.50683313,Недостаточно признаков: 1 отправителей  2 получателей; 3 наблюдаемых участий в переводах.,1,False,real,1,2,5297.00000000,48600.00000000,False
100000002593038100,terminal,0.46033780,9,0.24406012,Наблюдаемый получатель: вход 28 500 KZT от 1 отправителей; исходящий поток 0 KZT. Полный баланс неизвестен.,2,False,real,1,0,28500.00000000,0.00000000,False
100000002593344100,terminal,0.52879749,35,0.32729834,Наблюдаемый получатель: вход 431 000 KZT от 2 отправителей; исходящий поток 0 KZT. Полный баланс неизвестен.,3,False,real,2,0,431000.00000000,0.00000000,False
100000002594214100,peripheral,0.45500000,11,0.13698446,Недостаточно признаков: 1 отправителей  0 получателей; 1 наблюдаемых участий в переводах. Depth=4: обрыв наблюдения.,4,False,real,1,0,1000000.00000000,0.00000000,True
100000002596035100,terminal,0.53543696,12,0.29892702,Наблюдаемый получатель: вход 231 570 KZT от 1 отправителей; исходящий поток 0 KZT. Полный баланс неизвестен.,1,False,real,1,0,231570.00000000,0.00000000,False
100000002596039100,peripheral,0.45500000,16,0.13686145,Недостаточно признаков: 1 отправителей  0 получателей; 1 наблюдаемых участий в переводах. Depth=4: обрыв наблюдения.,4,False,real,1,0,280000.00000000,0.00000000,True
100000002597003100,peripheral,0.65000000,5,0.20053469,Недостаточно признаков: 1 отправителей  1 получателей; 2 наблюдаемых участий в переводах.,1,False,real,1,1,17700.00000000,11000.00000000,False
100000002597074100,peripheral,0.45500000,7,0.08493136,Недостаточно признаков: 1 отправителей  0 получателей; 1 наблюдаемых участий в переводах. Depth=4: обрыв наблюдения.,4,False,real,1,0,8000.00000000,0.00000000,True
100000002597623100,terminal,0.43466633,7,0.20263689,Наблюдаемый получатель: вход 16 418 KZT от 1 отправителей; исходящий поток 0 KZT. Полный баланс неизвестен.,3,False,real,1,0,16418.00000000,0.00000000,False
100000002599729100,peripheral,0.45500000,7,0.14231504,Недостаточно признаков: 1 отправителей  0 получателей; 2 наблюдаемых участий в переводах. Depth=4: обрыв наблюдения.,4,False,real,1,0,65000.00000000,0.00000000,True
100000002600345100,terminal,0.46544754,4,0.25742469,Наблюдаемый получатель: вход 52 400 KZT от 2 отправителей; исходящий поток 0 KZT. Полный баланс неизвестен.,1,False,real,2,0,52400.00000000,0.00000000,False
100000002603371100,terminal,0.40959527,5,0.19179705,Наблюдаемый получатель: вход 9 300 KZT от 1 отправителей; исходящий поток 0 KZT. Полный баланс неизвестен.,3,False,real,1,0,9300.00000000,0.00000000,False
100000002603478100,terminal,0.44995135,9,0.16118543,Наблюдаемый получатель: вход 23 500 KZT от 1 отправителей; исходящий поток 0 KZT. Полный баланс неизвестен.,1,False,real,1,0,23500.00000000,0.00000000,False
100000002603769100,terminal,0.57676337,5,0.56569752,Наблюдаемый получатель: вход 1 185 368 KZT от 3 отправителей; исходящий поток 0 KZT. Полный баланс неизвестен.,1,False,real,3,0,1185368.00000000,0.00000000,False
100000002605184100,terminal,0.51956264,4,0.24395868,Наблюдаемый получатель: вход 140 000 KZT от 1 отправителей; исходящий поток 0 KZT. Полный баланс неизвестен.,2,False,real,1,0,140000.00000000,0.00000000,False
100000002605308100,terminal,0.57938350,19,0.66372861,Наблюдаемый получатель: вход 2 569 522 KZT от 3 отправителей; исходящий поток 0 KZT. Полный баланс неизвестен.,2,False,real,3,0,2569521.84000000,0.00000000,False
100000002605548100,terminal,0.49299740,12,0.35266794,Наблюдаемый получатель: вход 116 695 KZT от 2 отправителей; исходящий поток 0 KZT. Полный баланс неизвестен.,1,False,real,2,0,116695.00000000,0.00000000,False
100000002606567100,peripheral,0.65000000,5,0.21064849,Недостаточно признаков: 1 отправителей  1 получателей; 2 наблюдаемых участий в переводах.,1,False,real,1,1,14095.00000000,53000.00000000,False
100000002609774100,peripheral,0.65000000,19,0.33102899,Недостаточно признаков: 1 отправителей  1 получателей; 2 наблюдаемых участий в переводах.,1,False,real,1,1,7700.00000000,27500.00000000,False
100000002611334100,peripheral,0.65000000,5,0.21754838,Недостаточно признаков: 1 отправителей  1 получателей; 2 наблюдаемых участий в переводах.,3,False,real,1,1,48288.00000000,15500.00000000,False
100000002612809100,peripheral,0.38694878,25,0.35185788,Недостаточно признаков: 1 отправителей  3 получателей; 6 наблюдаемых участий в переводах.,3,False,real,1,3,30000.00000000,114000.00000000,False
100000002613776100,terminal,0.46287916,13,0.25994654,Наблюдаемый получатель: вход 30 000 KZT от 1 отправителей; исходящий поток 0 KZT. Полный баланс неизвестен.,2,False,real,1,0,30000.00000000,0.00000000,False
100000002613929100,terminal,0.46044829,6,0.24481914,Наблюдаемый получатель: вход 28 560 KZT от 1 отправителей; исходящий поток 0 KZT. Полный баланс неизвестен.,3,False,real,1,0,28560.00000000,0.00000000,False
100000002614095100,terminal,0.39897310,31,0.12439682,Наблюдаемый получатель: вход 5 300 KZT от 1 отправителей; исходящий поток 0 KZT. Полный баланс неизвестен.,3,False,real,1,0,5300.00000000,0.00000000,False
100000002615479100,terminal,0.53414786,6,0.22222130,Наблюдаемый получатель: вход 220 000 KZT от 1 отправителей; исходящий поток 0 KZT. Полный баланс неизвестен.,1,False,real,1,0,220000.00000000,0.00000000,False
100000002618492100,terminal,0.52039994,12,0.36142576,Наблюдаемый получатель: вход 296 500 KZT от 2 отправителей; исходящий поток 0 KZT. Полный баланс неизвестен.,1,False,real,2,0,296500.00000000,0.00000000,False
100000002621434100,terminal,0.50114696,35,0.26449217,Наблюдаемый получатель: вход 81 000 KZT от 1 отправителей; исходящий поток 0 KZT. Полный баланс неизвестен.,3,False,real,1,0,81000.00000000,0.00000000,False
100000002621915100,terminal,0.39510581,4,0.18395945,Наблюдаемый получатель: вход 5 000 KZT от 1 отправителей; исходящий поток 0 KZT. Полный баланс неизвестен.,2,False,real,1,0,5000.00000000,0.00000000,False
100000002621949100,terminal,0.52460854,3,0.30798284,Наблюдаемый получатель: вход 164 612 KZT от 1 отправителей; исходящий поток 0 KZT. Полный баланс неизвестен.,1,False,real,1,0,164612.00000000,0.00000000,False
100000002622822100,peripheral,0.45500000,35,0.16654727,Недостаточно признаков: 1 отправителей  0 получателей; 1 наблюдаемых участий в переводах. Depth=4: обрыв наблюдения.,4,False,real,1,0,750000.00000000,0.00000000,True
100000002628146100,terminal,0.46457341,25,0.27432527,Наблюдаемый получатель: вход 30 500 KZT от 1 отправителей; исходящий поток 0 KZT. Полный баланс неизвестен.,2,False,real,1,0,30500.00000000,0.00000000,False
100000002628576100,peripheral,0.32807646,11,0.49317801,Недостаточно признаков: 2 отправителей  2 получателей; 5 наблюдаемых участий в переводах.,3,False,real,2,2,727882.00000000,539000.00000000,False
100000002632742100,terminal,0.51435960,35,0.31123229,Наблюдаемый получатель: вход 235 500 KZT от 2 отправителей; исходящий поток 0 KZT. Полный баланс неизвестен.,3,False,real,2,0,235500.00000000,0.00000000,False
100000002633108100,terminal,0.83683847,19,0.50296328,Наблюдаемый получатель: вход 320 000 KZT от 1 отправителей; исходящий поток 0 KZT. Полный баланс неизвестен.,3,False,real,1,0,320000.00000000,0.00000000,False
100000002633701100,terminal,0.53948841,6,0.21810833,Наблюдаемый получатель: вход 266 850 KZT от 1 отправителей; исходящий поток 0 KZT. Полный баланс неизвестен.,2,False,real,1,0,266850.00000000,0.00000000,False
100000002635746100,peripheral,0.45500000,24,0.05474580,Недостаточно признаков: 1 отправителей  0 получателей; 1 наблюдаемых участий в переводах. Depth=4: обрыв наблюдения.,4,False,real,1,0,5300.00000000,0.00000000,True
100000002635780100,terminal,0.52446121,2,0.28785095,Наблюдаемый получатель: вход 163 000 KZT от 1 отправителей; исходящий поток 0 KZT. Полный баланс неизвестен.,2,False,real,1,0,163000.02000000,0.00000000,False
100000002644285100,terminal,0.55399997,24,0.24235341,Наблюдаемый получатель: вход 500 000 KZT от 1 отправителей; исходящий поток 0 KZT. Полный баланс неизвестен.,3,False,real,1,0,500000.00000000,0.00000000,False
100000002645046100,peripheral,0.45500000,24,0.06223669,Недостаточно признаков: 1 отправителей  0 получателей; 1 наблюдаемых участий в переводах. Depth=4: обрыв наблюдения.,4,False,real,1,0,12000.00000000,0.00000000,True
100000002645609100,consolidator,0.51369900,7,0.66010248,Признаки консолидации: 4 отправителей  546 821 KZT входящих  0 получателей.,1,False,real,4,0,546820.68000000,0.00000000,False
100000002645993100,distributor,0.47885446,5,0.69195259,Признаки распределения: 5 получателей  86 980 KZT исходящих; 9 переводов.,3,False,real,2,5,49650.00000000,86980.00000000,False
100000002646745100,terminal,0.42279563,31,0.13431785,Наблюдаемый получатель: вход 12 300 KZT от 1 отправителей; исходящий поток 0 KZT. Полный баланс неизвестен.,3,False,real,1,0,12300.00000000,0.00000000,False
100000002646887100,terminal,0.45249272,42,0.19930756,Наблюдаемый получатель: вход 24 354 KZT от 1 отправителей; исходящий поток 0 KZT. Полный баланс неизвестен.,3,False,real,1,0,24354.00000000,0.00000000,False
100000002648315100,peripheral,1.00000000,2,0.32885267,Недостаточно признаков: 1 отправителей  2 получателей; 4 наблюдаемых участий в переводах.,1,False,real,1,2,132000.00000000,76000.00000000,False
100000002653187100,peripheral,0.45500000,9,0.11542418,Недостаточно признаков: 1 отправителей  0 получателей; 1 наблюдаемых участий в переводах. Depth=4: обрыв наблюдения.,4,False,real,1,0,15000.00000000,0.00000000,True
100000002653948100,terminal,0.50295169,11,0.24479768,Наблюдаемый получатель: вход 85 200 KZT от 1 отправителей; исходящий поток 0 KZT. Полный баланс неизвестен.,3,False,real,1,0,85200.00000000,0.00000000,False
100000002659103100,peripheral,0.45500000,48,0.12817737,Недостаточно признаков: 1 отправителей  0 получателей; 1 наблюдаемых участий в переводах. Depth=4: обрыв наблюдения.,4,False,real,1,0,165000.00000000,0.00000000,True
100000002659265100,peripheral,0.45500000,35,0.14215034,Недостаточно признаков: 1 отправителей  0 получателей; 1 наблюдаемых участий в переводах. Depth=4: обрыв наблюдения.,4,False,real,1,0,141000.00000000,0.00000000,True
100000002660298100,peripheral,0.45500000,39,0.10384148,Недостаточно признаков: 1 отправителей  0 получателей; 1 наблюдаемых участий в переводах. Depth=4: обрыв наблюдения.,4,False,real,1,0,30900.00000000,0.00000000,True
100000002662768100,terminal,0.50236239,25,0.20477430,Наблюдаемый получатель: вход 84 300 KZT от 1 отправителей; исходящий поток 0 KZT. Полный баланс неизвестен.,1,False,real,1,0,84300.00000000,0.00000000,False
100000002663511100,terminal,0.53978306,0,0.27551666,Наблюдаемый получатель: вход 268 940 KZT от 1 отправителей; исходящий поток 0 KZT. Полный баланс неизвестен.,3,False,real,1,0,268940.00000000,0.00000000,False
100000002666248100,terminal,0.49698501,3,0.28598236,Наблюдаемый получатель: вход 70 032 KZT от 1 отправителей; исходящий поток 0 KZT. Полный баланс неизвестен.,1,False,real,1,0,70032.00000000,0.00000000,False
100000002670463100,peripheral,0.45500000,24,0.07845144,Недостаточно признаков: 1 отправителей  0 получателей; 1 наблюдаемых участий в переводах. Depth=4: обрыв наблюдения.,4,False,real,1,0,31500.00000000,0.00000000,True
100000002670860100,terminal,0.52964461,24,0.30141268,Наблюдаемый получатель: вход 450 000 KZT от 2 отправителей; исходящий поток 0 KZT. Полный баланс неизвестен.,1,False,real,2,0,450000.00000000,0.00000000,False
100000002670960100,terminal,0.55274770,24,0.24115919,Наблюдаемый получатель: вход 480 310 KZT от 1 отправителей; исходящий поток 0 KZT. Полный баланс неизвестен.,3,False,real,1,0,480310.00000000,0.00000000,False
100000002671326100,peripheral,0.45500000,42,0.16950612,Недостаточно признаков: 1 отправителей  0 получателей; 2 наблюдаемых участий в переводах. Depth=4: обрыв наблюдения.,4,False,real,1,0,1050000.00000000,0.00000000,True
100000002671806100,terminal,0.42310502,9,0.14521177,Наблюдаемый получатель: вход 12 440 KZT от 1 отправителей; исходящий поток 0 KZT. Полный баланс неизвестен.,1,False,real,1,0,12440.00000000,0.00000000,False
100000002677201100,peripheral,0.65000000,35,0.25552423,Недостаточно признаков: 1 отправителей  1 получателей; 2 наблюдаемых участий в переводах.,3,False,real,1,1,150000.00000000,87750.00000000,False
100000002679516100,terminal,0.52274252,9,0.55169904,Наблюдаемый получатель: вход 102 335 KZT от 3 отправителей; исходящий поток 0 KZT. Полный баланс неизвестен.,1,False,real,3,0,102335.00000000,0.00000000,False
100000002680477100,terminal,0.45422379,40,0.16003106,Наблюдаемый получатель: вход 25 000 KZT от 1 отправителей; исходящий поток 0 KZT. Полный баланс неизвестен.,2,False,real,1,0,25000.00000000,0.00000000,False
100000002681449100,peripheral,1.00000000,35,0.47245584,Недостаточно признаков: 2 отправителей  2 получателей; 4 наблюдаемых участий в переводах.,1,False,real,2,2,94638.00000000,133000.00000000,False
100000002681544100,terminal,0.50345751,1,0.32471041,Наблюдаемый получатель: вход 166 072 KZT от 2 отправителей; исходящий поток 0 KZT. Полный баланс неизвестен.,3,False,real,2,0,166072.00000000,0.00000000,False
100000002686226100,peripheral,0.45500000,43,0.16433616,Недостаточно признаков: 1 отправителей  0 получателей; 2 наблюдаемых участий в переводах. Depth=4: обрыв наблюдения.,4,False,real,1,0,430000.00000000,0.00000000,True
100000002689717100,peripheral,0.45500000,39,0.11101171,Недостаточно признаков: 1 отправителей  0 получателей; 1 наблюдаемых участий в переводах. Depth=4: обрыв наблюдения.,4,False,real,1,0,47500.00000000,0.00000000,True
100000002691583100,terminal,0.54140364,15,0.25576026,Наблюдаемый получатель: вход 285 200 KZT от 1 отправителей; исходящий поток 0 KZT. Полный баланс неизвестен.,3,False,real,1,0,285200.00000000,0.00000000,False
100000002691858100,terminal,0.48652490,25,0.25026948,Наблюдаемый получатель: вход 51 500 KZT от 1 отправителей; исходящий поток 0 KZT. Полный баланс неизвестен.,2,False,real,1,0,51500.00000000,0.00000000,False
100000002692044100,terminal,0.50755561,9,0.20295397,Наблюдаемый получатель: вход 97 000 KZT от 1 отправителей; исходящий поток 0 KZT. Полный баланс неизвестен.,1,False,real,1,0,97000.00000000,0.00000000,False
100000002692750100,consolidator,0.36930591,40,0.56433504,Признаки консолидации: 3 отправителей  112 830 KZT входящих  1 получателей.,2,False,real,3,1,112830.00000000,77000.00000000,False
100000002695812100,peripheral,0.45500000,39,0.12229664,Недостаточно признаков: 1 отправителей  0 получателей; 1 наблюдаемых участий в переводах. Depth=4: обрыв наблюдения.,4,False,real,1,0,95000.00000000,0.00000000,True
100000002696152100,transit,0.48150299,12,0.59979788,Признаки транзита: 1 отправителей → 2 получателей; 59% входящих сопоставлены с более поздними исходящими за ≤2 суток.,3,False,real,1,2,21800.00000000,69000.00000000,False
100000002697752100,terminal,0.50765629,0,0.29620743,Наблюдаемый получатель: вход 190 785 KZT от 2 отправителей; исходящий поток 0 KZT. Полный баланс неизвестен.,3,False,real,2,0,190785.00000000,0.00000000,False
100000002700161100,peripheral,0.45500000,3,0.14097295,Недостаточно признаков: 1 отправителей  0 получателей; 1 наблюдаемых участий в переводах. Depth=4: обрыв наблюдения.,4,False,real,1,0,39000.00000000,0.00000000,True
100000002702968100,peripheral,0.45500000,39,0.10428323,Недостаточно признаков: 1 отправителей  0 получателей; 1 наблюдаемых участий в переводах. Depth=4: обрыв наблюдения.,4,False,real,1,0,31600.00000000,0.00000000,True
100000002703376100,terminal,0.47915863,27,0.22437161,Наблюдаемый получатель: вход 46 501 KZT от 1 отправителей; исходящий поток 0 KZT. Полный баланс неизвестен.,2,False,real,1,0,46501.00000000,0.00000000,False
100000002704875100,terminal,0.55002267,0,0.58890778,Наблюдаемый получатель: вход 244 891 KZT от 3 отправителей; исходящий поток 0 KZT. Полный баланс неизвестен.,1,False,real,3,0,244891.00000000,0.00000000,False
100000002705460100,terminal,0.50707681,4,0.25636688,Наблюдаемый получатель: вход 95 000 KZT от 1 отправителей; исходящий поток 0 KZT. Полный баланс неизвестен.,3,False,real,1,0,95000.00000000,0.00000000,False
100000002706810100,peripheral,0.45500000,24,0.08370384,Недостаточно признаков: 1 отправителей  0 получателей; 1 наблюдаемых участий в переводах. Depth=4: обрыв наблюдения.,4,False,real,1,0,45000.00000000,0.00000000,True
100000002707106100,peripheral,0.45500000,19,0.11158477,Недостаточно признаков: 1 отправителей  0 получателей; 2 наблюдаемых участий в переводах. Depth=4: обрыв наблюдения.,4,False,real,1,0,15000.00000000,0.00000000,True
100000002708624100,terminal,0.45422379,14,0.21241054,Наблюдаемый получатель: вход 25 000 KZT от 1 отправителей; исходящий поток 0 KZT. Полный баланс неизвестен.,3,False,real,1,0,25000.00000000,0.00000000,False
100000002710570100,terminal,0.53462667,36,0.25735960,Наблюдаемый получатель: вход 225 015 KZT от 1 отправителей; исходящий поток 0 KZT. Полный баланс неизвестен.,2,False,real,1,0,225015.00000000,0.00000000,False
100000002712416100,terminal,0.49314473,35,0.30283252,Наблюдаемый получатель: вход 116 800 KZT от 2 отправителей; исходящий поток 0 KZT. Полный баланс неизвестен.,3,False,real,2,0,116800.00000000,0.00000000,False
100000002713074100,peripheral,1.00000000,43,0.49994788,Недостаточно признаков: 2 отправителей  1 получателей; 4 наблюдаемых участий в переводах.,3,False,real,2,1,700000.00000000,430000.00000000,False
100000002713974100,peripheral,0.45500000,16,0.10772397,Недостаточно признаков: 1 отправителей  0 получателей; 1 наблюдаемых участий в переводах. Depth=4: обрыв наблюдения.,4,False,real,1,0,50000.00000000,0.00000000,True
100000002718366100,consolidator,0.67959202,35,0.72425334,Признаки консолидации: 6 отправителей  2 525 000 KZT входящих  0 получателей.,2,False,real,6,0,2525000.00000000,0.00000000,False
100000002720627100,terminal,0.53072254,12,0.29522004,Наблюдаемый получатель: вход 199 300 KZT от 1 отправителей; исходящий поток 0 KZT. Полный баланс неизвестен.,1,False,real,1,0,199300.00000000,0.00000000,False
100000002721825100,terminal,0.41965023,5,0.19261788,Наблюдаемый получатель: вход 11 000 KZT от 1 отправителей; исходящий поток 0 KZT. Полный баланс неизвестен.,2,False,real,1,0,11000.00000000,0.00000000,False
100000002722108100,terminal,0.56011398,24,0.28836584,Наблюдаемый получатель: вход 800 000 KZT от 1 отправителей; исходящий поток 0 KZT. Полный баланс неизвестен.,3,False,real,1,0,800000.00000000,0.00000000,False
100000002723439100,peripheral,0.45500000,12,0.14722897,Недостаточно признаков: 1 отправителей  0 получателей; 2 наблюдаемых участий в переводах. Depth=4: обрыв наблюдения.,4,False,real,1,0,18000.00000000,0.00000000,True
100000002723538100,distributor,0.63340442,0,0.86389179,Признаки распределения: 12 получателей  560 499 KZT исходящих; 14 переводов.,2,False,real,3,12,105647.00000000,560499.00000000,False
100000002723674100,peripheral,0.45500000,30,0.10092133,Недостаточно признаков: 1 отправителей  0 получателей; 1 наблюдаемых участий в переводах. Depth=4: обрыв наблюдения.,4,False,real,1,0,30000.00000000,0.00000000,True
100000002726055100,peripheral,0.45500000,30,0.08909407,Недостаточно признаков: 1 отправителей  0 получателей; 1 наблюдаемых участий в переводах. Depth=4: обрыв наблюдения.,4,False,real,1,0,10000.00000000,0.00000000,True
100000002727288100,terminal,0.43404020,47,0.19423649,Наблюдаемый получатель: вход 16 000 KZT от 1 отправителей; исходящий поток 0 KZT. Полный баланс неизвестен.,3,False,real,1,0,16000.00000000,0.00000000,False
100000002728246100,peripheral,0.45500000,11,0.09379789,Недостаточно признаков: 1 отправителей  0 получателей; 1 наблюдаемых участий в переводах. Depth=4: обрыв наблюдения.,4,False,real,1,0,10000.00000000,0.00000000,True
100000002729875100,peripheral,0.45500000,39,0.11842428,Недостаточно признаков: 1 отправителей  0 получателей; 1 наблюдаемых участий в переводах. Depth=4: обрыв наблюдения.,4,False,real,1,0,76000.00000000,0.00000000,True
100000002731501100,distributor,0.58052116,45,0.61477746,Признаки распределения: 7 получателей  833 960 KZT исходящих; 20 переводов.,1,False,real,3,7,570370.00000000,833960.00000000,False
100000002733083100,peripheral,0.45500000,39,0.09122009,Недостаточно признаков: 1 отправителей  0 получателей; 1 наблюдаемых участий в переводах. Depth=4: обрыв наблюдения.,4,False,real,1,0,15200.00000000,0.00000000,True
100000002733905100,transit,0.30250894,29,0.49614771,Признаки транзита: 3 отправителей → 2 получателей; 40% входящих сопоставлены с более поздними исходящими за ≤2 суток.,2,False,real,3,2,100000.00000000,717839.00000000,False
100000002734815100,peripheral,0.45500000,35,0.13891766,Недостаточно признаков: 1 отправителей  0 получателей; 1 наблюдаемых участий в переводах. Depth=4: обрыв наблюдения.,4,False,real,1,0,110000.00000000,0.00000000,True
100000002736033100,peripheral,0.65000000,27,0.19830832,Недостаточно признаков: 1 отправителей  1 получателей; 2 наблюдаемых участий в переводах.,3,False,real,1,1,34530.00000000,11000.00000000,False
100000002736316100,terminal,0.55241160,5,0.56400756,Наблюдаемый получатель: вход 266 921 KZT от 3 отправителей; исходящий поток 0 KZT. Полный баланс неизвестен.,3,False,real,3,0,266921.00000000,0.00000000,False
100000002737980100,terminal,0.46670963,4,0.21915479,Наблюдаемый получатель: вход 32 900 KZT от 1 отправителей; исходящий поток 0 KZT. Полный баланс неизвестен.,3,False,real,1,0,32900.00000000,0.00000000,False
100000002738256100,transit,0.55996571,54,0.35265007,Признаки транзита: 1 отправителей → 1 получателей; 100% входящих сопоставлены с более поздними исходящими за ≤2 суток.,2,False,real,1,1,150200.00000000,175000.00000000,False
100000002741024100,distributor,0.51951165,5,0.66042699,Признаки распределения: 6 получателей  434 989 KZT исходящих; 7 переводов.,2,False,real,5,6,817980.85000000,434989.00000000,False
100000002742067100,terminal,0.42372378,4,0.19074649,Наблюдаемый получатель: вход 12 730 KZT от 1 отправителей; исходящий поток 0 KZT. Полный баланс неизвестен.,2,False,real,1,0,12730.00000000,0.00000000,False
100000002744581100,terminal,0.42135184,2,0.14647396,Наблюдаемый получатель: вход 12 000 KZT от 1 отправителей; исходящий поток 0 KZT. Полный баланс неизвестен.,2,False,real,1,0,12000.00000000,0.00000000,False
100000002748040100,peripheral,0.45500000,39,0.09416786,Недостаточно признаков: 1 отправителей  0 получателей; 1 наблюдаемых участий в переводах. Depth=4: обрыв наблюдения.,4,False,real,1,0,18000.00000000,0.00000000,True
100000002748180100,distributor,0.76033299,40,0.48531102,Признаки распределения: 8 получателей  679 743 KZT исходящих; 9 переводов.,1,False,real,1,8,9900.00000000,679743.00000000,False
100000002748511100,peripheral,0.45500000,4,0.10499890,Недостаточно признаков: 1 отправителей  0 получателей; 1 наблюдаемых участий в переводах. Depth=4: обрыв наблюдения.,4,False,real,1,0,20000.00000000,0.00000000,True
100000002748532100,peripheral,0.30576247,35,0.55622859,Недостаточно признаков: 3 отправителей  2 получателей; 10 наблюдаемых участий в переводах.,2,False,real,3,2,355575.00000000,646685.00000000,False
100000002748581100,terminal,0.47495985,19,0.22209493,Наблюдаемый получатель: вход 41 180 KZT от 1 отправителей; исходящий поток 0 KZT. Полный баланс неизвестен.,3,False,real,1,0,41180.00000000,0.00000000,False
100000002748761100,terminal,0.86160048,24,0.46449932,Наблюдаемый получатель: вход 796 800 KZT от 1 отправителей; исходящий поток 0 KZT. Полный баланс неизвестен.,3,False,real,1,0,796800.00000000,0.00000000,False
100000002750332100,terminal,0.42032057,6,0.14482774,Наблюдаемый получатель: вход 11 360 KZT от 1 отправителей; исходящий поток 0 KZT. Полный баланс неизвестен.,1,False,real,1,0,11360.00000000,0.00000000,False
100000002750956100,terminal,0.48063188,5,0.23537749,Наблюдаемый получатель: вход 47 416 KZT от 1 отправителей; исходящий поток 0 KZT. Полный баланс неизвестен.,1,False,real,1,0,47416.00000000,0.00000000,False
100000002752565100,peripheral,0.45500000,0,0.11020869,Недостаточно признаков: 1 отправителей  0 получателей; 1 наблюдаемых участий в переводах. Depth=4: обрыв наблюдения.,4,False,real,1,0,57000.00000000,0.00000000,True
100000002753146100,terminal,0.86182714,24,0.46481325,Наблюдаемый получатель: вход 803 540 KZT от 1 отправителей; исходящий поток 0 KZT. Полный баланс неизвестен.,3,False,real,1,0,803540.00000000,0.00000000,False
100000002755292100,terminal,0.53256411,11,0.26739421,Наблюдаемый получатель: вход 203 400 KZT от 1 отправителей; исходящий поток 0 KZT. Полный баланс неизвестен.,3,False,real,1,0,203400.00000000,0.00000000,False
100000002757240100,terminal,0.48637758,5,0.27452670,Наблюдаемый получатель: вход 51 183 KZT от 1 отправителей; исходящий поток 0 KZT. Полный баланс неизвестен.,2,False,real,1,0,51183.00000000,0.00000000,False
100000002757791100,terminal,0.49783213,40,0.19230108,Наблюдаемый получатель: вход 73 050 KZT от 1 отправителей; исходящий поток 0 KZT. Полный баланс неизвестен.,3,False,real,1,0,73050.00000000,0.00000000,False
100000002757797100,terminal,0.50943401,9,0.20408590,Наблюдаемый получатель: вход 100 000 KZT от 1 отправителей; исходящий поток 0 KZT. Полный баланс неизвестен.,1,False,real,1,0,100000.00000000,0.00000000,False
100000002760175100,terminal,0.52865999,12,0.29358983,Наблюдаемый получатель: вход 187 410 KZT от 1 отправителей; исходящий поток 0 KZT. Полный баланс неизвестен.,1,False,real,1,0,187410.00000000,0.00000000,False
100000002762076100,peripheral,1.00000000,2,0.35653867,Недостаточно признаков: 2 отправителей  1 получателей; 3 наблюдаемых участий в переводах.,1,False,real,2,1,140350.00000000,30000.00000000,False
100000002769809100,terminal,0.51436942,1,0.24054474,Наблюдаемый получатель: вход 113 422 KZT от 1 отправителей; исходящий поток 0 KZT. Полный баланс неизвестен.,3,False,real,1,0,113422.00000000,0.00000000,False
100000002773323100,peripheral,1.00000000,35,0.48064283,Недостаточно признаков: 2 отправителей  1 получателей; 4 наблюдаемых участий в переводах.,3,False,real,2,1,285000.00000000,1171644.00000000,False
100000002774456100,terminal,0.48556729,12,0.25962772,Наблюдаемый получатель: вход 50 363 KZT от 1 отправителей; исходящий поток 0 KZT. Полный баланс неизвестен.,1,False,real,1,0,50363.00000000,0.00000000,False
100000002778085100,terminal,0.49484879,4,0.23784475,Наблюдаемый получатель: вход 66 208 KZT от 1 отправителей; исходящий поток 0 KZT. Полный баланс неизвестен.,1,False,real,1,0,66208.00000000,0.00000000,False
100000002779485100,terminal,0.50527207,16,0.27942742,Наблюдаемый получатель: вход 91 000 KZT от 1 отправителей; исходящий поток 0 KZT. Полный баланс неизвестен.,2,False,real,1,0,91000.00000000,0.00000000,False
100000002781227100,peripheral,0.38904048,35,0.41927999,Недостаточно признаков: 2 отправителей  3 получателей; 18 наблюдаемых участий в переводах.,1,False,real,2,3,191167.62000000,212420.00000000,False
100000002784085100,terminal,0.53149600,6,0.22016706,Наблюдаемый получатель: вход 200 000 KZT от 1 отправителей; исходящий поток 0 KZT. Полный баланс неизвестен.,1,False,real,1,0,200000.00000000,0.00000000,False
100000002791494100,peripheral,0.45500000,39,0.12038392,Недостаточно признаков: 1 отправителей  0 получателей; 1 наблюдаемых участий в переводах. Depth=4: обрыв наблюдения.,4,False,real,1,0,85860.00000000,0.00000000,True
100000002793851100,terminal,0.42001118,4,0.19059159,Наблюдаемый получатель: вход 11 052 KZT от 1 отправителей; исходящий поток 0 KZT. Полный баланс неизвестен.,1,False,real,1,0,11052.00000000,0.00000000,False
100000002793881100,terminal,0.57360381,35,0.55298906,Наблюдаемый получатель: вход 785 600 KZT от 3 отправителей; исходящий поток 0 KZT. Полный баланс неизвестен.,3,False,real,3,0,785600.00000000,0.00000000,False
100000002794197100,terminal,0.46435242,2,0.16566475,Наблюдаемый получатель: вход 30 100 KZT от 1 отправителей; исходящий поток 0 KZT. Полный баланс неизвестен.,1,False,real,1,0,30100.00000000,0.00000000,False
100000002794374100,peripheral,0.45500000,35,0.14383179,Недостаточно признаков: 1 отправителей  0 получателей; 1 наблюдаемых участий в переводах. Depth=4: обрыв наблюдения.,4,False,real,1,0,111000.00000000,0.00000000,True
100000002796853100,peripheral,1.00000000,35,0.39702955,Недостаточно признаков: 1 отправителей  1 получателей; 13 наблюдаемых участий в переводах.,2,False,real,1,1,199000.00000000,46167.62000000,False
100000002799941100,terminal,0.55720430,1,0.28702968,Наблюдаемый получатель: вход 600 000 KZT от 1 отправителей; исходящий поток 0 KZT. Полный баланс неизвестен.,3,False,real,1,0,600000.00000000,0.00000000,False
100000002807334100,terminal,0.48888211,11,0.23519816,Наблюдаемый получатель: вход 54 715 KZT от 1 отправителей; исходящий поток 0 KZT. Полный баланс неизвестен.,3,False,real,1,0,54715.00000000,0.00000000,False
100000002809568100,terminal,0.41444228,5,0.19371852,Наблюдаемый получатель: вход 10 000 KZT от 1 отправителей; исходящий поток 0 KZT. Полный баланс неизвестен.,1,False,real,1,0,10000.00000000,0.00000000,False
100000002809896100,terminal,0.47168186,39,0.21414370,Наблюдаемый получатель: вход 38 000 KZT от 1 отправителей; исходящий поток 0 KZT. Полный баланс неизвестен.,3,False,real,1,0,38000.00000000,0.00000000,False
100000002810870100,terminal,0.46715160,33,0.16214735,Наблюдаемый получатель: вход 33 677 KZT от 1 отправителей; исходящий поток 0 KZT. Полный баланс неизвестен.,1,False,real,1,0,33677.00000000,0.00000000,False
100000002812641100,transit,0.41980253,39,0.35108950,Признаки транзита: 1 отправителей → 1 получателей; 70% входящих сопоставлены с более поздними исходящими за ≤2 суток.,2,False,real,1,1,10000.00000000,7023.95000000,False
100000002815005100,terminal,0.55245305,35,0.30027582,Наблюдаемый получатель: вход 476 500 KZT от 1 отправителей; исходящий поток 0 KZT. Полный баланс неизвестен.,3,False,real,1,0,476500.00000000,0.00000000,False
100000002818726100,terminal,0.41928929,13,0.19232014,Наблюдаемый получатель: вход 10 879 KZT от 1 отправителей; исходящий поток 0 KZT. Полный баланс неизвестен.,3,False,real,1,0,10879.00000000,0.00000000,False
100000002820010100,terminal,0.46287916,40,0.17226434,Наблюдаемый получатель: вход 30 000 KZT от 1 отправителей; исходящий поток 0 KZT. Полный баланс неизвестен.,2,False,real,1,0,30000.00000000,0.00000000,False
100000002821425100,terminal,0.54018821,24,0.22886750,Наблюдаемый получатель: вход 275 000 KZT от 1 отправителей; исходящий поток 0 KZT. Полный баланс неизвестен.,3,False,real,1,0,275000.00000000,0.00000000,False
100000002822472100,terminal,0.51767442,24,0.34828649,Наблюдаемый получатель: вход 266 722 KZT от 2 отправителей; исходящий поток 0 KZT. Полный баланс неизвестен.,3,False,real,2,0,266722.00000000,0.00000000,False
100000002824176100,terminal,0.52077807,40,0.22518270,Наблюдаемый получатель: вход 144 000 KZT от 1 отправителей; исходящий поток 0 KZT. Полный баланс неизвестен.,1,False,real,1,0,144000.00000000,0.00000000,False
100000002826669100,terminal,0.80561680,0,0.48962395,Наблюдаемый получатель: вход 159 900 KZT от 1 отправителей; исходящий поток 0 KZT. Полный баланс неизвестен.,2,False,real,1,0,159900.00000000,0.00000000,False
100000002830055100,terminal,0.42676605,33,0.13481105,Наблюдаемый получатель: вход 14 000 KZT от 1 отправителей; исходящий поток 0 KZT. Полный баланс неизвестен.,1,False,real,1,0,14000.00000000,0.00000000,False
100000002831727100,transit,0.61272727,1,0.52243465,Признаки транзита: 1 отправителей → 1 получателей; 100% входящих сопоставлены с более поздними исходящими за ≤2 суток.,2,False,real,1,1,6000.00000000,77000.00000000,False
100000002832753100,peripheral,0.45500000,4,0.09760737,Недостаточно признаков: 1 отправителей  0 получателей; 1 наблюдаемых участий в переводах. Depth=4: обрыв наблюдения.,4,False,real,1,0,12500.00000000,0.00000000,True
100000002835874100,peripheral,0.45500000,35,0.12948170,Недостаточно признаков: 1 отправителей  0 получателей; 1 наблюдаемых участий в переводах. Depth=4: обрыв наблюдения.,4,False,real,1,0,58700.00000000,0.00000000,True
100000002836052100,terminal,0.43042709,16,0.23089692,Наблюдаемый получатель: вход 15 000 KZT от 1 отправителей; исходящий поток 0 KZT. Полный баланс неизвестен.,2,False,real,1,0,15000.00000000,0.00000000,False
100000002836736100,terminal,0.53277528,40,0.31253615,Наблюдаемый получатель: вход 509 000 KZT от 2 отправителей; исходящий поток 0 KZT. Полный баланс неизвестен.,1,False,real,2,0,509000.00000000,0.00000000,False
100000002838519100,terminal,0.47937962,19,0.22541026,Наблюдаемый получатель: вход 46 900 KZT от 1 отправителей; исходящий поток 0 KZT. Полный баланс неизвестен.,3,False,real,1,0,46900.00000000,0.00000000,False
100000002838861100,consolidator,0.56081700,39,0.71760709,Признаки консолидации: 5 отправителей  554 524 KZT входящих  1 получателей.,1,False,real,5,1,554523.95000000,10000.00000000,False
100000002842321100,terminal,0.52394557,11,0.26096693,Наблюдаемый получатель: вход 160 000 KZT от 1 отправителей; исходящий поток 0 KZT. Полный баланс неизвестен.,3,False,real,1,0,160000.00000000,0.00000000,False
100000002842337100,terminal,0.48394671,2,0.18268780,Наблюдаемый получатель: вход 50 000 KZT от 1 отправителей; исходящий поток 0 KZT. Полный баланс неизвестен.,2,False,real,1,0,50000.00000000,0.00000000,False
100000002844652100,terminal,0.49256525,2,0.18458969,Наблюдаемый получатель: вход 61 360 KZT от 1 отправителей; исходящий поток 0 KZT. Полный баланс неизвестен.,1,False,real,1,0,61360.00000000,0.00000000,False
100000002844897100,terminal,0.41908303,6,0.14424071,Наблюдаемый получатель: вход 10 800 KZT от 1 отправителей; исходящий поток 0 KZT. Полный баланс неизвестен.,1,False,real,1,0,10800.00000000,0.00000000,False
100000002845605100,terminal,0.49072368,5,0.24215197,Наблюдаемый получатель: вход 57 567 KZT от 1 отправителей; исходящий поток 0 KZT. Полный баланс неизвестен.,1,False,real,1,0,57567.00000000,0.00000000,False
100000002847207100,terminal,0.47879031,3,0.27311247,Наблюдаемый получатель: вход 46 243 KZT от 1 отправителей; исходящий поток 0 KZT. Полный баланс неизвестен.,1,False,real,1,0,46243.00000000,0.00000000,False
100000002849158100,consolidator,0.35806890,35,0.58778156,Признаки консолидации: 3 отправителей  723 000 KZT входящих  1 получателей.,3,False,real,3,1,723000.00000000,1313000.00000000,False
100000002852402100,terminal,0.48932409,4,0.22238668,Наблюдаемый получатель: вход 55 000 KZT от 1 отправителей; исходящий поток 0 KZT. Полный баланс неизвестен.,2,False,real,1,0,55000.00000000,0.00000000,False
100000002858835100,terminal,0.45256638,33,0.15168289,Наблюдаемый получатель: вход 24 400 KZT от 1 отправителей; исходящий поток 0 KZT. Полный баланс неизвестен.,1,False,real,1,0,24400.00000000,0.00000000,False
100000002860934100,peripheral,0.70000000,17,0.26114912,Недостаточно признаков: 1 отправителей  0 получателей; 4 наблюдаемых участий в переводах. Depth=4: обрыв наблюдения.,4,False,real,1,0,279500.00000000,0.00000000,True
100000002861485100,terminal,0.46118492,4,0.21394446,Наблюдаемый получатель: вход 29 323 KZT от 1 отправителей; исходящий поток 0 KZT. Полный баланс неизвестен.,1,False,real,1,0,29323.00000000,0.00000000,False
100000002862113100,terminal,0.48055822,19,0.26521056,Наблюдаемый получатель: вход 47 405 KZT от 1 отправителей; исходящий поток 0 KZT. Полный баланс неизвестен.,3,False,real,1,0,47405.00000000,0.00000000,False
100000002863356100,peripheral,0.65000000,29,0.14698311,Недостаточно признаков: 1 отправителей  1 получателей; 2 наблюдаемых участий в переводах.,2,False,real,1,1,45000.00000000,20000.00000000,False
100000002864256100,terminal,0.51834720,3,0.30268242,Наблюдаемый получатель: вход 135 780 KZT от 1 отправителей; исходящий поток 0 KZT. Полный баланс неизвестен.,1,False,real,1,0,135780.00000000,0.00000000,False
100000002864680100,terminal,0.48998705,9,0.18881599,Наблюдаемый получатель: вход 55 932 KZT от 1 отправителей; исходящий поток 0 KZT. Полный баланс неизвестен.,1,False,real,1,0,55932.00000000,0.00000000,False
100000002870463100,terminal,0.54261654,40,0.59700796,Наблюдаемый получатель: вход 207 000 KZT от 3 отправителей; исходящий поток 10 000 KZT. Полный баланс неизвестен.,2,False,real,3,1,207000.00000000,10000.00000000,False
100000002870937100,terminal,0.50221506,2,0.19151860,Наблюдаемый получатель: вход 83 700 KZT от 1 отправителей; исходящий поток 0 KZT. Полный баланс неизвестен.,1,False,real,1,0,83700.00000000,0.00000000,False
100000002871199100,terminal,0.44932522,19,0.20435163,Наблюдаемый получатель: вход 23 186 KZT от 1 отправителей; исходящий поток 0 KZT. Полный баланс неизвестен.,3,False,real,1,0,23186.00000000,0.00000000,False
100000002872399100,terminal,0.86477365,2,0.46004697,Наблюдаемый получатель: вход 1 090 000 KZT от 1 отправителей; исходящий поток 0 KZT. Полный баланс неизвестен.,3,False,real,1,0,1090000.00000000,0.00000000,False
100000002876914100,peripheral,0.45500000,24,0.06223669,Недостаточно признаков: 1 отправителей  0 получателей; 1 наблюдаемых участий в переводах. Depth=4: обрыв наблюдения.,4,False,real,1,0,12000.00000000,0.00000000,True
100000002877262100,terminal,0.50943401,35,0.26385731,Наблюдаемый получатель: вход 100 000 KZT от 1 отправителей; исходящий поток 0 KZT. Полный баланс неизвестен.,3,False,real,1,0,100000.00000000,0.00000000,False
100000002878467100,terminal,0.50982934,35,0.30826086,Наблюдаемый получатель: вход 200 000 KZT от 2 отправителей; исходящий поток 0 KZT. Полный баланс неизвестен.,3,False,real,2,0,200000.00000000,0.00000000,False
100000002878483100,peripheral,0.45500000,24,0.05568121,Недостаточно признаков: 1 отправителей  0 получателей; 1 наблюдаемых участий в переводах. Depth=4: обрыв наблюдения.,4,False,real,1,0,6000.00000000,0.00000000,True
100000002881669100,terminal,0.44000688,9,0.15467135,Наблюдаемый получатель: вход 18 600 KZT от 1 отправителей; исходящий поток 0 KZT. Полный баланс неизвестен.,1,False,real,1,0,18600.00000000,0.00000000,False
100000002883402100,terminal,0.55564823,35,0.59500584,Наблюдаемый получатель: вход 300 000 KZT от 3 отправителей; исходящий поток 0 KZT. Полный баланс неизвестен.,3,False,real,3,0,300000.00000000,0.00000000,False
100000002884708100,peripheral,0.45500000,35,0.18902136,Недостаточно признаков: 1 отправителей  0 получателей; 2 наблюдаемых участий в переводах. Depth=4: обрыв наблюдения.,4,False,real,1,0,1171644.00000000,0.00000000,True
100000002886166100,terminal,0.81281309,34,0.39825677,Наблюдаемый получатель: вход 185 000 KZT от 1 отправителей; исходящий поток 0 KZT. Полный баланс неизвестен.,3,False,real,1,0,185000.00000000,0.00000000,False
100000002890167100,terminal,0.51495872,4,0.25329114,Наблюдаемый получатель: вход 118 150 KZT от 1 отправителей; исходящий поток 0 KZT. Полный баланс неизвестен.,1,False,real,1,0,118150.00000000,0.00000000,False
100000002891765100,terminal,0.48983972,19,0.23264572,Наблюдаемый получатель: вход 55 576 KZT от 1 отправителей; исходящий поток 0 KZT. Полный баланс неизвестен.,3,False,real,1,0,55576.00000000,0.00000000,False
100000002893020100,terminal,0.43989639,39,0.19206779,Наблюдаемый получатель: вход 18 340 KZT от 1 отправителей; исходящий поток 0 KZT. Полный баланс неизвестен.,3,False,real,1,0,18340.00000000,0.00000000,False
100000002894076100,consolidator,0.51791478,2,0.72763083,Признаки консолидации: 4 отправителей  1 122 782 KZT входящих  0 получателей.,1,False,real,4,0,1122782.00000000,0.00000000,False
100000002896506100,peripheral,0.45500000,44,0.10435002,Недостаточно признаков: 1 отправителей  0 получателей; 1 наблюдаемых участий в переводах. Depth=4: обрыв наблюдения.,4,False,real,1,0,45000.00000000,0.00000000,True
100000002901457100,distributor,0.32640257,0,0.54375587,Признаки распределения: 3 получателей  119 000 KZT исходящих; 3 переводов.,3,False,real,1,3,340000.00000000,119000.00000000,False
100000002904919100,terminal,0.45967631,0,0.26766604,Наблюдаемый получатель: вход 60 325 KZT от 1 отправителей; исходящий поток 5 500 KZT. Полный баланс неизвестен.,3,False,real,1,1,60325.00000000,5500.00000000,False
100000002906470100,terminal,0.51731593,1,0.25427080,Наблюдаемый получатель: вход 130 000 KZT от 1 отправителей; исходящий поток 0 KZT. Полный баланс неизвестен.,3,False,real,1,0,130000.00000000,0.00000000,False
100000002908521100,terminal,0.47683825,31,0.17034621,Наблюдаемый получатель: вход 44 500 KZT от 1 отправителей; исходящий поток 0 KZT. Полный баланс неизвестен.,3,False,real,1,0,44500.00000000,0.00000000,False
100000002911170100,terminal,0.54265591,24,0.30131566,Наблюдаемый получатель: вход 300 000 KZT от 1 отправителей; исходящий поток 0 KZT. Полный баланс неизвестен.,2,False,real,1,0,300000.00000000,0.00000000,False
100000002913340100,terminal,0.45039333,31,0.15121849,Наблюдаемый получатель: вход 23 600 KZT от 1 отправителей; исходящий поток 0 KZT. Полный баланс неизвестен.,3,False,real,1,0,23600.00000000,0.00000000,False
100000002914245100,terminal,0.51996778,44,0.21230772,Наблюдаемый получатель: вход 140 611 KZT от 1 отправителей; исходящий поток 0 KZT. Полный баланс неизвестен.,3,False,real,1,0,140611.00000000,0.00000000,False
100000002916006100,peripheral,0.58500000,47,0.08506083,Недостаточно признаков: 0 отправителей  1 получателей; 1 наблюдаемых участий в переводах. Seed: вход неполон.,0,True,real,0,1,0.00000000,32000.00000000,False
100000002921047100,peripheral,1.00000000,2,0.49101080,Недостаточно признаков: 2 отправителей  1 получателей; 3 наблюдаемых участий в переводах.,1,False,real,2,1,338000.00000000,163000.02000000,False
100000002922000100,peripheral,0.45500000,48,0.13999225,Недостаточно признаков: 1 отправителей  0 получателей; 1 наблюдаемых участий в переводах. Depth=4: обрыв наблюдения.,4,False,real,1,0,448000.00000000,0.00000000,True
100000002926970100,terminal,0.50273070,39,0.23688424,Наблюдаемый получатель: вход 85 000 KZT от 1 отправителей; исходящий поток 0 KZT. Полный баланс неизвестен.,3,False,real,1,0,85000.00000000,0.00000000,False
100000002933386100,peripheral,0.65000000,5,0.21032240,Недостаточно признаков: 1 отправителей  1 получателей; 2 наблюдаемых участий в переводах.,3,False,real,1,1,15000.00000000,58000.00000000,False
100000002934441100,terminal,0.47075125,5,0.26869527,Наблюдаемый получатель: вход 60 846 KZT от 2 отправителей; исходящий поток 0 KZT. Полный баланс неизвестен.,1,False,real,2,0,60845.60000000,0.00000000,False
100000002936322100,terminal,0.53822632,44,0.35032772,Наблюдаемый получатель: вход 787 133 KZT от 2 отправителей; исходящий поток 0 KZT. Полный баланс неизвестен.,3,False,real,2,0,787133.00000000,0.00000000,False
100000002938501100,peripheral,0.65000000,4,0.17029761,Недостаточно признаков: 1 отправителей  1 получателей; 2 наблюдаемых участий в переводах.,1,False,real,1,1,8395.00000000,5000.00000000,False
100000002939838100,terminal,0.57005893,30,0.60856107,Наблюдаемый получатель: вход 571 233 KZT от 3 отправителей; исходящий поток 0 KZT. Полный баланс неизвестен.,1,False,real,3,0,571233.00000000,0.00000000,False
100000002941114100,peripheral,1.00000000,12,0.51032120,Недостаточно признаков: 2 отправителей  1 получателей; 16 наблюдаемых участий в переводах.,1,False,real,2,1,128510.00000000,15000.00000000,False
100000002943472100,terminal,0.52604496,35,0.27701538,Наблюдаемый получатель: вход 170 000 KZT от 1 отправителей; исходящий поток 0 KZT. Полный баланс неизвестен.,3,False,real,1,0,170000.00000000,0.00000000,False
100000002945031100,terminal,0.43042709,13,0.19829913,Наблюдаемый получатель: вход 15 000 KZT от 1 отправителей; исходящий поток 0 KZT. Полный баланс неизвестен.,3,False,real,1,0,15000.00000000,0.00000000,False
100000002945626100,terminal,0.57029012,35,0.54538576,Наблюдаемый получатель: вход 584 000 KZT от 3 отправителей; исходящий поток 0 KZT. Полный баланс неизвестен.,3,False,real,3,0,584000.00000000,0.00000000,False
100000002947299100,terminal,0.50273070,5,0.28675372,Наблюдаемый получатель: вход 85 000 KZT от 1 отправителей; исходящий поток 0 KZT. Полный баланс неизвестен.,2,False,real,1,0,85000.00000000,0.00000000,False
100000002948492100,terminal,0.45057749,19,0.20506024,Наблюдаемый получатель: вход 23 660 KZT от 1 отправителей; исходящий поток 0 KZT. Полный баланс неизвестен.,3,False,real,1,0,23660.00000000,0.00000000,False
100000002951898100,terminal,0.47289730,19,0.22085632,Наблюдаемый получатель: вход 39 990 KZT от 1 отправителей; исходящий поток 0 KZT. Полный баланс неизвестен.,3,False,real,1,0,39990.00000000,0.00000000,False
100000002952631100,terminal,0.48085287,4,0.22814286,Наблюдаемый получатель: вход 48 050 KZT от 1 отправителей; исходящий поток 0 KZT. Полный баланс неизвестен.,1,False,real,1,0,48050.00000000,0.00000000,False
100000002952756100,terminal,0.47971110,40,0.18702764,Наблюдаемый получатель: вход 47 000 KZT от 1 отправителей; исходящий поток 0 KZT. Полный баланс неизвестен.,3,False,real,1,0,47000.00000000,0.00000000,False
100000002954780100,terminal,0.51790523,35,0.27762223,Наблюдаемый получатель: вход 133 400 KZT от 1 отправителей; исходящий поток 0 KZT. Полный баланс неизвестен.,3,False,real,1,0,133400.00000000,0.00000000,False
100000002956769100,terminal,0.57445150,35,0.55299792,Наблюдаемый получатель: вход 840 000 KZT от 3 отправителей; исходящий поток 0 KZT. Полный баланс неизвестен.,3,False,real,3,0,840000.00000000,0.00000000,False
100000002956779100,terminal,0.54950654,30,0.23789378,Наблюдаемый получатель: вход 411 000 KZT от 1 отправителей; исходящий поток 0 KZT. Полный баланс неизвестен.,3,False,real,1,0,411000.00000000,0.00000000,False
100000002956898100,terminal,0.52010529,4,0.29759668,Наблюдаемый получатель: вход 290 240 KZT от 2 отправителей; исходящий поток 0 KZT. Полный баланс неизвестен.,2,False,real,2,0,290240.00000000,0.00000000,False
100000002957306100,terminal,0.52717691,12,0.38516261,Наблюдаемый получатель: вход 398 490 KZT от 2 отправителей; исходящий поток 0 KZT. Полный баланс неизвестен.,1,False,real,2,0,398490.00000000,0.00000000,False
100000002957787100,distributor,0.65616445,5,0.88335095,Признаки распределения: 34 получателей  1 276 154 KZT исходящих; 41 переводов.,2,False,real,4,34,84956.00000000,1276153.96000000,False
100000002958139100,terminal,0.53293243,35,0.32135833,Наблюдаемый получатель: вход 209 500 KZT от 1 отправителей; исходящий поток 0 KZT. Полный баланс неизвестен.,3,False,real,1,0,209500.00000000,0.00000000,False
100000002958286100,terminal,0.53867812,6,0.22605677,Наблюдаемый получатель: вход 257 000 KZT от 1 отправителей; исходящий поток 0 KZT. Полный баланс неизвестен.,1,False,real,1,0,257000.00000000,0.00000000,False
100000002958343100,peripheral,1.00000000,2,0.41221996,Недостаточно признаков: 1 отправителей  2 получателей; 21 наблюдаемых участий в переводах.,2,False,real,1,2,2900000.00000000,1390000.00000000,False
100000002958345100,terminal,0.54368719,24,0.23188832,Наблюдаемый получатель: вход 307 000 KZT от 1 отправителей; исходящий поток 0 KZT. Полный баланс неизвестен.,3,False,real,1,0,307000.00000000,0.00000000,False
100000002963189100,distributor,0.67061070,19,0.74485517,Признаки распределения: 7 получателей  5 219 000 KZT исходящих; 15 переводов.,3,False,real,1,7,490000.00000000,5219000.00000000,False
100000002964966100,terminal,0.53149600,25,0.27999084,Наблюдаемый получатель: вход 200 000 KZT от 1 отправителей; исходящий поток 0 KZT. Полный баланс неизвестен.,2,False,real,1,0,200000.00000000,0.00000000,False
100000002968096100,peripheral,0.45500000,16,0.11089598,Недостаточно признаков: 1 отправителей  0 получателей; 1 наблюдаемых участий в переводах. Depth=4: обрыв наблюдения.,4,False,real,1,0,70000.00000000,0.00000000,True
100000002969048100,terminal,0.51260151,40,0.20907579,Наблюдаемый получатель: вход 108 470 KZT от 1 отправителей; исходящий поток 0 KZT. Полный баланс неизвестен.,2,False,real,1,0,108470.00000000,0.00000000,False
100000002970466100,transit,0.67921613,7,0.58415845,Признаки транзита: 1 отправителей → 2 получателей; 100% входящих сопоставлены с более поздними исходящими за ≤2 суток.,3,False,real,1,2,23317.00000000,93000.00000000,False
100000002971593100,peripheral,0.45500000,11,0.11191443,Недостаточно признаков: 1 отправителей  0 получателей; 1 наблюдаемых участий в переводах. Depth=4: обрыв наблюдения.,4,False,real,1,0,49050.00000000,0.00000000,True
100000002973903100,terminal,0.51719402,9,0.55621587,Наблюдаемый получатель: вход 92 880 KZT от 3 отправителей; исходящий поток 0 KZT. Полный баланс неизвестен.,1,False,real,3,0,92880.00000000,0.00000000,False
100000002974256100,terminal,0.40516077,9,0.14806372,Наблюдаемый получатель: вход 7 200 KZT от 1 отправителей; исходящий поток 0 KZT. Полный баланс неизвестен.,2,False,real,1,0,7200.00000000,0.00000000,False
100000002975287100,terminal,0.43042709,43,0.19906430,Наблюдаемый получатель: вход 15 000 KZT от 1 отправителей; исходящий поток 0 KZT. Полный баланс неизвестен.,3,False,real,1,0,15000.00000000,0.00000000,False
100000002975437100,terminal,0.84547012,36,0.56059303,Наблюдаемый получатель: вход 530 000 KZT от 1 отправителей; исходящий поток 8 500 KZT. Полный баланс неизвестен.,3,False,real,1,1,530000.00000000,8500.00000000,False
100000002981489100,peripheral,0.45500000,11,0.07832627,Недостаточно признаков: 1 отправителей  0 получателей; 1 наблюдаемых участий в переводах. Depth=4: обрыв наблюдения.,4,False,real,1,0,10000.00000000,0.00000000,True
100000002981527100,terminal,0.52556615,6,0.21599188,Наблюдаемый получатель: вход 168 000 KZT от 1 отправителей; исходящий поток 0 KZT. Полный баланс неизвестен.,1,False,real,1,0,168000.00000000,0.00000000,False
100000002982252100,terminal,0.44578941,33,0.14700641,Наблюдаемый получатель: вход 20 320 KZT от 1 отправителей; исходящий поток 0 KZT. Полный баланс неизвестен.,1,False,real,1,0,20320.00000000,0.00000000,False
100000002983426100,terminal,0.50390931,39,0.23805790,Наблюдаемый получатель: вход 88 945 KZT от 1 отправителей; исходящий поток 0 KZT. Полный баланс неизвестен.,3,False,real,1,0,88945.00000000,0.00000000,False
100000002983879100,terminal,0.51045547,5,0.36934099,Наблюдаемый получатель: вход 200 050 KZT от 2 отправителей; исходящий поток 0 KZT. Полный баланс неизвестен.,2,False,real,2,0,200050.00000000,0.00000000,False
100000002984403100,peripheral,0.65000000,14,0.20058055,Недостаточно признаков: 1 отправителей  1 получателей; 2 наблюдаемых участий в переводах.,3,False,real,1,1,20000.00000000,25000.00000000,False
100000002986245100,peripheral,0.45500000,24,0.05531854,Недостаточно признаков: 1 отправителей  0 получателей; 1 наблюдаемых участий в переводах. Depth=4: обрыв наблюдения.,4,False,real,1,0,5750.00000000,0.00000000,True
100000002988894100,peripheral,0.36255521,3,0.49586598,Недостаточно признаков: 1 отправителей  3 получателей; 4 наблюдаемых участий в переводах.,1,False,real,1,3,306121.00000000,77500.00000000,False
100000002989353100,peripheral,1.00000000,24,0.37924219,Недостаточно признаков: 1 отправителей  2 получателей; 4 наблюдаемых участий в переводах.,3,False,real,1,2,500000.00000000,321160.00000000,False
100000002990675100,terminal,0.48630391,11,0.23339209,Наблюдаемый получатель: вход 51 143 KZT от 1 отправителей; исходящий поток 0 KZT. Полный баланс неизвестен.,3,False,real,1,0,51143.00000000,0.00000000,False
100000002991079100,terminal,0.72802570,4,0.52332372,Наблюдаемый получатель: вход 148 900 KZT от 2 отправителей; исходящий поток 11 000 KZT. Полный баланс неизвестен.,1,False,real,2,1,148900.00000000,11000.00000000,False
100000002992171100,terminal,0.42815828,33,0.13563071,Наблюдаемый получатель: вход 14 627 KZT от 1 отправителей; исходящий поток 0 KZT. Полный баланс неизвестен.,1,False,real,1,0,14627.00000000,0.00000000,False
100000002994441100,peripheral,0.45500000,0,0.09092023,Недостаточно признаков: 1 отправителей  0 получателей; 1 наблюдаемых участий в переводах. Depth=4: обрыв наблюдения.,4,False,real,1,0,5000.00000000,0.00000000,True
100000002999140100,peripheral,0.45500000,9,0.11483104,Недостаточно признаков: 1 отправителей  0 получателей; 2 наблюдаемых участий в переводах. Depth=4: обрыв наблюдения.,4,False,real,1,0,10000.00000000,0.00000000,True
100000003001138100,peripheral,0.45500000,17,0.10318554,Недостаточно признаков: 1 отправителей  0 получателей; 1 наблюдаемых участий в переводах. Depth=4: обрыв наблюдения.,4,False,real,1,0,30000.00000000,0.00000000,True
100000003001564100,peripheral,0.65000000,4,0.22341572,Недостаточно признаков: 1 отправителей  1 получателей; 2 наблюдаемых участий в переводах.,1,False,real,1,1,23520.00000000,180000.00000000,False
100000003001661100,distributor,0.57053779,17,0.58959246,Признаки распределения: 5 получателей  439 500 KZT исходящих; 8 переводов.,3,False,real,1,5,110000.00000000,439500.00000000,False
100000003003821100,terminal,0.47348660,3,0.25988363,Наблюдаемый получатель: вход 40 000 KZT от 1 отправителей; исходящий поток 0 KZT. Полный баланс неизвестен.,2,False,real,1,0,40000.00000000,0.00000000,False
100000003004487100,coordinator,0.37341761,36,0.67725405,Кандидат в координаторы: 6 связей  7 связанных seed; 50% связей между кластерами.,1,False,real,4,2,183702.80000000,265015.00000000,False
100000003005167100,peripheral,0.45500000,24,0.05698197,Недостаточно признаков: 1 отправителей  0 получателей; 1 наблюдаемых участий в переводах. Depth=4: обрыв наблюдения.,4,False,real,1,0,7000.00000000,0.00000000,True
100000003006633100,terminal,0.41444228,27,0.17409206,Наблюдаемый получатель: вход 10 000 KZT от 1 отправителей; исходящий поток 0 KZT. Полный баланс неизвестен.,3,False,real,1,0,10000.00000000,0.00000000,False
100000003009900100,terminal,0.43370872,39,0.18797504,Наблюдаемый получатель: вход 15 998 KZT от 1 отправителей; исходящий поток 0 KZT. Полный баланс неизвестен.,3,False,real,1,0,15998.00000000,0.00000000,False
100000003010908100,peripheral,0.45500000,39,0.10229609,Недостаточно признаков: 1 отправителей  0 получателей; 1 наблюдаемых участий в переводах. Depth=4: обрыв наблюдения.,4,False,real,1,0,17000.00000000,0.00000000,True
100000003014659100,terminal,0.54074068,12,0.30291983,Наблюдаемый получатель: вход 280 000 KZT от 1 отправителей; исходящий поток 0 KZT. Полный баланс неизвестен.,1,False,real,1,0,280000.00000000,0.00000000,False
100000003016438100,peripheral,1.00000000,35,0.47697522,Недостаточно признаков: 1 отправителей  1 получателей; 4 наблюдаемых участий в переводах.,3,False,real,1,1,200000.00000000,300000.00000000,False
100000003016635100,distributor,0.61156992,4,0.77765971,Признаки распределения: 73 получателей  9 414 081 KZT исходящих; 151 переводов. Seed: вход неполон.,0,True,real,8,73,586981.00000000,9414081.00000000,False
100000003016773100,terminal,0.47930595,35,0.26243016,Наблюдаемый получатель: вход 46 555 KZT от 1 отправителей; исходящий поток 0 KZT. Полный баланс неизвестен.,2,False,real,1,0,46555.00000000,0.00000000,False
100000003022835100,terminal,0.51632148,3,0.30107019,Наблюдаемый получатель: вход 125 000 KZT от 1 отправителей; исходящий поток 0 KZT. Полный баланс неизвестен.,1,False,real,1,0,125000.00000000,0.00000000,False
100000003024542100,terminal,0.40784210,3,0.22116360,Наблюдаемый получатель: вход 8 500 KZT от 1 отправителей; исходящий поток 0 KZT. Полный баланс неизвестен.,2,False,real,1,0,8500.00000000,0.00000000,False
100000003025903100,peripheral,0.70000000,44,0.25809628,Недостаточно признаков: 1 отправителей  0 получателей; 6 наблюдаемых участий в переводах. Depth=4: обрыв наблюдения.,4,False,real,1,0,386300.00000000,0.00000000,True
100000003031003100,terminal,0.55387579,35,0.55642838,Наблюдаемый получатель: вход 280 090 KZT от 3 отправителей; исходящий поток 0 KZT. Полный баланс неизвестен.,3,False,real,3,0,280090.00000000,0.00000000,False
100000003031633100,terminal,0.54961704,35,0.33633289,Наблюдаемый получатель: вход 414 000 KZT от 1 отправителей; исходящий поток 0 KZT. Полный баланс неизвестен.,3,False,real,1,0,414000.00000000,0.00000000,False
100000003031761100,terminal,0.55208474,44,0.24009940,Наблюдаемый получатель: вход 460 408 KZT от 1 отправителей; исходящий поток 0 KZT. Полный баланс неизвестен.,3,False,real,1,0,460408.00000000,0.00000000,False
100000003031890100,terminal,0.82080266,45,0.40901634,Наблюдаемый получатель: вход 215 000 KZT от 1 отправителей; исходящий поток 0 KZT. Полный баланс неизвестен.,2,False,real,1,0,215000.00000000,0.00000000,False
100000003034546100,terminal,0.55304235,6,0.26976980,Наблюдаемый получатель: вход 486 715 KZT от 1 отправителей; исходящий поток 0 KZT. Полный баланс неизвестен.,2,False,real,1,0,486715.00000000,0.00000000,False
100000003035737100,terminal,0.82427208,16,0.60314907,Наблюдаемый получатель: вход 809 170 KZT от 2 отправителей; исходящий поток 6 545 KZT. Полный баланс неизвестен.,3,False,real,2,1,809170.00000000,6544.53000000,False
100000003036198100,terminal,0.43042709,5,0.19351097,Наблюдаемый получатель: вход 15 000 KZT от 1 отправителей; исходящий поток 0 KZT. Полный баланс неизвестен.,2,False,real,1,0,15000.00000000,0.00000000,False
100000003037476100,consolidator,0.48416899,35,0.37863763,Признаки консолидации: 3 отправителей  555 000 KZT входящих  0 получателей. Depth=4: обрыв наблюдения.,4,False,real,3,0,555000.00000000,0.00000000,True
100000003037660100,terminal,0.48759301,3,0.27883163,Наблюдаемый получатель: вход 53 000 KZT от 1 отправителей; исходящий поток 0 KZT. Полный баланс неизвестен.,1,False,real,1,0,53000.00000000,0.00000000,False
100000003039473100,terminal,0.44899374,4,0.19709327,Наблюдаемый получатель: вход 23 000 KZT от 1 отправителей; исходящий поток 0 KZT. Полный баланс неизвестен.,2,False,real,1,0,23000.00000000,0.00000000,False
100000003040087100,peripheral,0.45500000,39,0.10242521,Недостаточно признаков: 1 отправителей  0 получателей; 1 наблюдаемых участий в переводах. Depth=4: обрыв наблюдения.,4,False,real,1,0,29000.00000000,0.00000000,True
100000003042994100,terminal,0.83315533,4,0.50337514,Наблюдаемый получатель: вход 286 086 KZT от 1 отправителей; исходящий поток 0 KZT. Полный баланс неизвестен.,1,False,real,1,0,286086.00000000,0.00000000,False
100000003044431100,terminal,0.47005146,13,0.30218062,Наблюдаемый получатель: вход 60 000 KZT от 2 отправителей; исходящий поток 0 KZT. Полный баланс неизвестен.,2,False,real,2,0,60000.00000000,0.00000000,False
100000003044518100,terminal,0.46796189,2,0.16823773,Наблюдаемый получатель: вход 34 423 KZT от 1 отправителей; исходящий поток 0 KZT. Полный баланс неизвестен.,1,False,real,1,0,34423.00000000,0.00000000,False
100000003047800100,peripheral,0.45500000,24,0.06448150,Недостаточно признаков: 1 отправителей  0 получателей; 1 наблюдаемых участий в переводах. Depth=4: обрыв наблюдения.,4,False,real,1,0,12212.00000000,0.00000000,True
100000003050771100,terminal,0.53492132,13,0.27358142,Наблюдаемый получатель: вход 229 000 KZT от 1 отправителей; исходящий поток 0 KZT. Полный баланс неизвестен.,3,False,real,1,0,229000.00000000,0.00000000,False
100000003054328100,peripheral,1.00000000,40,0.31265361,Недостаточно признаков: 1 отправителей  2 получателей; 3 наблюдаемых участий в переводах.,2,False,real,1,2,140000.00000000,193720.00000000,False
100000003057225100,terminal,0.53617359,4,0.27006873,Наблюдаемый получатель: вход 236 000 KZT от 1 отправителей; исходящий поток 0 KZT. Полный баланс неизвестен.,1,False,real,1,0,236000.00000000,0.00000000,False
100000003060187100,terminal,0.50604553,1,0.24583808,Наблюдаемый получатель: вход 93 046 KZT от 1 отправителей; исходящий поток 0 KZT. Полный баланс неизвестен.,3,False,real,1,0,93046.00000000,0.00000000,False
100000003060517100,terminal,0.54376085,43,0.28087919,Наблюдаемый получатель: вход 315 955 KZT от 1 отправителей; исходящий поток 0 KZT. Полный баланс неизвестен.,3,False,real,1,0,315955.00000000,0.00000000,False
100000003061115100,peripheral,0.45500000,0,0.11102794,Недостаточно признаков: 1 отправителей  0 получателей; 1 наблюдаемых участий в переводах. Depth=4: обрыв наблюдения.,4,False,real,1,0,45000.00000000,0.00000000,True
100000003062895100,terminal,0.52268348,35,0.36967836,Наблюдаемый получатель: вход 328 444 KZT от 2 отправителей; исходящий поток 0 KZT. Полный баланс неизвестен.,2,False,real,2,0,328444.00000000,0.00000000,False
100000003066385100,terminal,0.41778018,5,0.23456079,Наблюдаемый получатель: вход 20 000 KZT от 2 отправителей; исходящий поток 0 KZT. Полный баланс неизвестен.,1,False,real,2,0,20000.00000000,0.00000000,False
100000003068941100,consolidator,0.42295138,40,0.57786265,Признаки консолидации: 3 отправителей  94 000 KZT входящих  1 получателей.,2,False,real,3,1,94000.00000000,25000.00000000,False
100000003069463100,peripheral,0.65000000,15,0.16978126,Недостаточно признаков: 1 отправителей  1 получателей; 2 наблюдаемых участий в переводах.,3,False,real,1,1,11500.00000000,17920.00000000,False
100000003071649100,terminal,0.52902830,35,0.28645038,Наблюдаемый получатель: вход 189 500 KZT от 1 отправителей; исходящий поток 0 KZT. Полный баланс неизвестен.,3,False,real,1,0,189500.00000000,0.00000000,False
100000003071930100,terminal,0.58105428,6,0.64326793,Наблюдаемый получатель: вход 477 610 KZT от 3 отправителей; исходящий поток 5 000 KZT. Полный баланс неизвестен.,1,False,real,3,1,477610.00000000,5000.00000000,False
100000003072205100,peripheral,0.45500000,35,0.16264306,Недостаточно признаков: 2 отправителей  0 получателей; 2 наблюдаемых участий в переводах. Depth=4: обрыв наблюдения.,4,False,real,2,0,163000.00000000,0.00000000,True
100000003072676100,terminal,0.46567835,43,0.22214593,Наблюдаемый получатель: вход 31 545 KZT от 1 отправителей; исходящий поток 0 KZT. Полный баланс неизвестен.,3,False,real,1,0,31545.00000000,0.00000000,False
100000003073398100,terminal,0.50597186,40,0.20449573,Наблюдаемый получатель: вход 92 960 KZT от 1 отправителей; исходящий поток 0 KZT. Полный баланс неизвестен.,2,False,real,1,0,92960.00000000,0.00000000,False
100000003073635100,terminal,0.51709494,0,0.26210303,Наблюдаемый получатель: вход 129 231 KZT от 1 отправителей; исходящий поток 0 KZT. Полный баланс неизвестен.,3,False,real,1,0,129231.00000000,0.00000000,False
100000003074515100,peripheral,0.45500000,35,0.13849560,Недостаточно признаков: 1 отправителей  0 получателей; 1 наблюдаемых участий в переводах. Depth=4: обрыв наблюдения.,4,False,real,1,0,105000.00000000,0.00000000,True
100000003078839100,peripheral,0.45500000,0,0.11694018,Недостаточно признаков: 1 отправителей  0 получателей; 2 наблюдаемых участий в переводах. Depth=4: обрыв наблюдения.,4,False,real,1,0,14000.00000000,0.00000000,True
100000003083865100,peripheral,0.45500000,39,0.09078561,Недостаточно признаков: 1 отправителей  0 получателей; 1 наблюдаемых участий в переводах. Depth=4: обрыв наблюдения.,4,False,real,1,0,15000.00000000,0.00000000,True
100000003084870100,peripheral,0.45500000,24,0.06945044,Недостаточно признаков: 1 отправителей  0 получателей; 1 наблюдаемых участий в переводах. Depth=4: обрыв наблюдения.,4,False,real,1,0,6500.00000000,0.00000000,True
100000003086040100,terminal,0.41872208,0,0.20483260,Наблюдаемый получатель: вход 10 500 KZT от 1 отправителей; исходящий поток 0 KZT. Полный баланс неизвестен.,2,False,real,1,0,10500.00000000,0.00000000,False
100000003087877100,terminal,0.50552989,44,0.20173475,Наблюдаемый получатель: вход 91 486 KZT от 1 отправителей; исходящий поток 0 KZT. Полный баланс неизвестен.,3,False,real,1,0,91486.00000000,0.00000000,False
100000003089018100,terminal,0.53514231,6,0.21446598,Наблюдаемый получатель: вход 230 000 KZT от 1 отправителей; исходящий поток 0 KZT. Полный баланс неизвестен.,2,False,real,1,0,230000.00000000,0.00000000,False
100000003089553100,terminal,0.52188302,35,0.27330044,Наблюдаемый получатель: вход 150 000 KZT от 1 отправителей; исходящий поток 0 KZT. Полный баланс неизвестен.,3,False,real,1,0,150000.00000000,0.00000000,False
100000003091142100,peripheral,0.45500000,7,0.10748655,Недостаточно признаков: 1 отправителей  0 получателей; 1 наблюдаемых участий в переводах. Depth=4: обрыв наблюдения.,4,False,real,1,0,40000.00000000,0.00000000,True
100000003093299100,terminal,0.43042709,7,0.20010982,Наблюдаемый получатель: вход 15 000 KZT от 1 отправителей; исходящий поток 0 KZT. Полный баланс неизвестен.,3,False,real,1,0,15000.00000000,0.00000000,False
100000003095610100,terminal,0.45065115,39,0.19925229,Наблюдаемый получатель: вход 23 665 KZT от 1 отправителей; исходящий поток 0 KZT. Полный баланс неизвестен.,3,False,real,1,0,23665.00000000,0.00000000,False
100000003096787100,peripheral,0.45500000,39,0.09252147,Недостаточно признаков: 1 отправителей  0 получателей; 1 наблюдаемых участий в переводах. Depth=4: обрыв наблюдения.,4,False,real,1,0,16400.00000000,0.00000000,True
100000003097324100,terminal,0.52025261,35,0.32295925,Наблюдаемый получатель: вход 294 000 KZT от 2 отправителей; исходящий поток 0 KZT. Полный баланс неизвестен.,3,False,real,2,0,294000.00000000,0.00000000,False
100000003097947100,peripheral,0.45500000,0,0.10804996,Недостаточно признаков: 1 отправителей  0 получателей; 1 наблюдаемых участий в переводах. Depth=4: обрыв наблюдения.,4,False,real,1,0,52980.00000000,0.00000000,True
100000003102157100,terminal,0.50737146,5,0.29463569,Наблюдаемый получатель: вход 96 746 KZT от 1 отправителей; исходящий поток 0 KZT. Полный баланс неизвестен.,1,False,real,1,0,96746.00000000,0.00000000,False
100000003104347100,terminal,0.52235911,28,0.31132932,Наблюдаемый получатель: вход 418 000 KZT от 1 отправителей; исходящий поток 32 000 KZT. Полный баланс неизвестен.,2,False,real,1,1,418000.00000000,32000.00000000,False
100000003105089100,peripheral,0.45500000,30,0.08412105,Недостаточно признаков: 1 отправителей  0 получателей; 1 наблюдаемых участий в переводах. Depth=4: обрыв наблюдения.,4,False,real,1,0,10000.00000000,0.00000000,True
100000003105929100,peripheral,1.00000000,11,0.45088124,Недостаточно признаков: 1 отправителей  1 получателей; 3 наблюдаемых участий в переводах.,3,False,real,1,1,429567.00000000,156354.00000000,False
100000003109805100,terminal,0.47054009,27,0.22117868,Наблюдаемый получатель: вход 36 929 KZT от 1 отправителей; исходящий поток 0 KZT. Полный баланс неизвестен.,3,False,real,1,0,36929.00000000,0.00000000,False
100000003111305100,consolidator,0.51297371,40,0.66061605,Признаки консолидации: 4 отправителей  509 338 KZT входящих  0 получателей.,3,False,real,4,0,509338.00000000,0.00000000,False
100000003112436100,terminal,0.50943401,30,0.24346878,Наблюдаемый получатель: вход 100 000 KZT от 1 отправителей; исходящий поток 0 KZT. Полный баланс неизвестен.,2,False,real,1,0,100000.00000000,0.00000000,False
100000003112578100,terminal,0.51098093,24,0.20552606,Наблюдаемый получатель: вход 101 080 KZT от 1 отправителей; исходящий поток 0 KZT. Полный баланс неизвестен.,3,False,real,1,0,101080.00000000,0.00000000,False
100000003115284100,consolidator,0.62115715,5,0.83140041,Признаки консолидации: 8 отправителей  2 160 500 KZT входящих  2 получателей.,1,False,real,8,2,2160500.00000000,517000.00000000,False
100000003116106100,terminal,0.55333701,11,0.32591919,Наблюдаемый получатель: вход 494 050 KZT от 1 отправителей; исходящий поток 0 KZT. Полный баланс неизвестен.,3,False,real,1,0,494050.00000000,0.00000000,False
100000003119550100,terminal,0.44652604,33,0.14756761,Наблюдаемый получатель: вход 21 000 KZT от 1 отправителей; исходящий поток 0 KZT. Полный баланс неизвестен.,1,False,real,1,0,21000.00000000,0.00000000,False
100000003122817100,terminal,0.55097980,15,0.26445017,Наблюдаемый получатель: вход 444 680 KZT от 1 отправителей; исходящий поток 0 KZT. Полный баланс неизвестен.,3,False,real,1,0,444680.00000000,0.00000000,False
100000003123296100,terminal,0.50317268,9,0.23825034,Наблюдаемый получатель: вход 86 200 KZT от 1 отправителей; исходящий поток 0 KZT. Полный баланс неизвестен.,1,False,real,1,0,86200.00000000,0.00000000,False
100000003125997100,peripheral,0.45500000,35,0.13963688,Недостаточно признаков: 1 отправителей  0 получателей; 1 наблюдаемых участий в переводах. Depth=4: обрыв наблюдения.,4,False,real,1,0,87750.00000000,0.00000000,True
100000003128638100,peripheral,0.45500000,35,0.15214894,Недостаточно признаков: 1 отправителей  0 получателей; 1 наблюдаемых участий в переводах. Depth=4: обрыв наблюдения.,4,False,real,1,0,300000.00000000,0.00000000,True
100000003131016100,peripheral,1.00000000,0,0.55789908,Недостаточно признаков: 1 отправителей  1 получателей; 11 наблюдаемых участий в переводах.,2,False,real,1,1,405700.00000000,126000.00000000,False
100000003131693100,terminal,0.54619172,3,0.32451321,Наблюдаемый получатель: вход 353 277 KZT от 1 отправителей; исходящий поток 0 KZT. Полный баланс неизвестен.,1,False,real,1,0,353277.00000000,0.00000000,False
100000003132484100,terminal,0.50460910,6,0.20016358,Наблюдаемый получатель: вход 90 000 KZT от 1 отправителей; исходящий поток 0 KZT. Полный баланс неизвестен.,3,False,real,1,0,90000.00000000,0.00000000,False
100000003133045100,peripheral,0.45500000,42,0.11502803,Недостаточно признаков: 1 отправителей  0 получателей; 1 наблюдаемых участий в переводах. Depth=4: обрыв наблюдения.,4,False,real,1,0,68000.00000000,0.00000000,True
100000003134474100,terminal,0.51459040,11,0.25342997,Наблюдаемый получатель: вход 116 000 KZT от 1 отправителей; исходящий поток 0 KZT. Полный баланс неизвестен.,3,False,real,1,0,116000.00000000,0.00000000,False
100000003134550100,peripheral,0.45500000,35,0.13678272,Недостаточно признаков: 1 отправителей  0 получателей; 1 наблюдаемых участий в переводах. Depth=4: обрыв наблюдения.,4,False,real,1,0,100000.00000000,0.00000000,True
100000003134934100,consolidator,0.50866727,1,0.65633744,Признаки консолидации: 4 отправителей  379 354 KZT входящих  0 получателей.,2,False,real,4,0,379354.00000000,0.00000000,False
100000003134937100,terminal,0.41846426,4,0.18991311,Наблюдаемый получатель: вход 10 286 KZT от 1 отправителей; исходящий поток 0 KZT. Полный баланс неизвестен.,1,False,real,1,0,10286.00000000,0.00000000,False
100000003146511100,peripheral,0.45500000,13,0.08658158,Недостаточно признаков: 1 отправителей  0 получателей; 1 наблюдаемых участий в переводах. Depth=4: обрыв наблюдения.,4,False,real,1,0,10000.00000000,0.00000000,True
100000003147719100,terminal,0.50943401,35,0.27105857,Наблюдаемый получатель: вход 100 000 KZT от 1 отправителей; исходящий поток 0 KZT. Полный баланс неизвестен.,3,False,real,1,0,100000.00000000,0.00000000,False
100000003148220100,transit,0.63467742,50,0.50366614,Признаки транзита: 1 отправителей → 2 получателей; 100% входящих сопоставлены с более поздними исходящими за ≤2 суток.,1,False,real,1,2,5650.00000000,43400.00000000,False
100000003149149100,terminal,0.53735219,11,0.27156955,Наблюдаемый получатель: вход 245 000 KZT от 1 отправителей; исходящий поток 0 KZT. Полный баланс неизвестен.,3,False,real,1,0,245000.00000000,0.00000000,False
100000003152964100,terminal,0.50654799,0,0.29597220,Наблюдаемый получатель: вход 141 847 KZT от 1 отправителей; исходящий поток 5 500 KZT. Полный баланс неизвестен.,3,False,real,1,1,141847.00000000,5500.00000000,False
100000003154105100,distributor,0.54374311,30,0.60956437,Признаки распределения: 7 получателей  338 000 KZT исходящих; 9 переводов.,3,False,real,1,7,60000.00000000,338000.00000000,False
100000003157333100,terminal,0.46287916,40,0.17226434,Наблюдаемый получатель: вход 30 000 KZT от 1 отправителей; исходящий поток 0 KZT. Полный баланс неизвестен.,2,False,real,1,0,30000.00000000,0.00000000,False
100000003157679100,consolidator,0.51356301,35,0.58884888,Признаки консолидации: 4 отправителей  541 000 KZT входящих  0 получателей.,3,False,real,4,0,541000.00000000,0.00000000,False
100000003158727100,terminal,0.56027199,2,0.59853263,Наблюдаемый получатель: вход 367 940 KZT от 3 отправителей; исходящий поток 0 KZT. Полный баланс неизвестен.,1,False,real,3,0,367940.00000000,0.00000000,False
100000003159641100,consolidator,0.34117366,4,0.60739669,Признаки консолидации: 4 отправителей  64 000 KZT входящих  1 получателей.,2,False,real,4,1,64000.00000000,197800.00000000,False
100000003163256100,peripheral,0.65000000,4,0.18889289,Недостаточно признаков: 1 отправителей  1 получателей; 2 наблюдаемых участий в переводах.,1,False,real,1,1,13485.00000000,15000.00000000,False
100000003163886100,terminal,0.55399997,30,0.32021952,Наблюдаемый получатель: вход 500 000 KZT от 1 отправителей; исходящий поток 0 KZT. Полный баланс неизвестен.,3,False,real,1,0,500000.00000000,0.00000000,False
100000003164661100,terminal,0.85695406,49,0.44216799,Наблюдаемый получатель: вход 596 200 KZT от 1 отправителей; исходящий поток 0 KZT. Полный баланс неизвестен.,3,False,real,1,0,596200.00000000,0.00000000,False
100000003166017100,peripheral,0.45500000,39,0.09078561,Недостаточно признаков: 1 отправителей  0 получателей; 1 наблюдаемых участий в переводах. Depth=4: обрыв наблюдения.,4,False,real,1,0,15000.00000000,0.00000000,True
100000003166755100,terminal,0.45212440,5,0.20731321,Наблюдаемый получатель: вход 24 010 KZT от 1 отправителей; исходящий поток 0 KZT. Полный баланс неизвестен.,2,False,real,1,0,24010.00000000,0.00000000,False
100000003171006100,terminal,0.53130202,35,0.33334641,Наблюдаемый получатель: вход 485 000 KZT от 2 отправителей; исходящий поток 0 KZT. Полный баланс неизвестен.,3,False,real,2,0,485000.00000000,0.00000000,False
100000003171587100,peripheral,0.32353514,44,0.50960243,Недостаточно признаков: 2 отправителей  2 получателей; 9 наблюдаемых участий в переводах.,3,False,real,2,2,700000.00000000,431300.00000000,False
100000003173783100,peripheral,0.45500000,24,0.13745582,Недостаточно признаков: 1 отправителей  0 получателей; 2 наблюдаемых участий в переводах. Depth=4: обрыв наблюдения.,4,False,real,1,0,23500.00000000,0.00000000,True
100000003177533100,peripheral,0.70000000,16,0.19981923,Недостаточно признаков: 1 отправителей  0 получателей; 3 наблюдаемых участий в переводах. Depth=4: обрыв наблюдения.,4,False,real,1,0,20000.00000000,0.00000000,True
100000003178549100,coordinator,0.45015355,27,0.77095240,Кандидат в координаторы: 6 связей  32 связанных seed; 67% связей между кластерами.,3,False,real,2,4,250000.00000000,89080.00000000,False
100000003180305100,peripheral,0.45500000,1,0.12396092,Недостаточно признаков: 1 отправителей  0 получателей; 1 наблюдаемых участий в переводах. Depth=4: обрыв наблюдения.,4,False,real,1,0,144000.00000000,0.00000000,True
100000003180820100,peripheral,0.45500000,35,0.13801400,Недостаточно признаков: 1 отправителей  0 получателей; 1 наблюдаемых участий в переводах. Depth=4: обрыв наблюдения.,4,False,real,1,0,101000.00000000,0.00000000,True
100000003186579100,peripheral,0.45500000,0,0.14886951,Недостаточно признаков: 1 отправителей  0 получателей; 2 наблюдаемых участий в переводах. Depth=4: обрыв наблюдения.,4,False,real,1,0,110000.00000000,0.00000000,True
100000003187359100,terminal,0.44078034,33,0.14381419,Наблюдаемый получатель: вход 19 072 KZT от 1 отправителей; исходящий поток 0 KZT. Полный баланс неизвестен.,1,False,real,1,0,19072.00000000,0.00000000,False
100000003188607100,peripheral,0.65000000,2,0.13062473,Недостаточно признаков: 1 отправителей  1 получателей; 2 наблюдаемых участий в переводах.,2,False,real,1,1,18000.00000000,5000.00000000,False
100000003190207100,transit,0.58557029,47,0.62795109,Признаки транзита: 1 отправителей → 1 получателей; 100% входящих сопоставлены с более поздними исходящими за ≤2 суток.,3,False,real,1,1,5000.00000000,377000.00000000,False
100000003191430100,terminal,0.52722356,4,0.25244620,Наблюдаемый получатель: вход 180 000 KZT от 1 отправителей; исходящий поток 0 KZT. Полный баланс неизвестен.,2,False,real,1,0,180000.00000000,0.00000000,False
100000003192220100,terminal,0.49171812,4,0.26931057,Наблюдаемый получатель: вход 60 000 KZT от 1 отправителей; исходящий поток 0 KZT. Полный баланс неизвестен.,2,False,real,1,0,60000.00000000,0.00000000,False
100000003192309100,peripheral,0.65000000,51,0.19307402,Недостаточно признаков: 1 отправителей  1 получателей; 2 наблюдаемых участий в переводах.,3,False,real,1,1,17200.00000000,213000.00000000,False
100000003194831100,peripheral,0.45500000,40,0.05067994,Недостаточно признаков: 1 отправителей  0 получателей; 1 наблюдаемых участий в переводах. Depth=4: обрыв наблюдения.,4,False,real,1,0,6265.00000000,0.00000000,True
100000003199390100,peripheral,0.45500000,11,0.12786443,Недостаточно признаков: 1 отправителей  0 получателей; 1 наблюдаемых участий в переводах. Depth=4: обрыв наблюдения.,4,False,real,1,0,260000.00000000,0.00000000,True
100000003200071100,peripheral,0.58500000,55,0.07194864,Недостаточно признаков: 0 отправителей  1 получателей; 1 наблюдаемых участий в переводах. Seed: вход неполон.,0,True,real,0,1,0.00000000,30000.00000000,False
100000003204491100,peripheral,1.00000000,0,0.43331140,Недостаточно признаков: 1 отправителей  1 получателей; 3 наблюдаемых участий в переводах.,3,False,real,1,1,140000.00000000,100000.00000000,False
100000003205210100,terminal,0.51871552,3,0.30296295,Наблюдаемый получатель: вход 137 563 KZT от 1 отправителей; исходящий поток 0 KZT. Полный баланс неизвестен.,1,False,real,1,0,137563.00000000,0.00000000,False
100000003207060100,peripheral,0.45500000,0,0.11801842,Недостаточно признаков: 1 отправителей  0 получателей; 1 наблюдаемых участий в переводах. Depth=4: обрыв наблюдения.,4,False,real,1,0,53000.00000000,0.00000000,True
100000003213473100,distributor,0.61796869,7,0.79887017,Признаки распределения: 11 получателей  240 000 KZT исходящих; 12 переводов.,3,False,real,1,11,57500.00000000,240000.00000000,False
100000003214786100,peripheral,0.45500000,0,0.08807243,Недостаточно признаков: 1 отправителей  0 получателей; 1 наблюдаемых участий в переводах. Depth=4: обрыв наблюдения.,4,False,real,1,0,5000.00000000,0.00000000,True
100000003215448100,peripheral,1.00000000,0,0.46494923,Недостаточно признаков: 1 отправителей  2 получателей; 5 наблюдаемых участий в переводах.,3,False,real,1,2,91309.00000000,124000.00000000,False
100000003216073100,peripheral,0.65000000,44,0.16488634,Недостаточно признаков: 1 отправителей  1 получателей; 2 наблюдаемых участий в переводах.,3,False,real,1,1,37001.00000000,70000.00000000,False
100000003218308100,terminal,0.42021744,7,0.19588856,Наблюдаемый получатель: вход 11 165 KZT от 1 отправителей; исходящий поток 0 KZT. Полный баланс неизвестен.,3,False,real,1,0,11165.00000000,0.00000000,False
100000003219438100,terminal,0.46619399,17,0.21906641,Наблюдаемый получатель: вход 32 000 KZT от 1 отправителей; исходящий поток 0 KZT. Полный баланс неизвестен.,2,False,real,1,0,32000.00000000,0.00000000,False
100000003220685100,peripheral,0.45500000,11,0.16859602,Недостаточно признаков: 1 отправителей  0 получателей; 2 наблюдаемых участий в переводах. Depth=4: обрыв наблюдения.,4,False,real,1,0,1306000.00000000,0.00000000,True
100000003221384100,terminal,0.55481026,4,0.28532957,Наблюдаемый получатель: вход 511 200 KZT от 1 отправителей; исходящий поток 0 KZT. Полный баланс неизвестен.,2,False,real,1,0,511200.00000000,0.00000000,False
100000003221510100,peripheral,1.00000000,7,0.41629238,Недостаточно признаков: 1 отправителей  2 получателей; 4 наблюдаемых участий в переводах.,3,False,real,1,2,24000.00000000,120000.00000000,False
100000003230328100,consolidator,0.37436990,13,0.31214524,Признаки консолидации: 3 отправителей  26 572 KZT входящих  0 получателей. Depth=4: обрыв наблюдения.,4,False,real,3,0,26572.00000000,0.00000000,True
100000003230329100,peripheral,0.45500000,35,0.13921355,Недостаточно признаков: 1 отправителей  0 получателей; 1 наблюдаемых участий в переводах. Depth=4: обрыв наблюдения.,4,False,real,1,0,110000.00000000,0.00000000,True
100000003232675100,peripheral,0.45500000,13,0.13550781,Недостаточно признаков: 1 отправителей  0 получателей; 2 наблюдаемых участий в переводах. Depth=4: обрыв наблюдения.,4,False,real,1,0,44000.00000000,0.00000000,True
100000003235780100,terminal,0.47255599,7,0.29711782,Наблюдаемый получатель: вход 65 000 KZT от 2 отправителей; исходящий поток 0 KZT. Полный баланс неизвестен.,1,False,real,2,0,65000.00000000,0.00000000,False
100000003237045100,peripheral,1.00000000,4,0.52690553,Недостаточно признаков: 1 отправителей  1 получателей; 3 наблюдаемых участий в переводах.,2,False,real,1,1,340200.00000000,150000.00000000,False
100000003239379100,terminal,0.50575088,9,0.20139746,Наблюдаемый получатель: вход 92 500 KZT от 1 отправителей; исходящий поток 0 KZT. Полный баланс неизвестен.,1,False,real,1,0,92500.00000000,0.00000000,False
100000003239859100,terminal,0.44000688,9,0.15467135,Наблюдаемый получатель: вход 18 600 KZT от 1 отправителей; исходящий поток 0 KZT. Полный баланс неизвестен.,1,False,real,1,0,18600.00000000,0.00000000,False
100000003241965100,terminal,0.43042709,39,0.18582200,Наблюдаемый получатель: вход 15 000 KZT от 1 отправителей; исходящий поток 0 KZT. Полный баланс неизвестен.,3,False,real,1,0,15000.00000000,0.00000000,False
100000003242289100,distributor,0.68890279,27,0.82736037,Признаки распределения: 23 получателей  2 377 741 KZT исходящих; 26 переводов.,2,False,real,3,23,550791.00000000,2377741.00000000,False
100000003242795100,terminal,0.51359596,11,0.25236001,Наблюдаемый получатель: вход 111 000 KZT от 1 отправителей; исходящий поток 0 KZT. Полный баланс неизвестен.,3,False,real,1,0,111000.00000000,0.00000000,False
100000003246024100,peripheral,0.65000000,0,0.32951148,Недостаточно признаков: 1 отправителей  1 получателей; 2 наблюдаемых участий в переводах.,2,False,real,1,1,25000.00000000,5000.00000000,False
100000003247600100,peripheral,0.45500000,5,0.11749257,Недостаточно признаков: 1 отправителей  0 получателей; 1 наблюдаемых участий в переводах. Depth=4: обрыв наблюдения.,4,False,real,1,0,58000.00000000,0.00000000,True
100000003249054100,consolidator,0.69410214,5,0.61677429,Признаки консолидации: 7 отправителей  99 700 KZT входящих  1 получателей.,2,False,real,7,1,99700.00000000,15000.00000000,False
100000003252446100,peripheral,0.45500000,35,0.13819609,Недостаточно признаков: 1 отправителей  0 получателей; 1 наблюдаемых участий в переводах. Depth=4: обрыв наблюдения.,4,False,real,1,0,108600.00000000,0.00000000,True
100000003254277100,peripheral,0.65000000,7,0.21761540,Недостаточно признаков: 1 отправителей  1 получателей; 2 наблюдаемых участий в переводах.,3,False,real,1,1,49200.00000000,44997.00000000,False
100000003254723100,terminal,0.83066213,16,0.55124413,Наблюдаемый получатель: вход 269 850 KZT от 1 отправителей; исходящий поток 0 KZT. Полный баланс неизвестен.,2,False,real,1,0,269850.00000000,0.00000000,False
100000003265158100,coordinator,0.39796205,9,0.65392938,Кандидат в координаторы: 5 связей  9 связанных seed; 40% связей между кластерами.,1,False,real,3,2,146100.40000000,154200.00000000,False
100000003265658100,peripheral,0.31500000,56,0.01225350,Недостаточно признаков: 0 отправителей  0 получателей; 0 наблюдаемых участий в переводах. Seed: вход неполон.,0,True,real,0,0,0.00000000,0.00000000,False
100000003270419100,terminal,0.52188302,13,0.29409607,Наблюдаемый получатель: вход 150 000 KZT от 1 отправителей; исходящий поток 0 KZT. Полный баланс неизвестен.,3,False,real,1,0,150000.00000000,0.00000000,False
100000003271151100,terminal,0.51680029,0,0.26186707,Наблюдаемый получатель: вход 127 294 KZT от 1 отправителей; исходящий поток 0 KZT. Полный баланс неизвестен.,3,False,real,1,0,127294.00000000,0.00000000,False
100000003275398100,terminal,0.51882257,45,0.24288504,Наблюдаемый получатель: вход 300 000 KZT от 1 отправителей; исходящий поток 20 000 KZT. Полный баланс неизвестен.,2,False,real,1,1,300000.00000000,20000.00000000,False
100000003278020100,terminal,0.52917563,5,0.26311097,Наблюдаемый получатель: вход 190 000 KZT от 1 отправителей; исходящий поток 0 KZT. Полный баланс неизвестен.,2,False,real,1,0,190000.00000000,0.00000000,False
100000003284932100,terminal,0.49580641,3,0.28532930,Наблюдаемый получатель: вход 69 925 KZT от 1 отправителей; исходящий поток 0 KZT. Полный баланс неизвестен.,1,False,real,1,0,69925.00000000,0.00000000,False
100000003286537100,terminal,0.50121080,35,0.29946557,Наблюдаемый получатель: вход 153 000 KZT от 2 отправителей; исходящий поток 0 KZT. Полный баланс неизвестен.,3,False,real,2,0,153000.00000000,0.00000000,False
100000003289281100,peripheral,0.45500000,0,0.11102859,Недостаточно признаков: 1 отправителей  0 получателей; 1 наблюдаемых участий в переводах. Depth=4: обрыв наблюдения.,4,False,real,1,0,40000.00000000,0.00000000,True
100000003289405100,terminal,0.54626538,3,0.23733030,Наблюдаемый получатель: вход 355 000 KZT от 1 отправителей; исходящий поток 0 KZT. Полный баланс неизвестен.,2,False,real,1,0,355000.00000000,0.00000000,False
100000003292191100,terminal,0.51374328,35,0.27085715,Наблюдаемый получатель: вход 112 000 KZT от 1 отправителей; исходящий поток 0 KZT. Полный баланс неизвестен.,3,False,real,1,0,112000.00000000,0.00000000,False
100000003292979100,terminal,0.48158950,12,0.27010519,Наблюдаемый получатель: вход 48 950 KZT от 1 отправителей; исходящий поток 0 KZT. Полный баланс неизвестен.,2,False,real,1,0,48950.00000000,0.00000000,False
100000003293377100,terminal,0.48394671,11,0.23203392,Наблюдаемый получатель: вход 50 000 KZT от 1 отправителей; исходящий поток 0 KZT. Полный баланс неизвестен.,3,False,real,1,0,50000.00000000,0.00000000,False
100000003299365100,peripheral,0.65000000,3,0.32554219,Недостаточно признаков: 1 отправителей  1 получателей; 2 наблюдаемых участий в переводах.,1,False,real,1,1,200000.00000000,200000.00000000,False
100000003321423100,terminal,0.50943401,12,0.31202826,Наблюдаемый получатель: вход 100 000 KZT от 1 отправителей; исходящий поток 0 KZT. Полный баланс неизвестен.,2,False,real,1,0,100000.00000000,0.00000000,False
100000003321895100,peripheral,1.00000000,4,0.44567147,Недостаточно признаков: 1 отправителей  2 получателей; 4 наблюдаемых участий в переводах.,3,False,real,1,2,24000.00000000,553830.00000000,False
100000003336565100,terminal,0.43510831,29,0.14191891,Наблюдаемый получатель: вход 16 550 KZT от 1 отправителей; исходящий поток 0 KZT. Полный баланс неизвестен.,2,False,real,1,0,16550.00000000,0.00000000,False
100000003338583100,terminal,0.44740999,34,0.14741867,Наблюдаемый получатель: вход 21 765 KZT от 1 отправителей; исходящий поток 0 KZT. Полный баланс неизвестен.,3,False,real,1,0,21765.00000000,0.00000000,False
100000003345947100,peripheral,0.70000000,16,0.23218204,Недостаточно признаков: 1 отправителей  0 получателей; 6 наблюдаемых участий в переводах. Depth=4: обрыв наблюдения.,4,False,real,1,0,79500.00000000,0.00000000,True
100000003349739100,peripheral,0.31500000,57,0.01225350,Недостаточно признаков: 0 отправителей  0 получателей; 0 наблюдаемых участий в переводах. Seed: вход неполон.,0,True,real,0,0,0.00000000,0.00000000,False
100000003360542100,peripheral,1.00000000,5,0.56337303,Недостаточно признаков: 2 отправителей  2 получателей; 8 наблюдаемых участий в переводах.,2,False,real,2,2,317000.00000000,51800.00000000,False
100000003366154100,distributor,0.33088867,12,0.59470129,Признаки распределения: 3 получателей  289 170 KZT исходящих; 3 переводов.,1,False,real,1,3,125000.00000000,289170.00000000,False
100000003366471100,terminal,0.77100043,0,0.56484801,Наблюдаемый получатель: вход 329 789 KZT от 2 отправителей; исходящий поток 20 000 KZT. Полный баланс неизвестен.,3,False,real,2,1,329789.00000000,20000.00000000,False
100000003370425100,peripheral,0.45500000,13,0.10224133,Недостаточно признаков: 1 отправителей  0 получателей; 1 наблюдаемых участий в переводах. Depth=4: обрыв наблюдения.,4,False,real,1,0,20000.00000000,0.00000000,True
100000003377795100,terminal,0.40428419,2,0.13614183,Наблюдаемый получатель: вход 7 000 KZT от 1 отправителей; исходящий поток 0 KZT. Полный баланс неизвестен.,1,False,real,1,0,7000.00000000,0.00000000,False
100000003390036100,peripheral,1.00000000,5,0.57162318,Недостаточно признаков: 2 отправителей  2 получателей; 6 наблюдаемых участий в переводах.,2,False,real,2,2,231300.00000000,62000.00000000,False
100000003404627100,consolidator,0.51682684,35,0.65571908,Признаки консолидации: 4 отправителей  877 700 KZT входящих  0 получателей.,1,False,real,4,0,877700.00000000,0.00000000,False
100000003406094100,peripheral,0.37649106,4,0.44305804,Недостаточно признаков: 1 отправителей  3 получателей; 7 наблюдаемых участий в переводах.,3,False,real,1,3,70000.00000000,47000.00000000,False
100000003447411100,peripheral,0.70000000,16,0.26461474,Недостаточно признаков: 1 отправителей  0 получателей; 3 наблюдаемых участий в переводах. Depth=4: обрыв наблюдения.,4,False,real,1,0,302000.00000000,0.00000000,True
100000003448713100,peripheral,0.45500000,16,0.13636023,Недостаточно признаков: 1 отправителей  0 получателей; 1 наблюдаемых участий в переводах. Depth=4: обрыв наблюдения.,4,False,real,1,0,266750.00000000,0.00000000,True
100000003449074100,terminal,0.41444228,5,0.19371852,Наблюдаемый получатель: вход 10 000 KZT от 1 отправителей; исходящий поток 0 KZT. Полный баланс неизвестен.,1,False,real,1,0,10000.00000000,0.00000000,False
100000003457710100,peripheral,1.00000000,11,0.45756092,Недостаточно признаков: 1 отправителей  1 получателей; 3 наблюдаемых участий в переводах.,3,False,real,1,1,326555.00000000,1306000.00000000,False
100000003470579100,peripheral,0.45500000,15,0.16204677,Недостаточно признаков: 1 отправителей  0 получателей; 2 наблюдаемых участий в переводах. Depth=4: обрыв наблюдения.,4,False,real,1,0,357000.00000000,0.00000000,True
100000003476560100,terminal,0.48394671,3,0.27637514,Наблюдаемый получатель: вход 50 000 KZT от 1 отправителей; исходящий поток 0 KZT. Полный баланс неизвестен.,1,False,real,1,0,50000.00000000,0.00000000,False
100000003481025100,peripheral,0.45500000,5,0.09228737,Недостаточно признаков: 1 отправителей  0 получателей; 1 наблюдаемых участий в переводах. Depth=4: обрыв наблюдения.,4,False,real,1,0,9000.00000000,0.00000000,True
100000003484058100,terminal,0.49372764,19,0.28146001,Наблюдаемый получатель: вход 110 000 KZT от 1 отправителей; исходящий поток 6 000 KZT. Полный баланс неизвестен.,3,False,real,1,1,110000.00000000,6000.00000000,False
100000003486846100,peripheral,0.45500000,4,0.13201313,Недостаточно признаков: 1 отправителей  0 получателей; 2 наблюдаемых участий в переводах. Depth=4: обрыв наблюдения.,4,False,real,1,0,27000.00000000,0.00000000,True
100000003486970100,terminal,0.52188302,11,0.25901303,Наблюдаемый получатель: вход 150 000 KZT от 1 отправителей; исходящий поток 0 KZT. Полный баланс неизвестен.,3,False,real,1,0,150000.00000000,0.00000000,False
100000003497735100,terminal,0.51632148,1,0.25343378,Наблюдаемый получатель: вход 125 000 KZT от 1 отправителей; исходящий поток 0 KZT. Полный баланс неизвестен.,3,False,real,1,0,125000.00000000,0.00000000,False
100000003500764100,peripheral,0.45500000,27,0.10106198,Недостаточно признаков: 1 отправителей  0 получателей; 1 наблюдаемых участий в переводах. Depth=4: обрыв наблюдения.,4,False,real,1,0,21000.00000000,0.00000000,True
100000003509750100,transit,0.58566845,40,0.54396084,Признаки транзита: 3 отправителей → 3 получателей; 47% входящих сопоставлены с более поздними исходящими за ≤2 суток.,2,False,real,3,3,82290.00000000,78400.00000000,False
100000003528285100,distributor,0.42310959,0,0.70071494,Признаки распределения: 4 получателей  548 000 KZT исходящих; 6 переводов.,3,False,real,4,4,118870.00000000,548000.00000000,False
100000003557488100,peripheral,1.00000000,36,0.49797517,Недостаточно признаков: 1 отправителей  2 получателей; 7 наблюдаемых участий в переводах.,3,False,real,1,2,664992.00000000,138000.00000000,False
100000003561031100,peripheral,0.65000000,0,0.18975261,Недостаточно признаков: 1 отправителей  1 получателей; 2 наблюдаемых участий в переводах.,3,False,real,1,1,13300.00000000,5000.00000000,False
100000003567087100,terminal,0.49285990,33,0.18090054,Наблюдаемый получатель: вход 62 115 KZT от 1 отправителей; исходящий поток 0 KZT. Полный баланс неизвестен.,1,False,real,1,0,62115.00000000,0.00000000,False
100000003568904100,peripheral,0.45500000,13,0.11202601,Недостаточно признаков: 1 отправителей  0 получателей; 1 наблюдаемых участий в переводах. Depth=4: обрыв наблюдения.,4,False,real,1,0,49000.00000000,0.00000000,True
100000003574895100,peripheral,0.65000000,7,0.20426793,Недостаточно признаков: 1 отправителей  1 получателей; 2 наблюдаемых участий в переводах.,3,False,real,1,1,27968.00000000,20000.00000000,False
100000003581109100,terminal,0.47569648,7,0.22695309,Наблюдаемый получатель: вход 42 750 KZT от 1 отправителей; исходящий поток 0 KZT. Полный баланс неизвестен.,3,False,real,1,0,42750.00000000,0.00000000,False
100000003582677100,distributor,0.38113097,5,0.66088039,Признаки распределения: 4 получателей  56 000 KZT исходящих; 5 переводов.,3,False,real,2,4,29756.99000000,56000.00000000,False
100000003589877100,distributor,0.65489196,35,0.66578768,Признаки распределения: 6 получателей  416 129 KZT исходящих; 6 переводов.,1,False,real,2,6,176000.00000000,416129.00000000,False
100000003594472100,terminal,0.44339537,36,0.20467066,Наблюдаемый получатель: вход 20 000 KZT от 1 отправителей; исходящий поток 0 KZT. Полный баланс неизвестен.,3,False,real,1,0,20000.00000000,0.00000000,False
100000003603979100,terminal,0.80748670,58,0.41002150,Наблюдаемый получатель: вход 165 000 KZT от 1 отправителей; исходящий поток 0 KZT. Полный баланс неизвестен.,2,False,real,1,0,165000.00000000,0.00000000,False
100000003610172100,terminal,0.49635888,11,0.24011788,Наблюдаемый получатель: вход 70 000 KZT от 1 отправителей; исходящий поток 0 KZT. Полный баланс неизвестен.,3,False,real,1,0,70000.00000000,0.00000000,False
100000003616818100,peripheral,0.32970773,58,0.40688300,Недостаточно признаков: 3 отправителей  3 получателей; 12 наблюдаемых участий в переводах.,1,False,real,3,3,78000.00000000,240100.00000000,False
100000003617552100,terminal,0.45422379,59,0.17134859,Наблюдаемый получатель: вход 25 000 KZT от 1 отправителей; исходящий поток 0 KZT. Полный баланс неизвестен.,2,False,real,1,0,25000.00000000,0.00000000,False
100000003622955100,peripheral,0.45500000,5,0.13174775,Недостаточно признаков: 1 отправителей  0 получателей; 1 наблюдаемых участий в переводах. Depth=4: обрыв наблюдения.,4,False,real,1,0,15000.00000000,0.00000000,True
100000003626268100,peripheral,0.45500000,0,0.08984345,Недостаточно признаков: 1 отправителей  0 получателей; 1 наблюдаемых участий в переводах. Depth=4: обрыв наблюдения.,4,False,real,1,0,5000.00000000,0.00000000,True
100000003631015100,peripheral,0.45500000,7,0.12543280,Недостаточно признаков: 1 отправителей  0 получателей; 1 наблюдаемых участий в переводах. Depth=4: обрыв наблюдения.,4,False,real,1,0,266000.00000000,0.00000000,True
100000003632533100,peripheral,0.45500000,43,0.09171990,Недостаточно признаков: 1 отправителей  0 получателей; 1 наблюдаемых участий в переводах. Depth=4: обрыв наблюдения.,4,False,real,1,0,10000.00000000,0.00000000,True
100000003635170100,transit,0.43019632,12,0.68265729,Признаки транзита: 3 отправителей → 4 получателей; 22% входящих сопоставлены с более поздними исходящими за ≤2 суток.,1,False,real,3,4,268500.00000000,253500.00000000,False
100000003635660100,terminal,0.44026470,0,0.20764248,Наблюдаемый получатель: вход 18 985 KZT от 1 отправителей; исходящий поток 0 KZT. Полный баланс неизвестен.,3,False,real,1,0,18985.00000000,0.00000000,False
100000003636627100,peripheral,1.00000000,40,0.41291480,Недостаточно признаков: 1 отправителей  1 получателей; 9 наблюдаемых участий в переводах.,3,False,real,1,1,77000.00000000,10000.00000000,False
100000003646145100,peripheral,0.45500000,25,0.11171715,Недостаточно признаков: 1 отправителей  0 получателей; 1 наблюдаемых участий в переводах. Depth=4: обрыв наблюдения.,4,False,real,1,0,5000.00000000,0.00000000,True
100000003647799100,terminal,0.50943401,11,0.24956573,Наблюдаемый получатель: вход 100 000 KZT от 1 отправителей; исходящий поток 0 KZT. Полный баланс неизвестен.,3,False,real,1,0,100000.00000000,0.00000000,False
100000003650146100,terminal,0.42784890,4,0.19811282,Наблюдаемый получатель: вход 14 400 KZT от 1 отправителей; исходящий поток 0 KZT. Полный баланс неизвестен.,3,False,real,1,0,14400.00000000,0.00000000,False
100000003664994100,peripheral,0.45500000,60,0.16409740,Недостаточно признаков: 1 отправителей  0 получателей; 2 наблюдаемых участий в переводах. Depth=4: обрыв наблюдения.,4,False,real,1,0,338271.00000000,0.00000000,True
100000003671721100,terminal,0.39510581,2,0.22108508,Наблюдаемый получатель: вход 5 000 KZT от 1 отправителей; исходящий поток 0 KZT. Полный баланс неизвестен.,3,False,real,1,0,5000.00000000,0.00000000,False
100000003677936100,peripheral,1.00000000,1,0.39532484,Недостаточно признаков: 1 отправителей  1 получателей; 3 наблюдаемых участий в переводах.,3,False,real,1,1,71000.00000000,13000.00000000,False
100000003684369100,distributor,0.59501576,3,0.79128543,Признаки распределения: 62 получателей  8 588 655 KZT исходящих; 67 переводов. Seed: вход неполон.,0,True,real,24,62,3848436.00000000,8588655.00000000,False
100000003692843100,peripheral,0.45500000,4,0.16383852,Недостаточно признаков: 1 отправителей  0 получателей; 2 наблюдаемых участий в переводах. Depth=4: обрыв наблюдения.,4,False,real,1,0,510000.00000000,0.00000000,True
100000003696422100,peripheral,0.45500000,36,0.15230296,Недостаточно признаков: 1 отправителей  0 получателей; 2 наблюдаемых участий в переводах. Depth=4: обрыв наблюдения.,4,False,real,1,0,118000.00000000,0.00000000,True
100000003701161100,consolidator,0.51051385,28,0.67829779,Признаки консолидации: 4 отправителей  1 527 103 KZT входящих  3 получателей.,1,False,real,4,3,1527103.00000000,349000.00000000,False
100000003711830100,terminal,0.48394671,0,0.23675745,Наблюдаемый получатель: вход 50 000 KZT от 1 отправителей; исходящий поток 0 KZT. Полный баланс неизвестен.,3,False,real,1,0,50000.00000000,0.00000000,False
100000003713616100,terminal,0.43356139,4,0.19698250,Наблюдаемый получатель: вход 15 893 KZT от 1 отправителей; исходящий поток 0 KZT. Полный баланс неизвестен.,1,False,real,1,0,15893.00000000,0.00000000,False
100000003718221100,distributor,0.42149915,28,0.63043036,Признаки распределения: 4 получателей  423 500 KZT исходящих; 8 переводов.,2,False,real,2,4,350000.00000000,423500.00000000,False
100000003718715100,peripheral,0.70000000,16,0.26942310,Недостаточно признаков: 1 отправителей  0 получателей; 3 наблюдаемых участий в переводах. Depth=4: обрыв наблюдения.,4,False,real,1,0,915000.00000000,0.00000000,True
100000003724440100,terminal,0.46228004,13,0.26030167,Наблюдаемый получатель: вход 50 000 KZT от 2 отправителей; исходящий поток 0 KZT. Полный баланс неизвестен.,2,False,real,2,0,50000.00000000,0.00000000,False
100000003736419100,peripheral,0.65000000,0,0.20486517,Недостаточно признаков: 1 отправителей  1 получателей; 2 наблюдаемых участий в переводах.,3,False,real,1,1,23300.00000000,10000.00000000,False
100000003739818100,terminal,0.49050269,3,0.28098788,Наблюдаемый получатель: вход 57 293 KZT от 1 отправителей; исходящий поток 0 KZT. Полный баланс неизвестен.,1,False,real,1,0,57293.00000000,0.00000000,False
100000003741418100,consolidator,0.63697119,5,0.65333664,Признаки консолидации: 9 отправителей  151 900 KZT входящих  3 получателей.,2,False,real,9,3,151900.00000000,39920.00000000,False
100000003747133100,consolidator,0.44937843,5,0.60329796,Признаки консолидации: 5 отправителей  237 068 KZT входящих  2 получателей.,2,False,real,5,2,237068.00000000,250000.00000000,False
100000003760160100,terminal,0.51157023,11,0.25105369,Наблюдаемый получатель: вход 104 470 KZT от 1 отправителей; исходящий поток 0 KZT. Полный баланс неизвестен.,3,False,real,1,0,104470.00000000,0.00000000,False
100000003770083100,peripheral,0.31500000,61,0.01225350,Недостаточно признаков: 0 отправителей  0 получателей; 0 наблюдаемых участий в переводах. Seed: вход неполон.,0,True,real,0,0,0.00000000,0.00000000,False
100000003781406100,terminal,0.47757488,9,0.30098250,Наблюдаемый получатель: вход 45 000 KZT от 1 отправителей; исходящий поток 0 KZT. Полный баланс неизвестен.,3,False,real,1,0,45000.00000000,0.00000000,False
100000003782913100,peripheral,0.45500000,19,0.12302093,Недостаточно признаков: 1 отправителей  0 получателей; 1 наблюдаемых участий в переводах. Depth=4: обрыв наблюдения.,4,False,real,1,0,200000.00000000,0.00000000,True
100000003786516100,peripheral,0.45500000,5,0.08832923,Недостаточно признаков: 1 отправителей  0 получателей; 1 наблюдаемых участий в переводах. Depth=4: обрыв наблюдения.,4,False,real,1,0,5000.00000000,0.00000000,True
100000003792647100,peripheral,0.45500000,43,0.08981465,Недостаточно признаков: 1 отправителей  0 получателей; 1 наблюдаемых участий в переводах. Depth=4: обрыв наблюдения.,4,False,real,1,0,8000.00000000,0.00000000,True
100000003795588100,terminal,0.54902773,0,0.32329740,Наблюдаемый получатель: вход 400 000 KZT от 1 отправителей; исходящий поток 0 KZT. Полный баланс неизвестен.,3,False,real,1,0,400000.00000000,0.00000000,False
100000003796063100,distributor,0.65456754,5,0.82265763,Признаки распределения: 15 получателей  959 150 KZT исходящих; 23 переводов.,3,False,real,1,15,35000.00000000,959150.00000000,False
100000003798151100,terminal,0.83978498,4,0.49001268,Наблюдаемый получатель: вход 350 000 KZT от 1 отправителей; исходящий поток 0 KZT. Полный баланс неизвестен.,2,False,real,1,0,350000.00000000,0.00000000,False
100000003809101100,coordinator,0.42204181,47,0.69156880,Кандидат в координаторы: 4 связей  12 связанных seed; 25% связей между кластерами.,1,False,real,2,2,166050.00000000,55200.00000000,False
100000003814002100,terminal,0.46287916,11,0.21923663,Наблюдаемый получатель: вход 30 000 KZT от 1 отправителей; исходящий поток 0 KZT. Полный баланс неизвестен.,3,False,real,1,0,30000.00000000,0.00000000,False
100000003819173100,peripheral,0.45500000,16,0.12709908,Недостаточно признаков: 1 отправителей  0 получателей; 1 наблюдаемых участий в переводах. Depth=4: обрыв наблюдения.,4,False,real,1,0,143777.00000000,0.00000000,True
100000003823811100,peripheral,0.31895516,47,0.48634764,Недостаточно признаков: 1 отправителей  3 получателей; 4 наблюдаемых участий в переводах.,2,False,real,1,3,30000.00000000,66130.00000000,False
100000003824464100,terminal,0.53149600,28,0.26599901,Наблюдаемый получатель: вход 200 000 KZT от 1 отправителей; исходящий поток 0 KZT. Полный баланс неизвестен.,2,False,real,1,0,200000.00000000,0.00000000,False
100000003831201100,terminal,0.72985751,7,0.42171859,Наблюдаемый получатель: вход 40 500 KZT от 1 отправителей; исходящий поток 0 KZT. Полный баланс неизвестен.,2,False,real,1,0,40500.00000000,0.00000000,False
100000003831324100,terminal,0.52098924,2,0.35643059,Наблюдаемый получатель: вход 300 000 KZT от 2 отправителей; исходящий поток 0 KZT. Полный баланс неизвестен.,1,False,real,2,0,300000.00000000,0.00000000,False
100000003832231100,terminal,0.46891951,3,0.26564728,Наблюдаемый получатель: вход 35 000 KZT от 1 отправителей; исходящий поток 0 KZT. Полный баланс неизвестен.,1,False,real,1,0,35000.00000000,0.00000000,False
100000003834495100,terminal,0.57545756,0,0.56412608,Наблюдаемый получатель: вход 602 441 KZT от 3 отправителей; исходящий поток 20 000 KZT. Полный баланс неизвестен.,3,False,real,3,1,602441.00000000,20000.00000000,False
100000003835149100,peripheral,1.00000000,21,0.39186636,Недостаточно признаков: 1 отправителей  2 получателей; 14 наблюдаемых участий в переводах.,1,False,real,1,2,248500.00000000,4600440.00000000,False
100000003838587100,peripheral,0.45500000,19,0.09201411,Недостаточно признаков: 1 отправителей  0 получателей; 1 наблюдаемых участий в переводах. Depth=4: обрыв наблюдения.,4,False,real,1,0,6000.00000000,0.00000000,True
100000003843844100,peripheral,0.65000000,13,0.23334097,Недостаточно признаков: 1 отправителей  1 получателей; 2 наблюдаемых участий в переводах.,3,False,real,1,1,16680.00000000,238000.00000000,False
100000003854444100,distributor,0.71353612,1,0.82695753,Признаки распределения: 14 получателей  2 322 909 KZT исходящих; 14 переводов.,2,False,real,1,14,210000.00000000,2322909.00000000,False
100000003865939100,terminal,0.50133111,62,0.19656638,Наблюдаемый получатель: вход 81 465 KZT от 1 отправителей; исходящий поток 0 KZT. Полный баланс неизвестен.,1,False,real,1,0,81465.00000000,0.00000000,False
100000003873332100,distributor,0.35420067,1,0.66898392,Признаки распределения: 4 получателей  286 000 KZT исходящих; 8 переводов.,1,False,real,1,4,23468.00000000,286000.00000000,False
100000003877908100,terminal,0.47348660,3,0.26912930,Наблюдаемый получатель: вход 40 000 KZT от 1 отправителей; исходящий поток 0 KZT. Полный баланс неизвестен.,1,False,real,1,0,40000.00000000,0.00000000,False
100000003880331100,distributor,0.69363904,16,0.86838687,Признаки распределения: 16 получателей  3 904 908 KZT исходящих; 31 переводов.,3,False,real,1,16,100000.00000000,3904908.00000000,False
100000003886323100,terminal,0.68264567,4,0.53704905,Наблюдаемый получатель: вход 78 168 KZT от 2 отправителей; исходящий поток 7 650 KZT. Полный баланс неизвестен.,1,False,real,2,1,78168.00000000,7650.00000000,False
100000003888197100,terminal,0.50206774,11,0.24388474,Наблюдаемый получатель: вход 83 167 KZT от 1 отправителей; исходящий поток 0 KZT. Полный баланс неизвестен.,3,False,real,1,0,83167.00000000,0.00000000,False
100000003888271100,transit,0.52338001,23,0.42021691,Признаки транзита: 1 отправителей → 2 получателей; 54% входящих сопоставлены с более поздними исходящими за ≤2 суток.,1,False,real,1,2,12177.00000000,25590.00000000,False
100000003888527100,terminal,0.46287916,60,0.22641228,Наблюдаемый получатель: вход 30 000 KZT от 1 отправителей; исходящий поток 0 KZT. Полный баланс неизвестен.,3,False,real,1,0,30000.00000000,0.00000000,False
100000003896956100,transit,0.71511111,4,0.53382438,Признаки транзита: 1 отправителей → 1 получателей; 100% входящих сопоставлены с более поздними исходящими за ≤2 суток.,3,False,real,1,1,10000.00000000,27000.00000000,False
100000003899325100,terminal,0.48534630,16,0.23247653,Наблюдаемый получатель: вход 50 120 KZT от 1 отправителей; исходящий поток 0 KZT. Полный баланс неизвестен.,3,False,real,1,0,50120.00000000,0.00000000,False
100000003899899100,terminal,0.76292100,4,0.54192281,Наблюдаемый получатель: вход 218 500 KZT от 2 отправителей; исходящий поток 10 000 KZT. Полный баланс неизвестен.,3,False,real,2,1,218500.00000000,10000.00000000,False
100000003900547100,terminal,0.45101946,4,0.20733760,Наблюдаемый получатель: вход 23 700 KZT от 1 отправителей; исходящий поток 0 KZT. Полный баланс неизвестен.,1,False,real,1,0,23700.00000000,0.00000000,False
100000003904497100,peripheral,0.45500000,35,0.11405245,Недостаточно признаков: 1 отправителей  0 получателей; 1 наблюдаемых участий в переводах. Depth=4: обрыв наблюдения.,4,False,real,1,0,10000.00000000,0.00000000,True
100000003917461100,peripheral,1.00000000,9,0.47889856,Недостаточно признаков: 1 отправителей  2 получателей; 6 наблюдаемых участий в переводах.,3,False,real,1,2,10000.00000000,140000.00000000,False
100000003920950100,terminal,0.54412916,1,0.27775192,Наблюдаемый получатель: вход 323 290 KZT от 1 отправителей; исходящий поток 0 KZT. Полный баланс неизвестен.,3,False,real,1,0,323290.00000000,0.00000000,False
100000003922499100,terminal,0.48394671,9,0.18755895,Наблюдаемый получатель: вход 50 000 KZT от 1 отправителей; исходящий поток 0 KZT. Полный баланс неизвестен.,2,False,real,1,0,50000.00000000,0.00000000,False
100000003923946100,distributor,0.43521706,40,0.55598919,Признаки распределения: 4 получателей  675 000 KZT исходящих; 4 переводов.,1,False,real,1,4,282000.00000000,675000.00000000,False
100000003927792100,terminal,0.42496132,4,0.19139847,Наблюдаемый получатель: вход 13 067 KZT от 1 отправителей; исходящий поток 0 KZT. Полный баланс неизвестен.,2,False,real,1,0,13067.00000000,0.00000000,False
100000003934614100,transit,0.38441176,17,0.47238210,Признаки транзита: 2 отправителей → 1 получателей; 26% входящих сопоставлены с более поздними исходящими за ≤2 суток.,3,False,real,2,1,17000.00000000,11500.00000000,False
100000003942602100,peripheral,0.65000000,33,0.18048735,Недостаточно признаков: 1 отправителей  1 получателей; 2 наблюдаемых участий в переводах.,1,False,real,1,1,30000.00000000,30000.00000000,False
100000003943247100,terminal,0.47348660,7,0.22556959,Наблюдаемый получатель: вход 40 000 KZT от 1 отправителей; исходящий поток 0 KZT. Полный баланс неизвестен.,3,False,real,1,0,40000.00000000,0.00000000,False
100000003943483100,terminal,0.41444228,9,0.21180358,Наблюдаемый получатель: вход 10 000 KZT от 1 отправителей; исходящий поток 0 KZT. Полный баланс неизвестен.,2,False,real,1,0,10000.00000000,0.00000000,False
100000003946524100,peripheral,1.00000000,3,0.56014253,Недостаточно признаков: 2 отправителей  2 получателей; 4 наблюдаемых участий в переводах.,1,False,real,2,2,133757.00000000,144750.00000000,False
100000003950749100,peripheral,0.45500000,4,0.09232551,Недостаточно признаков: 1 отправителей  0 получателей; 1 наблюдаемых участий в переводах. Depth=4: обрыв наблюдения.,4,False,real,1,0,7000.00000000,0.00000000,True
100000003951827100,peripheral,1.00000000,5,0.34903495,Недостаточно признаков: 1 отправителей  2 получателей; 3 наблюдаемых участий в переводах.,3,False,real,1,2,9000.00000000,17000.00000000,False
100000003962994100,terminal,0.41444228,20,0.18931270,Наблюдаемый получатель: вход 10 000 KZT от 1 отправителей; исходящий поток 0 KZT. Полный баланс неизвестен.,3,False,real,1,0,10000.00000000,0.00000000,False
100000003964910100,terminal,0.53988373,27,0.31888255,Наблюдаемый получатель: вход 1 000 000 KZT от 2 отправителей; исходящий поток 0 KZT. Полный баланс неизвестен.,3,False,real,2,0,1000000.00000000,0.00000000,False
100000003968044100,distributor,0.40083803,0,0.65753796,Признаки распределения: 3 получателей  311 000 KZT исходящих; 4 переводов.,3,False,real,1,3,40000.00000000,311000.00000000,False
100000003970394100,terminal,0.50273070,9,0.19874627,Наблюдаемый получатель: вход 85 000 KZT от 1 отправителей; исходящий поток 0 KZT. Полный баланс неизвестен.,1,False,real,1,0,85000.00000000,0.00000000,False
100000003971049100,terminal,0.75371290,27,0.43722077,Наблюдаемый получатель: вход 55 900 KZT от 1 отправителей; исходящий поток 0 KZT. Полный баланс неизвестен.,2,False,real,1,0,55900.00000000,0.00000000,False
100000003975102100,peripheral,0.90000000,17,0.45699861,Недостаточно признаков: 1 отправителей  2 получателей; 3 наблюдаемых участий в переводах. Seed: вход неполон.,0,True,real,1,2,25650.00000000,88500.00000000,False
100000003977183100,distributor,0.50326157,40,0.48953168,Признаки распределения: 4 получателей  766 000 KZT исходящих; 6 переводов. Seed: вход неполон.,0,True,real,2,4,123800.00000000,766000.00000000,False
100000003980083100,terminal,0.46287916,55,0.17450840,Наблюдаемый получатель: вход 30 000 KZT от 1 отправителей; исходящий поток 0 KZT. Полный баланс неизвестен.,1,False,real,1,0,30000.00000000,0.00000000,False
100000003985389100,peripheral,0.70000000,16,0.25863967,Недостаточно признаков: 1 отправителей  0 получателей; 16 наблюдаемых участий в переводах. Depth=4: обрыв наблюдения.,4,False,real,1,0,422698.00000000,0.00000000,True
100000003986141100,terminal,0.39866372,43,0.18408552,Наблюдаемый получатель: вход 5 286 KZT от 1 отправителей; исходящий поток 0 KZT. Полный баланс неизвестен.,3,False,real,1,0,5286.32000000,0.00000000,False
100000003988112100,transit,0.45521739,47,0.62236277,Признаки транзита: 1 отправителей → 1 получателей; 37% входящих сопоставлены с более поздними исходящими за ≤2 суток.,2,False,real,1,1,92000.00000000,64000.00000000,False
100000003989033100,peripheral,0.70000000,40,0.21821547,Недостаточно признаков: 1 отправителей  0 получателей; 13 наблюдаемых участий в переводах. Depth=4: обрыв наблюдения.,4,False,real,1,0,373400.00000000,0.00000000,True
100000003996562100,terminal,0.40577954,5,0.19150199,Наблюдаемый получатель: вход 7 700 KZT от 1 отправителей; исходящий поток 0 KZT. Полный баланс неизвестен.,3,False,real,1,0,7700.00000000,0.00000000,False
100000004004621100,terminal,0.51002720,13,0.57967496,Наблюдаемый получатель: вход 75 389 KZT от 3 отправителей; исходящий поток 0 KZT. Полный баланс неизвестен.,1,False,real,3,0,75389.00000000,0.00000000,False
100000004005964100,peripheral,0.32600601,58,0.39344094,Недостаточно признаков: 3 отправителей  3 получателей; 14 наблюдаемых участий в переводах.,1,False,real,3,3,97900.00000000,72000.00000000,False
100000004006327100,peripheral,0.70000000,35,0.28728706,Недостаточно признаков: 1 отправителей  0 получателей; 3 наблюдаемых участий в переводах. Depth=4: обрыв наблюдения.,4,False,real,1,0,300000.00000000,0.00000000,True
100000004007116100,distributor,0.31534548,58,0.45801457,Признаки распределения: 4 получателей  148 000 KZT исходящих; 6 переводов. Seed: вход неполон.,0,True,real,3,4,764704.00000000,148000.00000000,False
100000004007197100,terminal,0.41815488,34,0.13037596,Наблюдаемый получатель: вход 10 048 KZT от 1 отправителей; исходящий поток 0 KZT. Полный баланс неизвестен.,3,False,real,1,0,10048.00000000,0.00000000,False
100000004013952100,peripheral,0.45500000,0,0.09082949,Недостаточно признаков: 1 отправителей  0 получателей; 1 наблюдаемых участий в переводах. Depth=4: обрыв наблюдения.,4,False,real,1,0,5500.00000000,0.00000000,True
100000004015047100,consolidator,0.65864986,40,0.78425776,Признаки консолидации: 9 отправителей  919 104 KZT входящих  1 получателей.,1,False,real,9,1,919104.00000000,69195.00000000,False
100000004017410100,distributor,0.58425251,17,0.62235817,Признаки распределения: 5 получателей  1 330 915 KZT исходящих; 11 переводов.,3,False,real,2,5,193650.00000000,1330915.00000000,False
100000004019056100,peripheral,0.45500000,13,0.11321176,Недостаточно признаков: 1 отправителей  0 получателей; 1 наблюдаемых участий в переводах. Depth=4: обрыв наблюдения.,4,False,real,1,0,50000.00000000,0.00000000,True
100000004019124100,consolidator,0.34013962,17,0.46999002,Признаки консолидации: 3 отправителей  193 000 KZT входящих  0 получателей. Seed: вход неполон.,0,True,real,3,0,193000.00000000,0.00000000,False
100000004021459100,peripheral,0.31500000,63,0.01225350,Недостаточно признаков: 0 отправителей  0 получателей; 0 наблюдаемых участий в переводах. Seed: вход неполон.,0,True,real,0,0,0.00000000,0.00000000,False
100000004030553100,peripheral,0.45500000,44,0.08890949,Недостаточно признаков: 1 отправителей  0 получателей; 1 наблюдаемых участий в переводах. Depth=4: обрыв наблюдения.,4,False,real,1,0,70000.00000000,0.00000000,True
100000004035925100,peripheral,0.45500000,4,0.16661726,Недостаточно признаков: 1 отправителей  0 получателей; 2 наблюдаемых участий в переводах. Depth=4: обрыв наблюдения.,4,False,real,1,0,1111588.00000000,0.00000000,True
100000004041163100,peripheral,0.90000000,47,0.49493916,Недостаточно признаков: 1 отправителей  2 получателей; 7 наблюдаемых участий в переводах. Seed: вход неполон.,0,True,real,1,2,50000.00000000,866000.00000000,False
100000004041294100,peripheral,0.45500000,14,0.12097335,Недостаточно признаков: 1 отправителей  0 получателей; 2 наблюдаемых участий в переводах. Depth=4: обрыв наблюдения.,4,False,real,1,0,17800.00000000,0.00000000,True
100000004047887100,peripheral,0.45500000,11,0.09056913,Недостаточно признаков: 1 отправителей  0 получателей; 1 наблюдаемых участий в переводах. Depth=4: обрыв наблюдения.,4,False,real,1,0,30000.00000000,0.00000000,True
100000004049912100,peripheral,0.45500000,1,0.08813063,Недостаточно признаков: 1 отправителей  0 получателей; 1 наблюдаемых участий в переводах. Depth=4: обрыв наблюдения.,4,False,real,1,0,10000.00000000,0.00000000,True
100000004058740100,terminal,0.46287916,33,0.15870971,Наблюдаемый получатель: вход 30 000 KZT от 1 отправителей; исходящий поток 0 KZT. Полный баланс неизвестен.,1,False,real,1,0,30000.00000000,0.00000000,False
100000004064431100,peripheral,0.21600000,34,0.13845355,Недостаточно признаков: 1 отправителей  1 получателей; 2 наблюдаемых участий в переводах.,3,False,real,1,1,26000.00000000,10000.00000000,False
100000004066370100,peripheral,0.45500000,25,0.11712655,Недостаточно признаков: 1 отправителей  0 получателей; 2 наблюдаемых участий в переводах. Depth=4: обрыв наблюдения.,4,False,real,1,0,65000.00000000,0.00000000,True
100000004066647100,terminal,0.48608293,1,0.23012112,Наблюдаемый получатель: вход 51 000 KZT от 1 отправителей; исходящий поток 0 KZT. Полный баланс неизвестен.,3,False,real,1,0,51000.00000000,0.00000000,False
100000004070318100,distributor,0.61961897,5,0.86747127,Признаки распределения: 19 получателей  551 860 KZT исходящих; 37 переводов.,1,False,real,4,19,207246.55000000,551860.00000000,False
100000004070530100,peripheral,0.45500000,11,0.08430445,Недостаточно признаков: 1 отправителей  0 получателей; 1 наблюдаемых участий в переводах. Depth=4: обрыв наблюдения.,4,False,real,1,0,20000.00000000,0.00000000,True
100000004071070100,peripheral,1.00000000,0,0.46773613,Недостаточно признаков: 2 отправителей  1 получателей; 6 наблюдаемых участий в переводах.,2,False,real,2,1,41000.00000000,6000.00000000,False
100000004071080100,consolidator,0.65293702,0,0.71422312,Признаки консолидации: 9 отправителей  238 600 KZT входящих  2 получателей.,1,False,real,9,2,238600.00000000,46500.00000000,False
100000004071444100,peripheral,0.65000000,0,0.24545338,Недостаточно признаков: 1 отправителей  1 получателей; 2 наблюдаемых участий в переводах.,3,False,real,1,1,247350.00000000,100000.00000000,False
100000004076740100,distributor,0.56366691,17,0.65960023,Признаки распределения: 6 получателей  125 000 KZT исходящих; 10 переводов.,1,False,real,3,6,93250.00000000,125000.00000000,False
100000004077081100,distributor,0.44923557,5,0.71241398,Признаки распределения: 4 получателей  615 000 KZT исходящих; 6 переводов.,3,False,real,1,4,140000.00000000,615000.00000000,False
100000004094958100,peripheral,0.65000000,64,0.15780331,Недостаточно признаков: 1 отправителей  1 получателей; 2 наблюдаемых участий в переводах.,1,False,real,1,1,39000.00000000,40000.00000000,False
100000004096559100,terminal,0.47871665,2,0.18867654,Наблюдаемый получатель: вход 46 200 KZT от 1 отправителей; исходящий поток 0 KZT. Полный баланс неизвестен.,3,False,real,1,0,46200.00000000,0.00000000,False
100000004097972100,terminal,0.74643157,0,0.49210721,Наблюдаемый получатель: вход 118 878 KZT от 1 отправителей; исходящий поток 10 000 KZT. Полный баланс неизвестен.,3,False,real,1,2,118878.00000000,10000.00000000,False
100000004099450100,terminal,0.46497855,1,0.22022497,Наблюдаемый получатель: вход 31 000 KZT от 1 отправителей; исходящий поток 0 KZT. Полный баланс неизвестен.,3,False,real,1,0,31000.00000000,0.00000000,False
100000004105288100,terminal,0.51185506,12,0.34187944,Наблюдаемый получатель: вход 215 000 KZT от 2 отправителей; исходящий поток 0 KZT. Полный баланс неизвестен.,1,False,real,2,0,215000.00000000,0.00000000,False
100000004107228100,peripheral,0.45500000,0,0.08511632,Недостаточно признаков: 1 отправителей  0 получателей; 1 наблюдаемых участий в переводах. Depth=4: обрыв наблюдения.,4,False,real,1,0,5000.00000000,0.00000000,True
100000004114962100,terminal,0.50319969,11,0.33803955,Наблюдаемый получатель: вход 165 000 KZT от 2 отправителей; исходящий поток 0 KZT. Полный баланс неизвестен.,3,False,real,2,0,165000.00000000,0.00000000,False
100000004130144100,terminal,0.53149600,2,0.21438235,Наблюдаемый получатель: вход 200 000 KZT от 1 отправителей; исходящий поток 0 KZT. Полный баланс неизвестен.,1,False,real,1,0,200000.00000000,0.00000000,False
100000004134060100,terminal,0.50383565,35,0.26534201,Наблюдаемый получатель: вход 88 179 KZT от 1 отправителей; исходящий поток 0 KZT. Полный баланс неизвестен.,2,False,real,1,0,88179.00000000,0.00000000,False
100000004135268100,transit,0.42703009,54,0.51861483,Признаки транзита: 2 отправителей → 3 получателей; 30% входящих сопоставлены с более поздними исходящими за ≤2 суток.,1,False,real,2,3,1239000.00000000,1000200.00000000,False
100000004140487100,distributor,0.60914859,5,0.79524700,Признаки распределения: 10 получателей  262 600 KZT исходящих; 19 переводов.,3,False,real,1,10,24510.00000000,262600.00000000,False
100000004140994100,terminal,0.44011738,31,0.14444512,Наблюдаемый получатель: вход 18 650 KZT от 1 отправителей; исходящий поток 0 KZT. Полный баланс неизвестен.,3,False,real,1,0,18650.00000000,0.00000000,False
100000004144536100,consolidator,0.49515866,65,0.54425519,Признаки консолидации: 4 отправителей  168 000 KZT входящих  0 получателей.,1,False,real,4,0,168000.00000000,0.00000000,False
100000004150593100,distributor,0.64453537,4,0.81336099,Признаки распределения: 11 получателей  871 165 KZT исходящих; 16 переводов.,2,False,real,1,11,57000.00000000,871165.00000000,False
100000004156082100,distributor,0.67451106,4,0.83795690,Признаки распределения: 26 получателей  2 319 556 KZT исходящих; 29 переводов.,1,False,real,5,26,377366.11000000,2319556.00000000,False
100000004158362100,terminal,0.42135184,5,0.19301373,Наблюдаемый получатель: вход 12 000 KZT от 1 отправителей; исходящий поток 0 KZT. Полный баланс неизвестен.,2,False,real,1,0,12000.00000000,0.00000000,False
100000004159526100,consolidator,0.43880875,19,0.69212235,Признаки консолидации: 4 отправителей  275 037 KZT входящих  4 получателей.,1,False,real,4,4,275037.00000000,68000.00000000,False
100000004160650100,distributor,0.59597541,34,0.63612914,Признаки распределения: 10 получателей  1 489 827 KZT исходящих; 40 переводов.,2,False,real,2,10,75100.00000000,1489827.00000000,False
100000004167082100,peripheral,0.45500000,13,0.09294879,Недостаточно признаков: 1 отправителей  0 получателей; 1 наблюдаемых участий в переводах. Depth=4: обрыв наблюдения.,4,False,real,1,0,13300.00000000,0.00000000,True
100000004174835100,peripheral,0.31500000,66,0.01225350,Недостаточно признаков: 0 отправителей  0 получателей; 0 наблюдаемых участий в переводах. Seed: вход неполон.,0,True,real,0,0,0.00000000,0.00000000,False
100000004177936100,peripheral,0.45500000,0,0.09895506,Недостаточно признаков: 1 отправителей  0 получателей; 1 наблюдаемых участий в переводах. Depth=4: обрыв наблюдения.,4,False,real,1,0,10000.00000000,0.00000000,True
100000004180097100,coordinator,0.35862189,30,0.63121959,Кандидат в координаторы: 6 связей  7 связанных seed; 17% связей между кластерами.,1,False,real,3,3,104854.00000000,47800.00000000,False
100000004183610100,transit,0.41191654,16,0.55375077,Признаки транзита: 1 отправителей → 1 получателей; 68% входящих сопоставлены с более поздними исходящими за ≤2 суток.,3,False,real,1,1,22000.00000000,915000.00000000,False
100000004184158100,terminal,0.53263778,0,0.26951414,Наблюдаемый получатель: вход 203 805 KZT от 1 отправителей; исходящий поток 0 KZT. Полный баланс неизвестен.,3,False,real,1,0,203805.00000000,0.00000000,False
100000004185681100,terminal,0.41444228,5,0.19103986,Наблюдаемый получатель: вход 10 000 KZT от 1 отправителей; исходящий поток 0 KZT. Полный баланс неизвестен.,3,False,real,1,0,10000.00000000,0.00000000,False
100000004186824100,terminal,0.80671116,4,0.65712300,Наблюдаемый получатель: вход 451 700 KZT от 2 отправителей; исходящий поток 7 000 KZT. Полный баланс неизвестен.,1,False,real,2,1,451700.00000000,7000.00000000,False
100000004188160100,distributor,0.47770407,4,0.69161881,Признаки распределения: 5 получателей  133 846 KZT исходящих; 6 переводов.,1,False,real,2,5,87862.00000000,133846.00000000,False
100000004192107100,terminal,0.45422379,25,0.22438517,Наблюдаемый получатель: вход 25 000 KZT от 1 отправителей; исходящий поток 0 KZT. Полный баланс неизвестен.,2,False,real,1,0,25000.00000000,0.00000000,False
100000004192865100,terminal,0.49499612,26,0.19517586,Наблюдаемый получатель: вход 66 666 KZT от 1 отправителей; исходящий поток 0 KZT. Полный баланс неизвестен.,2,False,real,1,0,66666.00000000,0.00000000,False
100000004193835100,peripheral,0.58500000,4,0.24442729,Недостаточно признаков: 1 отправителей  1 получателей; 2 наблюдаемых участий в переводах. Seed: вход неполон.,0,True,real,1,1,47000.00000000,5000.00000000,False
100000004200745100,peripheral,0.70000000,9,0.28306952,Недостаточно признаков: 1 отправителей  0 получателей; 4 наблюдаемых участий в переводах. Depth=4: обрыв наблюдения.,4,False,real,1,0,130000.00000000,0.00000000,True
100000004206046100,terminal,0.42011431,4,0.19066938,Наблюдаемый получатель: вход 11 075 KZT от 1 отправителей; исходящий поток 0 KZT. Полный баланс неизвестен.,1,False,real,1,0,11075.00000000,0.00000000,False
100000004209339100,peripheral,1.00000000,12,0.53066066,Недостаточно признаков: 1 отправителей  2 получателей; 17 наблюдаемых участий в переводах.,2,False,real,1,2,138500.00000000,238500.00000000,False
100000004213658100,terminal,0.45573388,33,0.15354778,Наблюдаемый получатель: вход 25 347 KZT от 1 отправителей; исходящий поток 0 KZT. Полный баланс неизвестен.,1,False,real,1,0,25347.00000000,0.00000000,False
100000004217419100,terminal,0.72319507,0,0.53249206,Наблюдаемый получатель: вход 118 200 KZT от 2 отправителей; исходящий поток 7 700 KZT. Полный баланс неизвестен.,3,False,real,2,1,118200.00000000,7700.00000000,False
100000004218576100,terminal,0.45687565,33,0.15434256,Наблюдаемый получатель: вход 26 144 KZT от 1 отправителей; исходящий поток 0 KZT. Полный баланс неизвестен.,1,False,real,1,0,26144.00000000,0.00000000,False
100000004221668100,consolidator,0.46396131,40,0.54286056,Признаки консолидации: 4 отправителей  1 128 300 KZT входящих  3 получателей.,2,False,real,4,3,1128300.00000000,731440.00000000,False
100000004222274100,peripheral,0.45500000,5,0.09782519,Недостаточно признаков: 1 отправителей  0 получателей; 1 наблюдаемых участий в переводах. Depth=4: обрыв наблюдения.,4,False,real,1,0,15500.00000000,0.00000000,True
100000004225615100,terminal,0.50460910,6,0.22983905,Наблюдаемый получатель: вход 90 000 KZT от 1 отправителей; исходящий поток 0 KZT. Полный баланс неизвестен.,2,False,real,1,0,90000.00000000,0.00000000,False
100000004226848100,terminal,0.54324521,3,0.32180132,Наблюдаемый получатель: вход 301 866 KZT от 1 отправителей; исходящий поток 0 KZT. Полный баланс неизвестен.,1,False,real,1,0,301866.00000000,0.00000000,False
100000004232712100,peripheral,0.45500000,11,0.09488709,Недостаточно признаков: 1 отправителей  0 получателей; 1 наблюдаемых участий в переводах. Depth=4: обрыв наблюдения.,4,False,real,1,0,12500.00000000,0.00000000,True
100000004235471100,peripheral,0.45500000,11,0.12309271,Недостаточно признаков: 1 отправителей  0 получателей; 1 наблюдаемых участий в переводах. Depth=4: обрыв наблюдения.,4,False,real,1,0,180000.00000000,0.00000000,True
100000004241142100,peripheral,0.45500000,7,0.10469673,Недостаточно признаков: 1 отправителей  0 получателей; 1 наблюдаемых участий в переводах. Depth=4: обрыв наблюдения.,4,False,real,1,0,27102.00000000,0.00000000,True
100000004254434100,terminal,0.47665409,33,0.20857033,Наблюдаемый получатель: вход 44 445 KZT от 1 отправителей; исходящий поток 0 KZT. Полный баланс неизвестен.,1,False,real,1,0,44445.00000000,0.00000000,False
100000004257714100,terminal,0.48696688,31,0.17705059,Наблюдаемый получатель: вход 52 220 KZT от 1 отправителей; исходящий поток 0 KZT. Полный баланс неизвестен.,3,False,real,1,0,52220.00000000,0.00000000,False
100000004260869100,peripheral,0.45500000,4,0.09609313,Недостаточно признаков: 1 отправителей  0 получателей; 1 наблюдаемых участий в переводах. Depth=4: обрыв наблюдения.,4,False,real,1,0,10000.00000000,0.00000000,True
100000004261340100,peripheral,0.70000000,5,0.23406569,Недостаточно признаков: 1 отправителей  0 получателей; 4 наблюдаемых участий в переводах. Depth=4: обрыв наблюдения.,4,False,real,1,0,48500.00000000,0.00000000,True
100000004263867100,peripheral,0.45500000,24,0.05862609,Недостаточно признаков: 1 отправителей  0 получателей; 1 наблюдаемых участий в переводах. Depth=4: обрыв наблюдения.,4,False,real,1,0,9000.00000000,0.00000000,True
100000004265639100,peripheral,0.45500000,0,0.09433628,Недостаточно признаков: 1 отправителей  0 получателей; 1 наблюдаемых участий в переводах. Depth=4: обрыв наблюдения.,4,False,real,1,0,10000.00000000,0.00000000,True
100000004268036100,peripheral,0.45500000,24,0.05501608,Недостаточно признаков: 1 отправителей  0 получателей; 1 наблюдаемых участий в переводах. Depth=4: обрыв наблюдения.,4,False,real,1,0,5500.00000000,0.00000000,True
100000004269433100,peripheral,0.90000000,12,0.38940011,Недостаточно признаков: 0 отправителей  1 получателей; 67 наблюдаемых участий в переводах. Seed: вход неполон.,0,True,real,0,1,0.00000000,1372000.00000000,False
100000004272302100,peripheral,0.45500000,5,0.07776899,Недостаточно признаков: 1 отправителей  0 получателей; 1 наблюдаемых участий в переводах. Depth=4: обрыв наблюдения.,4,False,real,1,0,10000.00000000,0.00000000,True
100000004278574100,peripheral,0.65000000,11,0.20034017,Недостаточно признаков: 1 отправителей  1 получателей; 2 наблюдаемых участий в переводах.,3,False,real,1,1,25000.00000000,12500.00000000,False
100000004285800100,peripheral,0.65000000,0,0.21133717,Недостаточно признаков: 1 отправителей  1 получателей; 2 наблюдаемых участий в переводах.,2,False,real,1,1,5000.00000000,15000.00000000,False
100000004286573100,terminal,0.43518197,9,0.15169214,Наблюдаемый получатель: вход 16 590 KZT от 1 отправителей; исходящий поток 0 KZT. Полный баланс неизвестен.,1,False,real,1,0,16590.00000000,0.00000000,False
100000004291560100,terminal,0.48030040,7,0.23008269,Наблюдаемый получатель: вход 47 190 KZT от 1 отправителей; исходящий поток 0 KZT. Полный баланс неизвестен.,3,False,real,1,0,47190.00000000,0.00000000,False
100000004291663100,peripheral,0.45500000,7,0.10752357,Недостаточно признаков: 1 отправителей  0 получателей; 1 наблюдаемых участий в переводах. Depth=4: обрыв наблюдения.,4,False,real,1,0,25000.00000000,0.00000000,True
100000004292885100,terminal,0.51385378,31,0.19759766,Наблюдаемый получатель: вход 112 700 KZT от 1 отправителей; исходящий поток 0 KZT. Полный баланс неизвестен.,3,False,real,1,0,112700.00000000,0.00000000,False
100000004299488100,consolidator,0.69169928,0,0.71733058,Признаки консолидации: 6 отправителей  1 749 000 KZT входящих  2 получателей.,1,False,real,6,2,1749000.00000000,344999.00000000,False
100000004315838100,peripheral,1.00000000,3,0.46392864,Недостаточно признаков: 2 отправителей  1 получателей; 3 наблюдаемых участий в переводах.,1,False,real,2,1,50000.00000000,18000.00000000,False
100000004318918100,terminal,0.49926856,12,0.26999506,Наблюдаемый получатель: вход 75 600 KZT от 1 отправителей; исходящий поток 0 KZT. Полный баланс неизвестен.,1,False,real,1,0,75600.00000000,0.00000000,False
100000004321983100,peripheral,1.00000000,40,0.31952621,Недостаточно признаков: 1 отправителей  2 получателей; 4 наблюдаемых участий в переводах.,3,False,real,1,2,10840.00000000,36200.00000000,False
100000004325327100,transit,0.76694746,7,0.63224715,Признаки транзита: 2 отправителей → 1 получателей; 67% входящих сопоставлены с более поздними исходящими за ≤2 суток.,1,False,real,2,1,70817.00000000,70000.00000000,False
100000004326224100,peripheral,0.45500000,11,0.11544757,Недостаточно признаков: 1 отправителей  0 получателей; 1 наблюдаемых участий в переводах. Depth=4: обрыв наблюдения.,4,False,real,1,0,60000.00000000,0.00000000,True
100000004330371100,peripheral,1.00000000,4,0.57126522,Недостаточно признаков: 2 отправителей  2 получателей; 18 наблюдаемых участий в переводах.,1,False,real,2,2,264171.00000000,90681.00000000,False
100000004331458100,terminal,0.51631166,64,0.24655780,Наблюдаемый получатель: вход 250 000 KZT от 2 отправителей; исходящий поток 0 KZT. Полный баланс неизвестен.,2,False,real,2,0,250000.00000000,0.00000000,False
100000004336228100,terminal,0.48645124,0,0.27731582,Наблюдаемый получатель: вход 51 407 KZT от 1 отправителей; исходящий поток 0 KZT. Полный баланс неизвестен.,3,False,real,1,0,51407.00000000,0.00000000,False
100000004336312100,peripheral,0.32182613,17,0.45635044,Недостаточно признаков: 3 отправителей  2 получателей; 10 наблюдаемых участий в переводах.,2,False,real,3,2,90415.00000000,72650.00000000,False
100000004340038100,peripheral,0.65000000,13,0.20398885,Недостаточно признаков: 1 отправителей  1 получателей; 2 наблюдаемых участий в переводах.,3,False,real,1,1,9978.00000000,49000.00000000,False
100000004350094100,peripheral,0.45500000,13,0.10912818,Недостаточно признаков: 1 отправителей  0 получателей; 1 наблюдаемых участий в переводах. Depth=4: обрыв наблюдения.,4,False,real,1,0,20000.00000000,0.00000000,True
100000004351795100,distributor,0.65750155,27,0.87563811,Признаки распределения: 14 получателей  1 715 161 KZT исходящих; 37 переводов.,1,False,real,3,14,118333.00000000,1715161.00000000,False
100000004356593100,peripheral,0.65000000,5,0.20773984,Недостаточно признаков: 1 отправителей  1 получателей; 2 наблюдаемых участий в переводах.,2,False,real,1,1,50000.00000000,10000.00000000,False
100000004358004100,distributor,0.76036582,25,0.52277069,Признаки распределения: 11 получателей  980 850 KZT исходящих; 17 переводов. Seed: вход неполон.,0,True,real,0,11,0.00000000,980850.00000000,False
100000004360785100,terminal,0.50678215,4,0.24720810,Наблюдаемый получатель: вход 94 705 KZT от 1 отправителей; исходящий поток 0 KZT. Полный баланс неизвестен.,1,False,real,1,0,94705.00000000,0.00000000,False
100000004368189100,terminal,0.80246054,24,0.43743677,Наблюдаемый получатель: вход 384 600 KZT от 1 отправителей; исходящий поток 28 200 KZT. Полный баланс неизвестен.,3,False,real,1,2,384600.00000000,28200.00000000,False
100000004377043100,peripheral,0.45500000,17,0.08753272,Недостаточно признаков: 1 отправителей  0 получателей; 1 наблюдаемых участий в переводах. Depth=4: обрыв наблюдения.,4,False,real,1,0,5700.00000000,0.00000000,True
100000004379306100,peripheral,0.45500000,0,0.09672414,Недостаточно признаков: 1 отправителей  0 получателей; 1 наблюдаемых участий в переводах. Depth=4: обрыв наблюдения.,4,False,real,1,0,15000.00000000,0.00000000,True
100000004386258100,peripheral,0.32781543,9,0.50210848,Недостаточно признаков: 3 отправителей  3 получателей; 6 наблюдаемых участий в переводах.,2,False,real,3,3,61700.00000000,40000.00000000,False
100000004386286100,peripheral,0.45500000,9,0.12162121,Недостаточно признаков: 1 отправителей  0 получателей; 1 наблюдаемых участий в переводах. Depth=4: обрыв наблюдения.,4,False,real,1,0,12500.00000000,0.00000000,True
100000004386331100,peripheral,1.00000000,9,0.44709708,Недостаточно признаков: 1 отправителей  2 получателей; 3 наблюдаемых участий в переводах.,3,False,real,1,2,20000.00000000,17500.00000000,False
100000004388209100,terminal,0.42073308,33,0.13172152,Наблюдаемый получатель: вход 11 800 KZT от 1 отправителей; исходящий поток 0 KZT. Полный баланс неизвестен.,1,False,real,1,0,11800.00000000,0.00000000,False
100000004388353100,terminal,0.47141422,12,0.32979491,Наблюдаемый получатель: вход 62 960 KZT от 2 отправителей; исходящий поток 0 KZT. Полный баланс неизвестен.,1,False,real,2,0,62960.00000000,0.00000000,False
100000004388983100,peripheral,0.90000000,67,0.27476481,Недостаточно признаков: 0 отправителей  2 получателей; 23 наблюдаемых участий в переводах. Seed: вход неполон.,0,True,real,0,2,0.00000000,450816.00000000,False
100000004390333100,distributor,0.66029535,5,0.82796464,Признаки распределения: 9 получателей  506 500 KZT исходящих; 14 переводов.,1,False,real,2,9,64558.00000000,506500.00000000,False
100000004394765100,consolidator,0.45330755,4,0.69135000,Признаки консолидации: 3 отправителей  603 844 KZT входящих  2 получателей.,1,False,real,3,2,603844.00000000,82500.00000000,False
100000004398811100,distributor,0.44542331,30,0.49604182,Признаки распределения: 3 получателей  1 040 672 KZT исходящих; 4 переводов.,2,False,real,1,3,426000.00000000,1040672.00000000,False
100000004399686100,terminal,0.56026130,21,0.27570289,Наблюдаемый получатель: вход 806 000 KZT от 1 отправителей; исходящий поток 0 KZT. Полный баланс неизвестен.,3,False,real,1,0,806000.00000000,0.00000000,False
100000004400305100,distributor,0.66490966,7,0.89798829,Признаки распределения: 82 получателей  5 830 181 KZT исходящих; 101 переводов.,2,False,real,7,82,222800.00000000,5830181.00000000,False
100000004400361100,terminal,0.41444228,30,0.18072965,Наблюдаемый получатель: вход 10 000 KZT от 1 отправителей; исходящий поток 0 KZT. Полный баланс неизвестен.,2,False,real,1,0,10000.00000000,0.00000000,False
100000004400480100,peripheral,0.45500000,24,0.08284424,Недостаточно признаков: 1 отправителей  0 получателей; 1 наблюдаемых участий в переводах. Depth=4: обрыв наблюдения.,4,False,real,1,0,21700.00000000,0.00000000,True
100000004403548100,peripheral,0.45500000,0,0.08686814,Недостаточно признаков: 1 отправителей  0 получателей; 1 наблюдаемых участий в переводах. Depth=4: обрыв наблюдения.,4,False,real,1,0,5000.00000000,0.00000000,True
100000004403641100,peripheral,0.45500000,35,0.14238025,Недостаточно признаков: 1 отправителей  0 получателей; 1 наблюдаемых участий в переводах. Depth=4: обрыв наблюдения.,4,False,real,1,0,171500.00000000,0.00000000,True
100000004403675100,coordinator,0.46759124,47,0.81736994,Кандидат в координаторы: 9 связей  32 связанных seed; 44% связей между кластерами.,1,False,real,4,5,182980.00000000,264699.00000000,False
100000004407753100,peripheral,0.31400000,17,0.44485288,Недостаточно признаков: 1 отправителей  1 получателей; 5 наблюдаемых участий в переводах.,3,False,real,1,1,250000.00000000,100000.00000000,False
100000004408683100,terminal,0.75755092,4,0.49921337,Наблюдаемый получатель: вход 112 920 KZT от 2 отправителей; исходящий поток 0 KZT. Полный баланс неизвестен.,1,False,real,2,0,112919.68000000,0.00000000,False
100000004410489100,terminal,0.48858746,13,0.23909975,Наблюдаемый получатель: вход 54 000 KZT от 1 отправителей; исходящий поток 0 KZT. Полный баланс неизвестен.,2,False,real,1,0,54000.00000000,0.00000000,False
100000004417753100,terminal,0.50787727,0,0.29119654,Наблюдаемый получатель: вход 192 099 KZT от 2 отправителей; исходящий поток 0 KZT. Полный баланс неизвестен.,3,False,real,2,0,192099.00000000,0.00000000,False
100000004418967100,peripheral,0.45500000,35,0.13950626,Недостаточно признаков: 1 отправителей  0 получателей; 1 наблюдаемых участий в переводах. Depth=4: обрыв наблюдения.,4,False,real,1,0,100000.00000000,0.00000000,True
100000004420041100,distributor,0.71660736,9,0.63646934,Признаки распределения: 7 получателей  651 830 KZT исходящих; 11 переводов.,3,False,real,1,7,69638.00000000,651830.00000000,False
100000004424023100,peripheral,0.65000000,40,0.25865640,Недостаточно признаков: 1 отправителей  1 получателей; 2 наблюдаемых участий в переводах.,2,False,real,1,1,50000.00000000,100000.00000000,False
100000004433250100,peripheral,0.45500000,7,0.08431741,Недостаточно признаков: 1 отправителей  0 получателей; 1 наблюдаемых участий в переводах. Depth=4: обрыв наблюдения.,4,False,real,1,0,8000.00000000,0.00000000,True
100000004435304100,terminal,0.45775960,29,0.15631415,Наблюдаемый получатель: вход 26 200 KZT от 1 отправителей; исходящий поток 0 KZT. Полный баланс неизвестен.,2,False,real,1,0,26200.00000000,0.00000000,False
100000004441291100,terminal,0.44339537,3,0.24619819,Наблюдаемый получатель: вход 20 000 KZT от 1 отправителей; исходящий поток 0 KZT. Полный баланс неизвестен.,2,False,real,1,0,20000.00000000,0.00000000,False
100000004445291100,terminal,0.44111182,14,0.24314129,Наблюдаемый получатель: вход 19 500 KZT от 1 отправителей; исходящий поток 0 KZT. Полный баланс неизвестен.,3,False,real,1,0,19500.00000000,0.00000000,False
100000004449824100,peripheral,0.45500000,24,0.05862609,Недостаточно признаков: 1 отправителей  0 получателей; 1 наблюдаемых участий в переводах. Depth=4: обрыв наблюдения.,4,False,real,1,0,9000.00000000,0.00000000,True
100000004450649100,peripheral,1.00000000,1,0.51459462,Недостаточно признаков: 2 отправителей  2 получателей; 4 наблюдаемых участий в переводах.,3,False,real,2,2,192528.00000000,46527.00000000,False
100000004451012100,peripheral,0.38491997,1,0.39477290,Недостаточно признаков: 1 отправителей  3 получателей; 4 наблюдаемых участий в переводах.,3,False,real,1,3,91245.00000000,65740.00000000,False
100000004456564100,terminal,0.41444228,19,0.25452104,Наблюдаемый получатель: вход 10 000 KZT от 1 отправителей; исходящий поток 0 KZT. Полный баланс неизвестен.,2,False,real,1,0,10000.00000000,0.00000000,False
100000004463277100,terminal,0.46891951,32,0.18166488,Наблюдаемый получатель: вход 35 000 KZT от 1 отправителей; исходящий поток 0 KZT. Полный баланс неизвестен.,2,False,real,1,0,35000.00000000,0.00000000,False
100000004467157100,peripheral,1.00000000,17,0.38867646,Недостаточно признаков: 1 отправителей  1 получателей; 4 наблюдаемых участий в переводах.,2,False,real,1,1,20000.00000000,7000.00000000,False
100000004472936100,peripheral,0.45500000,13,0.08994735,Недостаточно признаков: 1 отправителей  0 получателей; 1 наблюдаемых участий в переводах. Depth=4: обрыв наблюдения.,4,False,real,1,0,5000.00000000,0.00000000,True
100000004475818100,transit,0.57017813,25,0.68708472,Признаки транзита: 1 отправителей → 3 получателей; 100% входящих сопоставлены с более поздними исходящими за ≤2 суток.,3,False,real,1,3,13000.00000000,53989.00000000,False
100000004479404100,peripheral,1.00000000,48,0.55582300,Недостаточно признаков: 2 отправителей  1 получателей; 10 наблюдаемых участий в переводах.,2,False,real,2,1,1492000.00000000,300000.00000000,False
100000004480280100,transit,0.49929282,16,0.69051253,Признаки транзита: 1 отправителей → 2 получателей; 48% входящих сопоставлены с более поздними исходящими за ≤2 суток.,1,False,real,1,2,146694.00000000,295850.00000000,False
100000004486525100,consolidator,0.69014221,5,0.62752141,Признаки консолидации: 8 отправителей  360 924 KZT входящих  2 получателей.,2,False,real,8,2,360924.00000000,271045.00000000,False
100000004488265100,terminal,0.47193968,0,0.22852495,Наблюдаемый получатель: вход 38 740 KZT от 1 отправителей; исходящий поток 0 KZT. Полный баланс неизвестен.,3,False,real,1,0,38740.00000000,0.00000000,False
100000004491749100,terminal,0.48394671,40,0.18174326,Наблюдаемый получатель: вход 50 000 KZT от 1 отправителей; исходящий поток 0 KZT. Полный баланс неизвестен.,3,False,real,1,0,50000.00000000,0.00000000,False
100000004491881100,terminal,0.43602909,33,0.14062108,Наблюдаемый получатель: вход 17 144 KZT от 1 отправителей; исходящий поток 0 KZT. Полный баланс неизвестен.,1,False,real,1,0,17144.00000000,0.00000000,False
100000004493586100,terminal,0.40536703,5,0.18922621,Наблюдаемый получатель: вход 7 500 KZT от 1 отправителей; исходящий поток 0 KZT. Полный баланс неизвестен.,3,False,real,1,0,7500.00000000,0.00000000,False
100000004494983100,terminal,0.46891951,33,0.16325469,Наблюдаемый получатель: вход 35 000 KZT от 1 отправителей; исходящий поток 0 KZT. Полный баланс неизвестен.,1,False,real,1,0,35000.00000000,0.00000000,False
100000004497606100,terminal,0.43264061,33,0.13802358,Наблюдаемый получатель: вход 15 534 KZT от 1 отправителей; исходящий поток 0 KZT. Полный баланс неизвестен.,1,False,real,1,0,15534.00000000,0.00000000,False
100000004500444100,peripheral,1.00000000,19,0.46915230,Недостаточно признаков: 2 отправителей  1 получателей; 12 наблюдаемых участий в переводах.,3,False,real,2,1,180000.00000000,74000.00000000,False
100000004500781100,peripheral,0.70000000,19,0.23572262,Недостаточно признаков: 1 отправителей  0 получателей; 5 наблюдаемых участий в переводах. Depth=4: обрыв наблюдения.,4,False,real,1,0,74000.00000000,0.00000000,True
100000004502048100,peripheral,0.45500000,1,0.09142672,Недостаточно признаков: 1 отправителей  0 получателей; 1 наблюдаемых участий в переводах. Depth=4: обрыв наблюдения.,4,False,real,1,0,13888.00000000,0.00000000,True
100000004508696100,transit,0.53258360,20,0.60280544,Признаки транзита: 1 отправителей → 3 получателей; 100% входящих сопоставлены с более поздними исходящими за ≤2 суток.,3,False,real,1,3,7000.00000000,111000.00000000,False
100000004509286100,terminal,0.47348660,3,0.26912930,Наблюдаемый получатель: вход 40 000 KZT от 1 отправителей; исходящий поток 0 KZT. Полный баланс неизвестен.,1,False,real,1,0,40000.00000000,0.00000000,False
100000004526651100,peripheral,0.45500000,35,0.11985323,Недостаточно признаков: 1 отправителей  0 получателей; 1 наблюдаемых участий в переводах. Depth=4: обрыв наблюдения.,4,False,real,1,0,33000.00000000,0.00000000,True
100000004527381100,peripheral,0.65000000,4,0.31332831,Недостаточно признаков: 1 отправителей  1 получателей; 2 наблюдаемых участий в переводах.,2,False,real,1,1,119333.17000000,273866.11000000,False
100000004539443100,terminal,0.47104591,3,0.29953354,Наблюдаемый получатель: вход 61 990 KZT от 2 отправителей; исходящий поток 0 KZT. Полный баланс неизвестен.,3,False,real,2,0,61990.00000000,0.00000000,False
100000004544958100,peripheral,1.00000000,12,0.50957485,Недостаточно признаков: 1 отправителей  2 получателей; 5 наблюдаемых участий в переводах.,2,False,real,1,2,168000.00000000,23200.00000000,False
100000004549591100,peripheral,0.45500000,20,0.11066587,Недостаточно признаков: 1 отправителей  0 получателей; 1 наблюдаемых участий в переводах. Depth=4: обрыв наблюдения.,4,False,real,1,0,49000.00000000,0.00000000,True
100000004552204100,peripheral,1.00000000,25,0.43985684,Недостаточно признаков: 1 отправителей  2 получателей; 4 наблюдаемых участий в переводах.,3,False,real,1,2,22500.00000000,10000.00000000,False
100000004553349100,terminal,0.40598580,25,0.19258715,Наблюдаемый получатель: вход 7 755 KZT от 1 отправителей; исходящий поток 0 KZT. Полный баланс неизвестен.,3,False,real,1,0,7755.00000000,0.00000000,False
100000004559194100,terminal,0.83258870,4,0.50289816,Наблюдаемый получатель: вход 282 145 KZT от 1 отправителей; исходящий поток 0 KZT. Полный баланс неизвестен.,1,False,real,1,0,282145.00000000,0.00000000,False
100000004564736100,terminal,0.43042709,28,0.23181840,Наблюдаемый получатель: вход 15 000 KZT от 1 отправителей; исходящий поток 0 KZT. Полный баланс неизвестен.,3,False,real,1,0,15000.00000000,0.00000000,False
100000004569484100,coordinator,0.38697158,39,0.73202873,Кандидат в координаторы: 6 связей  32 связанных seed; 50% связей между кластерами.,3,False,real,2,4,98312.00000000,156000.00000000,False
100000004569637100,peripheral,0.45500000,0,0.09167014,Недостаточно признаков: 1 отправителей  0 получателей; 1 наблюдаемых участий в переводах. Depth=4: обрыв наблюдения.,4,False,real,1,0,5500.00000000,0.00000000,True
100000004571634100,peripheral,0.45500000,5,0.11717264,Недостаточно признаков: 1 отправителей  0 получателей; 1 наблюдаемых участий в переводах. Depth=4: обрыв наблюдения.,4,False,real,1,0,20000.00000000,0.00000000,True
100000004573782100,terminal,0.43042709,2,0.14730844,Наблюдаемый получатель: вход 15 000 KZT от 1 отправителей; исходящий поток 0 KZT. Полный баланс неизвестен.,2,False,real,1,0,15000.00000000,0.00000000,False
100000004580202100,transit,0.40684491,28,0.50441294,Признаки транзита: 1 отправителей → 3 получателей; 56% входящих сопоставлены с более поздними исходящими за ≤2 суток.,2,False,real,1,3,9000.00000000,45000.00000000,False
100000004580254100,terminal,0.43782401,27,0.27894688,Наблюдаемый получатель: вход 27 940 KZT от 2 отправителей; исходящий поток 0 KZT. Полный баланс неизвестен.,3,False,real,2,0,27940.00000000,0.00000000,False
100000004584730100,peripheral,0.45500000,48,0.10918781,Недостаточно признаков: 1 отправителей  0 получателей; 1 наблюдаемых участий в переводах. Depth=4: обрыв наблюдения.,4,False,real,1,0,47000.00000000,0.00000000,True
100000004586598100,peripheral,0.70000000,16,0.26657880,Недостаточно признаков: 1 отправителей  0 получателей; 4 наблюдаемых участий в переводах. Depth=4: обрыв наблюдения.,4,False,real,1,0,761255.00000000,0.00000000,True
100000004587414100,terminal,0.53373290,11,0.34657234,Наблюдаемый получатель: вход 533 603 KZT от 2 отправителей; исходящий поток 0 KZT. Полный баланс неизвестен.,3,False,real,2,0,533603.00000000,0.00000000,False
100000004588479100,terminal,0.52689208,4,0.30221202,Наблюдаемый получатель: вход 177 633 KZT от 1 отправителей; исходящий поток 0 KZT. Полный баланс неизвестен.,1,False,real,1,0,177633.00000000,0.00000000,False
100000004591973100,peripheral,0.65000000,9,0.24721751,Недостаточно признаков: 1 отправителей  1 получателей; 2 наблюдаемых участий в переводах.,3,False,real,1,1,10000.00000000,100000.00000000,False
100000004592467100,terminal,0.40428419,3,0.14229005,Наблюдаемый получатель: вход 7 000 KZT от 1 отправителей; исходящий поток 0 KZT. Полный баланс неизвестен.,2,False,real,1,0,7000.00000000,0.00000000,False
100000004596284100,peripheral,0.45500000,4,0.10753313,Недостаточно признаков: 1 отправителей  0 получателей; 1 наблюдаемых участий в переводах. Depth=4: обрыв наблюдения.,4,False,real,1,0,30000.00000000,0.00000000,True
100000004601193100,peripheral,0.70000000,5,0.26741923,Недостаточно признаков: 1 отправителей  0 получателей; 3 наблюдаемых участий в переводах. Depth=4: обрыв наблюдения.,4,False,real,1,0,84000.00000000,0.00000000,True
100000004603109100,consolidator,0.56621280,21,0.54047209,Признаки консолидации: 3 отправителей  2 730 000 KZT входящих  2 получателей.,3,False,real,3,2,2730000.00000000,400000.00000000,False
100000004610802100,peripheral,0.70000000,5,0.25075230,Недостаточно признаков: 1 отправителей  0 получателей; 18 наблюдаемых участий в переводах. Depth=4: обрыв наблюдения.,4,False,real,1,0,241000.00000000,0.00000000,True
100000004611571100,terminal,0.44851493,7,0.21019020,Наблюдаемый получатель: вход 22 550 KZT от 1 отправителей; исходящий поток 0 KZT. Полный баланс неизвестен.,3,False,real,1,0,22550.00000000,0.00000000,False
100000004613582100,peripheral,0.65000000,2,0.13201635,Недостаточно признаков: 1 отправителей  1 получателей; 2 наблюдаемых участий в переводах.,3,False,real,1,1,5000.00000000,9500.00000000,False
100000004616845100,peripheral,0.45500000,19,0.11371378,Недостаточно признаков: 1 отправителей  0 получателей; 2 наблюдаемых участий в переводах. Depth=4: обрыв наблюдения.,4,False,real,1,0,20200.00000000,0.00000000,True
100000004622227100,peripheral,0.34024289,5,0.38367629,Недостаточно признаков: 1 отправителей  3 получателей; 4 наблюдаемых участий в переводах.,1,False,real,1,3,24931.00000000,19000.00000000,False
100000004629688100,peripheral,1.00000000,4,0.35966170,Недостаточно признаков: 1 отправителей  1 получателей; 3 наблюдаемых участий в переводах.,3,False,real,1,1,5000.00000000,15000.00000000,False
100000004634420100,terminal,0.45717030,31,0.15543663,Наблюдаемый получатель: вход 26 150 KZT от 1 отправителей; исходящий поток 0 KZT. Полный баланс неизвестен.,3,False,real,1,0,26150.00000000,0.00000000,False
100000004635886100,terminal,0.44899374,4,0.20725195,Наблюдаемый получатель: вход 23 000 KZT от 1 отправителей; исходящий поток 0 KZT. Полный баланс неизвестен.,3,False,real,1,0,23000.00000000,0.00000000,False
100000004644615100,peripheral,1.00000000,40,0.37761775,Недостаточно признаков: 1 отправителей  2 получателей; 15 наблюдаемых участий в переводах.,3,False,real,1,2,50810.00000000,379665.00000000,False
100000004652395100,consolidator,0.43780780,5,0.35716522,Признаки консолидации: 3 отправителей  101 528 KZT входящих  0 получателей. Depth=4: обрыв наблюдения.,4,False,real,3,0,101528.00000000,0.00000000,True
100000004655046100,peripheral,0.45500000,2,0.12870293,Недостаточно признаков: 1 отправителей  0 получателей; 1 наблюдаемых участий в переводах. Depth=4: обрыв наблюдения.,4,False,real,1,0,24000.00000000,0.00000000,True
100000004657034100,terminal,0.52029927,11,0.25753952,Наблюдаемый получатель: вход 141 250 KZT от 1 отправителей; исходящий поток 0 KZT. Полный баланс неизвестен.,3,False,real,1,0,141250.00000000,0.00000000,False
100000004659919100,peripheral,1.00000000,3,0.46594160,Недостаточно признаков: 1 отправителей  1 получателей; 3 наблюдаемых участий в переводах.,3,False,real,1,1,110000.00000000,39000.00000000,False
100000004662806100,transit,0.47354365,9,0.62025604,Признаки транзита: 2 отправителей → 2 получателей; 55% входящих сопоставлены с более поздними исходящими за ≤2 суток.,1,False,real,2,2,106585.00000000,59900.00000000,False
100000004664515100,terminal,0.47142404,5,0.22866900,Наблюдаемый получатель: вход 37 691 KZT от 1 отправителей; исходящий поток 0 KZT. Полный баланс неизвестен.,1,False,real,1,0,37691.00000000,0.00000000,False
100000004664905100,terminal,0.80424176,4,0.53491588,Наблюдаемый получатель: вход 329 020 KZT от 2 отправителей; исходящий поток 0 KZT. Полный баланс неизвестен.,1,False,real,2,0,329020.00000000,0.00000000,False
100000004666651100,terminal,0.55024317,3,0.30664333,Наблюдаемый получатель: вход 429 250 KZT от 1 отправителей; исходящий поток 0 KZT. Полный баланс неизвестен.,2,False,real,1,0,429250.00000000,0.00000000,False
100000004670388100,peripheral,1.00000000,8,0.46823863,Недостаточно признаков: 1 отправителей  2 получателей; 5 наблюдаемых участий в переводах.,3,False,real,1,2,160354.00000000,720000.00000000,False
100000004671609100,terminal,0.50943401,35,0.27655143,Наблюдаемый получатель: вход 100 000 KZT от 1 отправителей; исходящий поток 0 KZT. Полный баланс неизвестен.,3,False,real,1,0,100000.00000000,0.00000000,False
100000004673335100,peripheral,0.45500000,24,0.12903845,Недостаточно признаков: 1 отправителей  0 получателей; 1 наблюдаемых участий в переводах. Depth=4: обрыв наблюдения.,4,False,real,1,0,80000.00000000,0.00000000,True
100000004674178100,peripheral,0.45500000,14,0.09552732,Недостаточно признаков: 1 отправителей  0 получателей; 1 наблюдаемых участий в переводах. Depth=4: обрыв наблюдения.,4,False,real,1,0,20000.00000000,0.00000000,True
100000004674389100,peripheral,0.45500000,5,0.11273223,Недостаточно признаков: 1 отправителей  0 получателей; 1 наблюдаемых участий в переводах. Depth=4: обрыв наблюдения.,4,False,real,1,0,15000.00000000,0.00000000,True
100000004674412100,peripheral,0.45500000,5,0.13007299,Недостаточно признаков: 1 отправителей  0 получателей; 1 наблюдаемых участий в переводах. Depth=4: обрыв наблюдения.,4,False,real,1,0,46000.00000000,0.00000000,True
100000004674799100,terminal,0.79932714,0,0.49615673,Наблюдаемый получатель: вход 140 000 KZT от 1 отправителей; исходящий поток 0 KZT. Полный баланс неизвестен.,2,False,real,1,0,140000.00000000,0.00000000,False
100000004676985100,peripheral,0.65000000,7,0.20908411,Недостаточно признаков: 1 отправителей  1 получателей; 2 наблюдаемых участий в переводах.,3,False,real,1,1,32260.00000000,27102.00000000,False
100000004677680100,transit,0.33750000,12,0.62019941,Признаки транзита: 2 отправителей → 1 получателей; 29% входящих сопоставлены с более поздними исходящими за ≤2 суток.,1,False,real,2,1,63000.00000000,168000.00000000,False
100000004679953100,terminal,0.49049401,0,0.77097952,Наблюдаемый получатель: вход 343 538 KZT от 3 отправителей; исходящий поток 34 100 KZT. Полный баланс неизвестен.,1,False,real,3,3,343538.00000000,34100.00000000,False
100000004687099100,terminal,0.46287916,2,0.16834188,Наблюдаемый получатель: вход 30 000 KZT от 1 отправителей; исходящий поток 0 KZT. Полный баланс неизвестен.,2,False,real,1,0,30000.00000000,0.00000000,False
100000004687282100,terminal,0.44339537,17,0.19687755,Наблюдаемый получатель: вход 20 000 KZT от 1 отправителей; исходящий поток 0 KZT. Полный баланс неизвестен.,2,False,real,1,0,20000.00000000,0.00000000,False
100000004689658100,terminal,0.54630490,16,0.31743778,Наблюдаемый получатель: вход 456 100 KZT от 1 отправителей; исходящий поток 7 092 KZT. Полный баланс неизвестен.,3,False,real,1,1,456100.00000000,7092.00000000,False
100000004691350100,peripheral,0.45500000,8,0.09843659,Недостаточно признаков: 1 отправителей  0 получателей; 1 наблюдаемых участий в переводах. Depth=4: обрыв наблюдения.,4,False,real,1,0,13300.00000000,0.00000000,True
100000004692798100,terminal,0.75835101,9,0.48965437,Наблюдаемый получатель: вход 240 305 KZT от 2 отправителей; исходящий поток 15 000 KZT. Полный баланс неизвестен.,1,False,real,2,1,240305.00000000,15000.00000000,False
100000004697956100,peripheral,0.65000000,40,0.18146947,Недостаточно признаков: 1 отправителей  1 получателей; 2 наблюдаемых участий в переводах.,3,False,real,1,1,10000.00000000,10000.00000000,False
100000004698193100,peripheral,0.40193467,40,0.40418893,Недостаточно признаков: 2 отправителей  3 получателей; 20 наблюдаемых участий в переводах.,2,False,real,2,3,222700.00000000,38000.00000000,False
100000004707703100,transit,0.47815396,17,0.72709129,Признаки транзита: 2 отправителей → 5 получателей; 41% входящих сопоставлены с более поздними исходящими за ≤2 суток.,1,False,real,2,5,239300.00000000,231650.00000000,False
100000004713684100,terminal,0.47123988,7,0.22414854,Наблюдаемый получатель: вход 37 500 KZT от 1 отправителей; исходящий поток 0 KZT. Полный баланс неизвестен.,3,False,real,1,0,37500.00000000,0.00000000,False
100000004714705100,peripheral,0.58500000,47,0.09935580,Недостаточно признаков: 0 отправителей  1 получателей; 1 наблюдаемых участий в переводах. Seed: вход неполон.,0,True,real,0,1,0.00000000,36550.00000000,False
100000004715209100,transit,0.42323493,42,0.61371335,Признаки транзита: 1 отправителей → 5 получателей; 100% входящих сопоставлены с более поздними исходящими за ≤2 суток.,3,False,real,1,5,5000.00000000,350450.00000000,False
100000004717647100,distributor,0.60134281,48,0.64405238,Признаки распределения: 5 получателей  2 240 000 KZT исходящих; 10 переводов.,3,False,real,1,5,300000.00000000,2240000.00000000,False
100000004722630100,peripheral,0.45500000,8,0.15942531,Недостаточно признаков: 1 отправителей  0 получателей; 2 наблюдаемых участий в переводах. Depth=4: обрыв наблюдения.,4,False,real,1,0,340000.00000000,0.00000000,True
100000004722765100,peripheral,0.33940924,5,0.47057188,Недостаточно признаков: 1 отправителей  3 получателей; 10 наблюдаемых участий в переводах.,3,False,real,1,3,230000.00000000,2284500.00000000,False
100000004723755100,peripheral,0.90000000,3,0.34760691,Недостаточно признаков: 0 отправителей  1 получателей; 5 наблюдаемых участий в переводах. Seed: вход неполон.,0,True,real,0,1,0.00000000,95000.00000000,False
100000004726132100,terminal,0.80156599,0,0.54026468,Наблюдаемый получатель: вход 349 000 KZT от 1 отправителей; исходящий поток 24 000 KZT. Полный баланс неизвестен.,3,False,real,1,1,349000.00000000,24000.00000000,False
100000004732589100,terminal,0.53470033,39,0.23006524,Наблюдаемый получатель: вход 227 520 KZT от 1 отправителей; исходящий поток 0 KZT. Полный баланс неизвестен.,2,False,real,1,0,227520.00000000,0.00000000,False
100000004737477100,peripheral,1.00000000,7,0.45717153,Недостаточно признаков: 2 отправителей  1 получателей; 6 наблюдаемых участий в переводах.,1,False,real,2,1,49598.00000000,40500.00000000,False
100000004737764100,terminal,0.55720430,3,0.27499118,Наблюдаемый получатель: вход 600 000 KZT от 1 отправителей; исходящий поток 0 KZT. Полный баланс неизвестен.,3,False,real,1,0,600000.00000000,0.00000000,False
100000004739664100,peripheral,0.65000000,41,0.14974025,Недостаточно признаков: 1 отправителей  1 получателей; 2 наблюдаемых участий в переводах.,1,False,real,1,1,12000.00000000,10000.00000000,False
100000004741837100,terminal,0.45602853,4,0.21034046,Наблюдаемый получатель: вход 25 596 KZT от 1 отправителей; исходящий поток 0 KZT. Полный баланс неизвестен.,1,False,real,1,0,25596.00000000,0.00000000,False
100000004744306100,peripheral,1.00000000,47,0.47628594,Недостаточно признаков: 1 отправителей  2 получателей; 4 наблюдаемых участий в переводах.,1,False,real,1,2,69000.00000000,92000.00000000,False
100000004746397100,terminal,0.52182322,11,0.44104097,Наблюдаемый получатель: вход 219 520 KZT от 1 отправителей; исходящий поток 7 500 KZT. Полный баланс неизвестен.,3,False,real,1,1,219520.00000000,7500.00000000,False
100000004747154100,peripheral,0.45500000,42,0.11488790,Недостаточно признаков: 1 отправителей  0 получателей; 1 наблюдаемых участий в переводах. Depth=4: обрыв наблюдения.,4,False,real,1,0,67000.00000000,0.00000000,True
100000004750321100,terminal,0.46375329,39,0.29020537,Наблюдаемый получатель: вход 50 185 KZT от 2 отправителей; исходящий поток 0 KZT. Полный баланс неизвестен.,3,False,real,2,0,50185.00000000,0.00000000,False
100000004750897100,terminal,0.41444228,4,0.18948811,Наблюдаемый получатель: вход 10 000 KZT от 1 отправителей; исходящий поток 0 KZT. Полный баланс неизвестен.,3,False,real,1,0,10000.00000000,0.00000000,False
100000004756901100,terminal,0.52298796,30,0.25374637,Наблюдаемый получатель: вход 153 248 KZT от 1 отправителей; исходящий поток 0 KZT. Полный баланс неизвестен.,2,False,real,1,0,153248.00000000,0.00000000,False
100000004759121100,consolidator,0.61300895,0,0.73156185,Признаки консолидации: 6 отправителей  710 000 KZT входящих  2 получателей.,1,False,real,6,2,710000.00000000,312000.00000000,False
100000004765639100,peripheral,1.00000000,30,0.38327267,Недостаточно признаков: 1 отправителей  2 получателей; 3 наблюдаемых участий в переводах.,2,False,real,1,2,5000.00000000,11000.00000000,False
100000004770073100,peripheral,0.65000000,5,0.18014218,Недостаточно признаков: 1 отправителей  1 получателей; 2 наблюдаемых участий в переводах.,3,False,real,1,1,5462.40000000,5466.97000000,False
100000004777215100,peripheral,0.45500000,30,0.11400242,Недостаточно признаков: 1 отправителей  0 получателей; 1 наблюдаемых участий в переводах. Depth=4: обрыв наблюдения.,4,False,real,1,0,60000.00000000,0.00000000,True
100000004779204100,peripheral,1.00000000,7,0.37842144,Недостаточно признаков: 1 отправителей  1 получателей; 3 наблюдаемых участий в переводах.,3,False,real,1,1,30450.00000000,20000.00000000,False
100000004780083100,peripheral,0.45500000,5,0.08115618,Недостаточно признаков: 1 отправителей  0 получателей; 1 наблюдаемых участий в переводах. Depth=4: обрыв наблюдения.,4,False,real,1,0,9999.00000000,0.00000000,True
100000004780327100,peripheral,0.45500000,24,0.06223669,Недостаточно признаков: 1 отправителей  0 получателей; 1 наблюдаемых участий в переводах. Depth=4: обрыв наблюдения.,4,False,real,1,0,12000.00000000,0.00000000,True
100000004783447100,terminal,0.45775960,33,0.15489223,Наблюдаемый получатель: вход 26 200 KZT от 1 отправителей; исходящий поток 0 KZT. Полный баланс неизвестен.,1,False,real,1,0,26200.00000000,0.00000000,False
100000004784224100,peripheral,1.00000000,21,0.30371017,Недостаточно признаков: 1 отправителей  1 получателей; 3 наблюдаемых участий в переводах.,1,False,real,1,1,23500.00000000,100000.00000000,False
100000004788983100,peripheral,0.45500000,7,0.10172837,Недостаточно признаков: 1 отправителей  0 получателей; 1 наблюдаемых участий в переводах. Depth=4: обрыв наблюдения.,4,False,real,1,0,27000.00000000,0.00000000,True
100000004790991100,terminal,0.82578906,4,0.49722414,Наблюдаемый получатель: вход 239 413 KZT от 1 отправителей; исходящий поток 0 KZT. Полный баланс неизвестен.,1,False,real,1,0,239413.00000000,0.00000000,False
100000004791226100,peripheral,0.45500000,7,0.10090952,Недостаточно признаков: 1 отправителей  0 получателей; 1 наблюдаемых участий в переводах. Depth=4: обрыв наблюдения.,4,False,real,1,0,20000.00000000,0.00000000,True
100000004792397100,terminal,0.49831094,33,0.18503084,Наблюдаемый получатель: вход 73 520 KZT от 1 отправителей; исходящий поток 0 KZT. Полный баланс неизвестен.,1,False,real,1,0,73520.00000000,0.00000000,False
100000004797167100,peripheral,0.45500000,44,0.07998171,Недостаточно признаков: 1 отправителей  0 получателей; 1 наблюдаемых участий в переводах. Depth=4: обрыв наблюдения.,4,False,real,1,0,31000.00000000,0.00000000,True
100000004798515100,peripheral,0.45500000,9,0.16063200,Недостаточно признаков: 1 отправителей  0 получателей; 2 наблюдаемых участий в переводах. Depth=4: обрыв наблюдения.,4,False,real,1,0,200000.00000000,0.00000000,True
100000004800452100,peripheral,0.45500000,16,0.09299653,Недостаточно признаков: 1 отправителей  0 получателей; 1 наблюдаемых участий в переводах. Depth=4: обрыв наблюдения.,4,False,real,1,0,6544.53000000,0.00000000,True
100000004800648100,peripheral,0.45500000,9,0.12741189,Недостаточно признаков: 1 отправителей  0 получателей; 1 наблюдаемых участий в переводах. Depth=4: обрыв наблюдения.,4,False,real,1,0,131000.00000000,0.00000000,True
100000004806903100,terminal,0.43904927,3,0.24302648,Наблюдаемый получатель: вход 18 000 KZT от 1 отправителей; исходящий поток 0 KZT. Полный баланс неизвестен.,2,False,real,1,0,18000.00000000,0.00000000,False
100000004813068100,peripheral,0.32340722,21,0.25835631,Недостаточно признаков: 0 отправителей  3 получателей; 5 наблюдаемых участий в переводах. Seed: вход неполон.,0,True,real,0,3,0.00000000,297000.00000000,False
100000004816564100,terminal,0.53521592,4,0.30655326,Наблюдаемый получатель: вход 285 480 KZT от 1 отправителей; исходящий поток 5 000 KZT. Полный баланс неизвестен.,2,False,real,1,1,285480.00000000,5000.00000000,False
100000004820260100,distributor,0.34360959,4,0.63841052,Признаки распределения: 3 получателей  215 350 KZT исходящих; 10 переводов.,2,False,real,1,3,234200.00000000,215350.00000000,False
100000004825069100,terminal,0.71212179,29,0.32728289,Наблюдаемый получатель: вход 30 000 KZT от 1 отправителей; исходящий поток 0 KZT. Полный баланс неизвестен.,2,False,real,1,0,30000.00000000,0.00000000,False
100000004840086100,peripheral,0.45500000,0,0.14875795,Недостаточно признаков: 1 отправителей  0 получателей; 2 наблюдаемых участий в переводах. Depth=4: обрыв наблюдения.,4,False,real,1,0,100000.00000000,0.00000000,True
100000004841728100,terminal,0.48689322,33,0.17627721,Наблюдаемый получатель: вход 52 208 KZT от 1 отправителей; исходящий поток 0 KZT. Полный баланс неизвестен.,1,False,real,1,0,52208.00000000,0.00000000,False
100000004847758100,distributor,0.63693052,13,0.83027764,Признаки распределения: 15 получателей  488 800 KZT исходящих; 23 переводов.,1,False,real,4,15,115171.00000000,488800.00000000,False
100000004848236100,peripheral,0.45500000,7,0.08446148,Недостаточно признаков: 1 отправителей  0 получателей; 1 наблюдаемых участий в переводах. Depth=4: обрыв наблюдения.,4,False,real,1,0,7500.00000000,0.00000000,True
100000004850609100,peripheral,0.45500000,5,0.09486578,Недостаточно признаков: 1 отправителей  0 получателей; 1 наблюдаемых участий в переводах. Depth=4: обрыв наблюдения.,4,False,real,1,0,10000.00000000,0.00000000,True
100000004856746100,peripheral,0.45500000,17,0.09543945,Недостаточно признаков: 1 отправителей  0 получателей; 1 наблюдаемых участий в переводах. Depth=4: обрыв наблюдения.,4,False,real,1,0,20000.00000000,0.00000000,True
100000004877085100,peripheral,0.34872207,13,0.43429618,Недостаточно признаков: 1 отправителей  3 получателей; 10 наблюдаемых участий в переводах.,3,False,real,1,3,25000.00000000,95600.00000000,False
100000004889043100,terminal,0.79744213,7,0.57539357,Наблюдаемый получатель: вход 272 000 KZT от 2 отправителей; исходящий поток 0 KZT. Полный баланс неизвестен.,3,False,real,2,0,272000.00000000,0.00000000,False
100000004890713100,peripheral,0.45500000,39,0.10817107,Недостаточно признаков: 1 отправителей  0 получателей; 1 наблюдаемых участий в переводах. Depth=4: обрыв наблюдения.,4,False,real,1,0,40485.00000000,0.00000000,True
100000004891562100,peripheral,0.45500000,24,0.09749851,Недостаточно признаков: 1 отправителей  0 получателей; 1 наблюдаемых участий в переводах. Depth=4: обрыв наблюдения.,4,False,real,1,0,103400.00000000,0.00000000,True
100000004892144100,terminal,0.81529667,21,0.52663732,Наблюдаемый получатель: вход 4 500 000 KZT от 2 отправителей; исходящий поток 180 300 KZT. Полный баланс неизвестен.,3,False,real,2,1,4500000.00000000,180300.00000000,False
100000004904960100,terminal,0.44452732,0,0.28338978,Наблюдаемый получатель: вход 32 000 KZT от 2 отправителей; исходящий поток 0 KZT. Полный баланс неизвестен.,2,False,real,2,0,32000.00000000,0.00000000,False
100000004905207100,terminal,0.54766497,40,0.31318532,Наблюдаемый получатель: вход 380 000 KZT от 1 отправителей; исходящий поток 0 KZT. Полный баланс неизвестен.,2,False,real,1,0,380000.00000000,0.00000000,False
100000004906181100,distributor,0.51902752,11,0.69142541,Признаки распределения: 7 получателей  2 473 418 KZT исходящих; 33 переводов.,3,False,real,1,7,100000.00000000,2473417.91000000,False
100000004908173100,peripheral,0.45500000,35,0.11553991,Недостаточно признаков: 1 отправителей  0 получателей; 1 наблюдаемых участий в переводах. Depth=4: обрыв наблюдения.,4,False,real,1,0,21000.00000000,0.00000000,True
100000004911971100,peripheral,0.70000000,11,0.19632327,Недостаточно признаков: 1 отправителей  0 получателей; 3 наблюдаемых участий в переводах. Depth=4: обрыв наблюдения.,4,False,real,1,0,35000.00000000,0.00000000,True
100000004917367100,terminal,0.49402868,11,0.31395958,Наблюдаемый получатель: вход 120 000 KZT от 2 отправителей; исходящий поток 0 KZT. Полный баланс неизвестен.,3,False,real,2,0,120000.00000000,0.00000000,False
100000004921657100,peripheral,0.65000000,3,0.22122694,Недостаточно признаков: 1 отправителей  1 получателей; 2 наблюдаемых участий в переводах.,3,False,real,1,1,8300.00000000,22190.00000000,False
100000004931931100,peripheral,0.65000000,0,0.21347979,Недостаточно признаков: 1 отправителей  1 получателей; 2 наблюдаемых участий в переводах.,3,False,real,1,1,23938.00000000,45000.00000000,False
100000004948177100,terminal,0.56404805,4,0.54915606,Наблюдаемый получатель: вход 437 163 KZT от 3 отправителей; исходящий поток 0 KZT. Полный баланс неизвестен.,1,False,real,3,0,437163.00000000,0.00000000,False
100000004950490100,terminal,0.41444228,2,0.14430200,Наблюдаемый получатель: вход 10 000 KZT от 1 отправителей; исходящий поток 0 KZT. Полный баланс неизвестен.,2,False,real,1,0,10000.00000000,0.00000000,False
100000004959752100,terminal,0.44818345,16,0.25510517,Наблюдаемый получатель: вход 22 200 KZT от 1 отправителей; исходящий поток 0 KZT. Полный баланс неизвестен.,3,False,real,1,0,22200.00000000,0.00000000,False
100000004962193100,consolidator,0.67705349,5,0.65434048,Признаки консолидации: 8 отправителей  900 468 KZT входящих  0 получателей.,2,False,real,8,0,900468.00000000,0.00000000,False
100000004970752100,terminal,0.41444228,7,0.19407590,Наблюдаемый получатель: вход 10 000 KZT от 1 отправителей; исходящий поток 0 KZT. Полный баланс неизвестен.,3,False,real,1,0,10000.00000000,0.00000000,False
100000004971871100,peripheral,0.90000000,50,0.25582651,Недостаточно признаков: 1 отправителей  1 получателей; 4 наблюдаемых участий в переводах. Seed: вход неполон.,0,True,real,1,1,25400.00000000,5650.00000000,False
100000004975919100,peripheral,1.00000000,0,0.35449875,Недостаточно признаков: 1 отправителей  2 получателей; 3 наблюдаемых участий в переводах.,3,False,real,1,2,22351.00000000,15000.00000000,False
100000004976946100,peripheral,0.45500000,7,0.12456155,Недостаточно признаков: 1 отправителей  0 получателей; 1 наблюдаемых участий в переводах. Depth=4: обрыв наблюдения.,4,False,real,1,0,246000.00000000,0.00000000,True
100000004979264100,peripheral,0.45500000,35,0.12713913,Недостаточно признаков: 1 отправителей  0 получателей; 1 наблюдаемых участий в переводах. Depth=4: обрыв наблюдения.,4,False,real,1,0,39800.00000000,0.00000000,True
100000004979283100,terminal,0.47414956,39,0.21582910,Наблюдаемый получатель: вход 40 132 KZT от 1 отправителей; исходящий поток 0 KZT. Полный баланс неизвестен.,3,False,real,1,0,40132.00000000,0.00000000,False
100000004979498100,peripheral,1.00000000,54,0.38497497,Недостаточно признаков: 1 отправителей  1 получателей; 3 наблюдаемых участий в переводах.,2,False,real,1,1,700000.00000000,200000.00000000,False
100000004981068100,peripheral,0.45500000,13,0.09485825,Недостаточно признаков: 1 отправителей  0 получателей; 1 наблюдаемых участий в переводах. Depth=4: обрыв наблюдения.,4,False,real,1,0,10000.00000000,0.00000000,True
100000004984689100,terminal,0.48777717,0,0.23932745,Наблюдаемый получатель: вход 53 030 KZT от 1 отправителей; исходящий поток 0 KZT. Полный баланс неизвестен.,3,False,real,1,0,53030.00000000,0.00000000,False
100000004988240100,peripheral,0.45500000,7,0.10007832,Недостаточно признаков: 1 отправителей  0 получателей; 1 наблюдаемых участий в переводах. Depth=4: обрыв наблюдения.,4,False,real,1,0,20000.00000000,0.00000000,True
100000004991593100,peripheral,0.45500000,13,0.14561912,Недостаточно признаков: 1 отправителей  0 получателей; 2 наблюдаемых участий в переводах. Depth=4: обрыв наблюдения.,4,False,real,1,0,45000.00000000,0.00000000,True
100000004991812100,terminal,0.41444228,28,0.18496780,Наблюдаемый получатель: вход 10 000 KZT от 1 отправителей; исходящий поток 0 KZT. Полный баланс неизвестен.,3,False,real,1,0,10000.00000000,0.00000000,False
100000004993576100,terminal,0.52541883,4,0.26195445,Наблюдаемый получатель: вход 167 000 KZT от 1 отправителей; исходящий поток 0 KZT. Полный баланс неизвестен.,2,False,real,1,0,167000.00000000,0.00000000,False
100000004997515100,consolidator,0.49555511,35,0.61248358,Признаки консолидации: 4 отправителей  395 000 KZT входящих  4 получателей.,3,False,real,4,4,395000.00000000,54500.00000000,False
100000005008589100,terminal,0.47584380,5,0.23328720,Наблюдаемый получатель: вход 42 807 KZT от 1 отправителей; исходящий поток 0 KZT. Полный баланс неизвестен.,3,False,real,1,0,42806.68000000,0.00000000,False
100000005010159100,peripheral,0.45500000,16,0.09342063,Недостаточно признаков: 1 отправителей  0 получателей; 1 наблюдаемых участий в переводах. Depth=4: обрыв наблюдения.,4,False,real,1,0,7092.00000000,0.00000000,True
100000005017150100,peripheral,0.31500000,68,0.01225350,Недостаточно признаков: 0 отправителей  0 получателей; 0 наблюдаемых участий в переводах. Seed: вход неполон.,0,True,real,0,0,0.00000000,0.00000000,False
100000005022552100,terminal,0.81477492,4,0.52030823,Наблюдаемый получатель: вход 241 000 KZT от 1 отправителей; исходящий поток 5 000 KZT. Полный баланс неизвестен.,3,False,real,1,1,241000.00000000,5000.00000000,False
100000005022964100,terminal,0.44339537,3,0.23777826,Наблюдаемый получатель: вход 20 000 KZT от 1 отправителей; исходящий поток 0 KZT. Полный баланс неизвестен.,2,False,real,1,0,20000.00000000,0.00000000,False
100000005025629100,peripheral,0.45500000,1,0.09358375,Недостаточно признаков: 1 отправителей  0 получателей; 1 наблюдаемых участий в переводах. Depth=4: обрыв наблюдения.,4,False,real,1,0,5227.00000000,0.00000000,True
100000005030592100,terminal,0.41444228,4,0.18598092,Наблюдаемый получатель: вход 10 000 KZT от 1 отправителей; исходящий поток 0 KZT. Полный баланс неизвестен.,2,False,real,1,0,10000.00000000,0.00000000,False
100000005031696100,transit,0.59826087,3,0.64130512,Признаки транзита: 1 отправителей → 2 получателей; 100% входящих сопоставлены с более поздними исходящими за ≤2 суток.,2,False,real,1,2,5000.00000000,115000.00000000,False
100000005032294100,terminal,0.41444228,19,0.21552104,Наблюдаемый получатель: вход 10 000 KZT от 1 отправителей; исходящий поток 0 KZT. Полный баланс неизвестен.,2,False,real,1,0,10000.00000000,0.00000000,False
100000005034574100,terminal,0.82884890,67,0.41561933,Наблюдаемый получатель: вход 258 816 KZT от 1 отправителей; исходящий поток 0 KZT. Полный баланс неизвестен.,1,False,real,1,0,258816.00000000,0.00000000,False
100000005037490100,peripheral,1.00000000,16,0.48317172,Недостаточно признаков: 1 отправителей  2 получателей; 4 наблюдаемых участий в переводах.,3,False,real,1,2,15000.00000000,30000.00000000,False
100000005041147100,peripheral,0.45500000,0,0.09357120,Недостаточно признаков: 1 отправителей  0 получателей; 1 наблюдаемых участий в переводах. Depth=4: обрыв наблюдения.,4,False,real,1,0,10000.00000000,0.00000000,True
100000005041905100,peripheral,1.00000000,31,0.34634458,Недостаточно признаков: 1 отправителей  1 получателей; 6 наблюдаемых участий в переводах.,3,False,real,1,1,5000.00000000,1080351.00000000,False
100000005042822100,peripheral,0.45500000,36,0.13879798,Недостаточно признаков: 1 отправителей  0 получателей; 1 наблюдаемых участий в переводах. Depth=4: обрыв наблюдения.,4,False,real,1,0,1000000.00000000,0.00000000,True
100000005048668100,distributor,0.60739572,13,0.77654936,Признаки распределения: 8 получателей  159 400 KZT исходящих; 11 переводов.,3,False,real,2,8,16668.00000000,159400.00000000,False
100000005049404100,peripheral,0.45500000,11,0.14123753,Недостаточно признаков: 1 отправителей  0 получателей; 2 наблюдаемых участий в переводах. Depth=4: обрыв наблюдения.,4,False,real,1,0,98000.00000000,0.00000000,True
100000005052998100,peripheral,0.65000000,0,0.31201518,Недостаточно признаков: 1 отправителей  1 получателей; 2 наблюдаемых участий в переводах.,3,False,real,1,1,9500.00000000,28400.00000000,False
100000005053653100,peripheral,1.00000000,13,0.37625822,Недостаточно признаков: 2 отправителей  1 получателей; 3 наблюдаемых участий в переводах.,2,False,real,2,1,63073.00000000,25000.00000000,False
100000005055454100,terminal,0.40278883,46,0.14633652,Наблюдаемый получатель: вход 6 500 KZT от 1 отправителей; исходящий поток 0 KZT. Полный баланс неизвестен.,3,False,real,1,0,6500.00000000,0.00000000,False
100000005056870100,terminal,0.44339537,53,0.15257527,Наблюдаемый получатель: вход 20 000 KZT от 1 отправителей; исходящий поток 0 KZT. Полный баланс неизвестен.,1,False,real,1,0,20000.00000000,0.00000000,False
100000005059998100,terminal,0.43904927,5,0.20334028,Наблюдаемый получатель: вход 18 000 KZT от 1 отправителей; исходящий поток 0 KZT. Полный баланс неизвестен.,2,False,real,1,0,18000.00000000,0.00000000,False
100000005061890100,terminal,0.50460910,5,0.23926413,Наблюдаемый получатель: вход 90 000 KZT от 1 отправителей; исходящий поток 0 KZT. Полный баланс неизвестен.,3,False,real,1,0,90000.00000000,0.00000000,False
100000005074393100,distributor,0.53899697,13,0.73976631,Признаки распределения: 6 получателей  685 500 KZT исходящих; 10 переводов.,1,False,real,4,6,563026.00000000,685500.00000000,False
100000005075949100,peripheral,0.70000000,5,0.27562233,Недостаточно признаков: 1 отправителей  0 получателей; 7 наблюдаемых участий в переводах. Depth=4: обрыв наблюдения.,4,False,real,1,0,2226000.00000000,0.00000000,True
100000005077484100,terminal,0.75321361,46,0.45030906,Наблюдаемый получатель: вход 150 000 KZT от 1 отправителей; исходящий поток 13 550 KZT. Полный баланс неизвестен.,2,False,real,1,2,150000.00000000,13550.00000000,False
100000005079473100,peripheral,0.45500000,16,0.10999105,Недостаточно признаков: 1 отправителей  0 получателей; 1 наблюдаемых участий в переводах. Depth=4: обрыв наблюдения.,4,False,real,1,0,39312.00000000,0.00000000,True
100000005079754100,transit,0.42098361,3,0.57214887,Признаки транзита: 1 отправителей → 2 получателей; 29% входящих сопоставлены с более поздними исходящими за ≤2 суток.,1,False,real,1,2,70000.00000000,122000.00000000,False
100000005082652100,terminal,0.46287916,2,0.17759048,Наблюдаемый получатель: вход 30 000 KZT от 1 отправителей; исходящий поток 0 KZT. Полный баланс неизвестен.,3,False,real,1,0,30000.00000000,0.00000000,False
100000005087431100,peripheral,0.31500000,69,0.01225350,Недостаточно признаков: 0 отправителей  0 получателей; 0 наблюдаемых участий в переводах. Seed: вход неполон.,0,True,real,0,0,0.00000000,0.00000000,False
100000005087923100,peripheral,0.45500000,40,0.07151781,Недостаточно признаков: 1 отправителей  0 получателей; 1 наблюдаемых участий в переводах. Depth=4: обрыв наблюдения.,4,False,real,1,0,20000.00000000,0.00000000,True
100000005089460100,terminal,0.42279563,31,0.13431785,Наблюдаемый получатель: вход 12 300 KZT от 1 отправителей; исходящий поток 0 KZT. Полный баланс неизвестен.,3,False,real,1,0,12300.00000000,0.00000000,False
100000005092518100,terminal,0.45687565,33,0.15434256,Наблюдаемый получатель: вход 26 144 KZT от 1 отправителей; исходящий поток 0 KZT. Полный баланс неизвестен.,1,False,real,1,0,26144.00000000,0.00000000,False
100000005093521100,terminal,0.43205131,3,0.24094329,Наблюдаемый получатель: вход 15 200 KZT от 1 отправителей; исходящий поток 0 KZT. Полный баланс неизвестен.,1,False,real,1,0,15200.00000000,0.00000000,False
100000005100475100,terminal,0.47348660,40,0.17488978,Наблюдаемый получатель: вход 40 000 KZT от 1 отправителей; исходящий поток 0 KZT. Полный баланс неизвестен.,3,False,real,1,0,40000.00000000,0.00000000,False
100000005105153100,terminal,0.46287916,0,0.21134205,Наблюдаемый получатель: вход 30 000 KZT от 1 отправителей; исходящий поток 0 KZT. Полный баланс неизвестен.,2,False,real,1,0,30000.00000000,0.00000000,False
100000005124479100,coordinator,0.35078365,0,0.58809491,Кандидат в координаторы: 4 связей  10 связанных seed; 25% связей между кластерами.,1,False,real,2,2,137753.00000000,22000.00000000,False
100000005127767100,terminal,0.40428419,20,0.18451831,Наблюдаемый получатель: вход 7 000 KZT от 1 отправителей; исходящий поток 0 KZT. Полный баланс неизвестен.,3,False,real,1,0,7000.00000000,0.00000000,False
100000005133757100,terminal,0.47255599,16,0.33939668,Наблюдаемый получатель: вход 65 000 KZT от 2 отправителей; исходящий поток 0 KZT. Полный баланс неизвестен.,1,False,real,2,0,65000.00000000,0.00000000,False
100000005140601100,peripheral,0.32123817,0,0.50292359,Недостаточно признаков: 3 отправителей  2 получателей; 9 наблюдаемых участий в переводах.,2,False,real,3,2,52685.00000000,195300.00000000,False
100000005142492100,peripheral,0.65000000,40,0.25167194,Недостаточно признаков: 1 отправителей  1 получателей; 2 наблюдаемых участий в переводах.,3,False,real,1,1,10000.00000000,57000.00000000,False
100000005142589100,terminal,0.48394671,5,0.27276863,Наблюдаемый получатель: вход 50 000 KZT от 1 отправителей; исходящий поток 0 KZT. Полный баланс неизвестен.,2,False,real,1,0,50000.00000000,0.00000000,False
100000005146665100,peripheral,0.45500000,19,0.07425276,Недостаточно признаков: 1 отправителей  0 получателей; 1 наблюдаемых участий в переводах. Depth=4: обрыв наблюдения.,4,False,real,1,0,5500.00000000,0.00000000,True
100000005168487100,transit,0.64086368,12,0.64157613,Признаки транзита: 1 отправителей → 1 получателей; 100% входящих сопоставлены с более поздними исходящими за ≤2 суток.,2,False,real,1,1,15000.00000000,103510.00000000,False
100000005171642100,peripheral,1.00000000,40,0.41871802,Недостаточно признаков: 2 отправителей  1 получателей; 9 наблюдаемых участий в переводах.,3,False,real,2,1,696800.00000000,683600.00000000,False
100000005172860100,terminal,0.43216180,5,0.20289114,Наблюдаемый получатель: вход 15 209 KZT от 1 отправителей; исходящий поток 0 KZT. Полный баланс неизвестен.,3,False,real,1,0,15209.20000000,0.00000000,False
100000005175148100,peripheral,0.56405063,4,0.51190687,Недостаточно признаков: 2 отправителей  1 получателей; 5 наблюдаемых участий в переводах.,2,False,real,2,1,79000.00000000,15000.00000000,False
100000005182219100,terminal,0.46765742,60,0.30731945,Наблюдаемый получатель: вход 55 000 KZT от 2 отправителей; исходящий поток 0 KZT. Полный баланс неизвестен.,3,False,real,2,0,55000.00000000,0.00000000,False
100000005183943100,terminal,0.85865397,23,0.44402937,Наблюдаемый получатель: вход 680 900 KZT от 1 отправителей; исходящий поток 0 KZT. Полный баланс неизвестен.,1,False,real,1,0,680900.00000000,0.00000000,False
100000005186109100,terminal,0.39510581,4,0.18626684,Наблюдаемый получатель: вход 5 000 KZT от 1 отправителей; исходящий поток 0 KZT. Полный баланс неизвестен.,3,False,real,1,0,5000.00000000,0.00000000,False
100000005186131100,peripheral,0.65000000,7,0.18657106,Недостаточно признаков: 1 отправителей  1 получателей; 2 наблюдаемых участий в переводах.,3,False,real,1,1,10000.00000000,10000.00000000,False
100000005187208100,terminal,0.42753951,25,0.20403684,Наблюдаемый получатель: вход 14 160 KZT от 1 отправителей; исходящий поток 0 KZT. Полный баланс неизвестен.,3,False,real,1,0,14160.00000000,0.00000000,False
100000005189258100,peripheral,0.45500000,5,0.11839231,Недостаточно признаков: 1 отправителей  0 получателей; 1 наблюдаемых участий в переводах. Depth=4: обрыв наблюдения.,4,False,real,1,0,50000.00000000,0.00000000,True
100000005198498100,terminal,0.46052196,31,0.15828336,Наблюдаемый получатель: вход 28 800 KZT от 1 отправителей; исходящий поток 0 KZT. Полный баланс неизвестен.,3,False,real,1,0,28800.00000000,0.00000000,False
100000005198906100,peripheral,0.65000000,11,0.24091513,Недостаточно признаков: 1 отправителей  1 получателей; 2 наблюдаемых участий в переводах.,3,False,real,1,1,227970.00000000,60000.00000000,False
100000005203590100,terminal,0.50460910,40,0.20345811,Наблюдаемый получатель: вход 90 000 KZT от 1 отправителей; исходящий поток 0 KZT. Полный баланс неизвестен.,2,False,real,1,0,90000.00000000,0.00000000,False
100000005205745100,terminal,0.40139661,40,0.18270844,Наблюдаемый получатель: вход 6 000 KZT от 1 отправителей; исходящий поток 0 KZT. Полный баланс неизвестен.,2,False,real,1,0,6000.00000000,0.00000000,False
100000005209352100,peripheral,0.45500000,0,0.08807243,Недостаточно признаков: 1 отправителей  0 получателей; 1 наблюдаемых участий в переводах. Depth=4: обрыв наблюдения.,4,False,real,1,0,5000.00000000,0.00000000,True
100000005222360100,peripheral,0.65000000,19,0.34084108,Недостаточно признаков: 1 отправителей  1 получателей; 2 наблюдаемых участий в переводах.,3,False,real,1,1,5000.00000000,27000.00000000,False
100000005226217100,peripheral,0.45500000,35,0.12087079,Недостаточно признаков: 1 отправителей  0 получателей; 1 наблюдаемых участий в переводах. Depth=4: обрыв наблюдения.,4,False,real,1,0,17500.00000000,0.00000000,True
100000005228059100,terminal,0.45650734,33,0.15404068,Наблюдаемый получатель: вход 26 000 KZT от 1 отправителей; исходящий поток 0 KZT. Полный баланс неизвестен.,1,False,real,1,0,26000.00000000,0.00000000,False
100000005233755100,peripheral,0.65000000,43,0.19679184,Недостаточно признаков: 1 отправителей  1 получателей; 2 наблюдаемых участий в переводах.,3,False,real,1,1,25000.00000000,5000.00000000,False
100000005235389100,peripheral,0.31500000,70,0.01225350,Недостаточно признаков: 0 отправителей  0 получателей; 0 наблюдаемых участий в переводах. Seed: вход неполон.,0,True,real,0,0,0.00000000,0.00000000,False
100000005237935150,terminal,0.46810922,40,0.16982031,Наблюдаемый получатель: вход 34 508 KZT от 1 отправителей; исходящий поток 0 KZT. Полный баланс неизвестен.,2,False,real,1,0,34508.00000000,0.00000000,False
100000005241556100,terminal,0.50943401,35,0.27126062,Наблюдаемый получатель: вход 100 000 KZT от 1 отправителей; исходящий поток 0 KZT. Полный баланс неизвестен.,3,False,real,1,0,100000.00000000,0.00000000,False
100000005242320100,distributor,0.64096306,24,0.65820412,Признаки распределения: 21 получателей  8 936 295 KZT исходящих; 29 переводов.,2,False,real,2,21,365700.00000000,8936295.00000000,False
100000005264874100,peripheral,1.00000000,25,0.34718331,Недостаточно признаков: 1 отправителей  2 получателей; 4 наблюдаемых участий в переводах.,3,False,real,1,2,30000.00000000,78000.00000000,False
100000005264990100,peripheral,0.90000000,47,0.40949043,Недостаточно признаков: 1 отправителей  2 получателей; 3 наблюдаемых участий в переводах. Seed: вход неполон.,0,True,real,1,2,17070.00000000,122000.00000000,False
100000005265073100,peripheral,0.65000000,47,0.20591145,Недостаточно признаков: 1 отправителей  1 получателей; 2 наблюдаемых участий в переводах.,3,False,real,1,1,5000.00000000,9000.00000000,False
100000005268319100,distributor,0.50606312,5,0.66629216,Признаки распределения: 5 получателей  91 000 KZT исходящих; 10 переводов.,3,False,real,1,5,19712.80000000,91000.00000000,False
100000005272139100,peripheral,0.45500000,4,0.12859111,Недостаточно признаков: 1 отправителей  0 получателей; 1 наблюдаемых участий в переводах. Depth=4: обрыв наблюдения.,4,False,real,1,0,165000.00000000,0.00000000,True
100000005287097100,distributor,0.64259557,4,0.73864361,Признаки распределения: 9 получателей  697 300 KZT исходящих; 42 переводов.,1,False,real,2,9,127173.00000000,697300.00000000,False
100000005293969100,peripheral,0.45500000,5,0.09042926,Недостаточно признаков: 1 отправителей  0 получателей; 1 наблюдаемых участий в переводах. Depth=4: обрыв наблюдения.,4,False,real,1,0,5466.97000000,0.00000000,True
100000005308954100,peripheral,0.65000000,4,0.22202195,Недостаточно признаков: 1 отправителей  1 получателей; 2 наблюдаемых участий в переводах.,3,False,real,1,1,69020.00000000,30000.00000000,False
100000005314565100,terminal,0.82142596,5,0.50487636,Наблюдаемый получатель: вход 218 500 KZT от 1 отправителей; исходящий поток 0 KZT. Полный баланс неизвестен.,3,False,real,1,0,218500.00000000,0.00000000,False
100000005316708100,peripheral,1.00000000,40,0.37652781,Недостаточно признаков: 1 отправителей  2 получателей; 5 наблюдаемых участий в переводах.,1,False,real,1,2,90000.00000000,257500.00000000,False
100000005317181100,peripheral,0.65000000,0,0.23666248,Недостаточно признаков: 1 отправителей  1 получателей; 2 наблюдаемых участий в переводах.,3,False,real,1,1,141250.00000000,14500.00000000,False
100000005326681100,terminal,0.46538370,4,0.21717289,Наблюдаемый получатель: вход 31 228 KZT от 1 отправителей; исходящий поток 0 KZT. Полный баланс неизвестен.,2,False,real,1,0,31228.00000000,0.00000000,False
100000005328215100,terminal,0.45897504,39,0.17396843,Наблюдаемый получатель: вход 27 000 KZT от 1 отправителей; исходящий поток 0 KZT. Полный баланс неизвестен.,2,False,real,1,0,27000.00000000,0.00000000,False
100000005339662100,transit,0.40050502,4,0.73464232,Признаки транзита: 4 отправителей → 4 получателей; 39% входящих сопоставлены с более поздними исходящими за ≤2 суток.,1,False,real,4,4,202939.00000000,295160.00000000,False
100000005342513100,peripheral,1.00000000,29,0.36509815,Недостаточно признаков: 1 отправителей  1 получателей; 3 наблюдаемых участий в переводах.,3,False,real,1,1,235000.00000000,30000.00000000,False
100000005357034100,terminal,0.41042029,7,0.19195131,Наблюдаемый получатель: вход 9 754 KZT от 1 отправителей; исходящий поток 0 KZT. Полный баланс неизвестен.,3,False,real,1,0,9754.00000000,0.00000000,False
100000005357705100,distributor,0.46839212,0,0.54281665,Признаки распределения: 4 получателей  387 080 KZT исходящих; 5 переводов.,3,False,real,1,4,52595.00000000,387080.00000000,False
100000005360814100,peripheral,0.70000000,16,0.25063434,Недостаточно признаков: 1 отправителей  0 получателей; 3 наблюдаемых участий в переводах. Depth=4: обрыв наблюдения.,4,False,real,1,0,144000.00000000,0.00000000,True
100000005362848100,terminal,0.46085344,39,0.20614804,Наблюдаемый получатель: вход 29 000 KZT от 1 отправителей; исходящий поток 0 KZT. Полный баланс неизвестен.,3,False,real,1,0,29000.00000000,0.00000000,False
100000005363908100,peripheral,0.65000000,64,0.14275703,Недостаточно признаков: 1 отправителей  1 получателей; 2 наблюдаемых участий в переводах.,1,False,real,1,1,19500.00000000,19500.00000000,False
100000005367180100,peripheral,0.45500000,0,0.09431483,Недостаточно признаков: 1 отправителей  0 получателей; 1 наблюдаемых участий в переводах. Depth=4: обрыв наблюдения.,4,False,real,1,0,7700.00000000,0.00000000,True
100000005367284100,peripheral,1.00000000,0,0.41681677,Недостаточно признаков: 1 отправителей  2 получателей; 6 наблюдаемых участий в переводах.,3,False,real,1,2,13700.00000000,48300.00000000,False
100000005367445100,transit,0.58760000,35,0.38605179,Признаки транзита: 1 отправителей → 1 получателей; 100% входящих сопоставлены с более поздними исходящими за ≤2 суток.,3,False,real,1,1,5000.00000000,5000.00000000,False
100000005370558100,peripheral,0.45500000,5,0.08861246,Недостаточно признаков: 1 отправителей  0 получателей; 1 наблюдаемых участий в переводах. Depth=4: обрыв наблюдения.,4,False,real,1,0,5000.00000000,0.00000000,True
100000005370580100,peripheral,0.58500000,16,0.13645611,Недостаточно признаков: 1 отправителей  0 получателей; 1 наблюдаемых участий в переводах. Seed: вход неполон.,0,True,real,1,0,24075.00000000,0.00000000,False
100000005375968100,peripheral,1.00000000,7,0.45239503,Недостаточно признаков: 1 отправителей  2 получателей; 5 наблюдаемых участий в переводах.,3,False,real,1,2,170082.00000000,86000.00000000,False
100000005382566100,consolidator,0.48567708,47,0.64125219,Признаки консолидации: 7 отправителей  393 066 KZT входящих  1 получателей. Seed: вход неполон.,0,True,real,7,1,393066.00000000,50000.00000000,False
100000005386383100,peripheral,0.90000000,47,0.40903947,Недостаточно признаков: 2 отправителей  1 получателей; 3 наблюдаемых участий в переводах. Seed: вход неполон.,0,True,real,2,1,37500.00000000,29000.00000000,False
100000005392290100,peripheral,0.58500000,62,0.08730193,Недостаточно признаков: 0 отправителей  1 получателей; 1 наблюдаемых участий в переводах. Seed: вход неполон.,0,True,real,0,1,0.00000000,81465.00000000,False
100000005394708100,transit,0.47060000,47,0.28901204,Признаки транзита: 1 отправителей → 1 получателей; 100% входящих сопоставлены с более поздними исходящими за ≤2 суток.,1,False,real,1,1,26000.00000000,65000.00000000,False
100000005395727100,peripheral,0.58500000,47,0.12695268,Недостаточно признаков: 1 отправителей  0 получателей; 1 наблюдаемых участий в переводах. Seed: вход неполон.,0,True,real,1,0,17000.00000000,0.00000000,False
100000005402643100,peripheral,0.65000000,6,0.17070662,Недостаточно признаков: 1 отправителей  1 получателей; 2 наблюдаемых участий в переводах.,2,False,real,1,1,127800.00000000,90000.00000000,False
100000005409156100,terminal,0.51723244,11,0.34093041,Наблюдаемый получатель: вход 260 080 KZT от 2 отправителей; исходящий поток 0 KZT. Полный баланс неизвестен.,3,False,real,2,0,260080.00000000,0.00000000,False
100000005409680100,peripheral,0.58500000,1,0.25243919,Недостаточно признаков: 2 отправителей  0 получателей; 2 наблюдаемых участий в переводах. Seed: вход неполон.,0,True,real,2,0,55060.00000000,0.00000000,False
100000005413948100,peripheral,1.00000000,35,0.47145850,Недостаточно признаков: 2 отправителей  1 получателей; 3 наблюдаемых участий в переводах.,2,False,real,2,1,28215.00000000,5000.00000000,False
100000005417257100,peripheral,0.58500000,47,0.13895156,Недостаточно признаков: 0 отправителей  2 получателей; 2 наблюдаемых участий в переводах. Seed: вход неполон.,0,True,real,0,2,0.00000000,106000.00000000,False
100000005432267100,terminal,0.52437773,3,0.37837094,Наблюдаемый получатель: вход 350 001 KZT от 2 отправителей; исходящий поток 0 KZT. Полный баланс неизвестен.,1,False,real,2,0,350001.00000000,0.00000000,False
100000005454368100,peripheral,0.58500000,16,0.20788990,Недостаточно признаков: 2 отправителей  0 получателей; 2 наблюдаемых участий в переводах. Seed: вход неполон.,0,True,real,2,0,48600.00000000,0.00000000,False
100000005456919100,terminal,0.81109133,10,0.48685948,Наблюдаемый получатель: вход 479 950 KZT от 2 отправителей; исходящий поток 5 000 KZT. Полный баланс неизвестен.,1,False,real,2,1,479950.00000000,5000.00000000,False
100000005473151100,consolidator,0.41549558,2,0.69077918,Признаки консолидации: 3 отправителей  1 220 000 KZT входящих  4 получателей.,1,False,real,3,4,1220000.00000000,225000.00000000,False
100000005474472100,terminal,0.50943401,21,0.20332725,Наблюдаемый получатель: вход 100 000 KZT от 1 отправителей; исходящий поток 0 KZT. Полный баланс неизвестен.,2,False,real,1,0,100000.00000000,0.00000000,False
100000005475379100,peripheral,0.35999430,5,0.45618020,Недостаточно признаков: 1 отправителей  3 получателей; 4 наблюдаемых участий в переводах.,3,False,real,1,3,108370.00000000,81000.00000000,False
100000005480435100,peripheral,0.31500000,71,0.01225350,Недостаточно признаков: 0 отправителей  0 получателей; 0 наблюдаемых участий в переводах. Seed: вход неполон.,0,True,real,0,0,0.00000000,0.00000000,False
100000005481280100,transit,0.52477226,47,0.60596653,Признаки транзита: 1 отправителей → 3 получателей; 52% входящих сопоставлены с более поздними исходящими за ≤2 суток.,2,False,real,1,3,32700.00000000,50000.00000000,False
100000005485830100,distributor,0.51163738,53,0.35407083,Признаки распределения: 5 получателей  275 885 KZT исходящих; 9 переводов. Seed: вход неполон.,0,True,real,0,5,0.00000000,275885.00000000,False
100000005493505100,consolidator,0.28256573,16,0.43536195,Признаки консолидации: 3 отправителей  62 020 KZT входящих  0 получателей. Seed: вход неполон.,0,True,real,3,0,62020.00000000,0.00000000,False
100000005495211100,peripheral,0.45500000,0,0.09732430,Недостаточно признаков: 1 отправителей  0 получателей; 1 наблюдаемых участий в переводах. Depth=4: обрыв наблюдения.,4,False,real,1,0,14500.00000000,0.00000000,True
100000005495722100,peripheral,0.31500000,72,0.01225350,Недостаточно признаков: 0 отправителей  0 получателей; 0 наблюдаемых участий в переводах. Seed: вход неполон.,0,True,real,0,0,0.00000000,0.00000000,False
100000005496254100,terminal,0.42362066,5,0.19782712,Наблюдаемый получатель: вход 12 700 KZT от 1 отправителей; исходящий поток 0 KZT. Полный баланс неизвестен.,1,False,real,1,0,12700.00000000,0.00000000,False
100000005497148100,peripheral,0.45500000,11,0.12922158,Недостаточно признаков: 1 отправителей  0 получателей; 2 наблюдаемых участий в переводах. Depth=4: обрыв наблюдения.,4,False,real,1,0,24000.00000000,0.00000000,True
100000005498992100,distributor,0.76775941,6,0.59117211,Признаки распределения: 16 получателей  2 262 868 KZT исходящих; 19 переводов. Seed: вход неполон.,0,True,real,0,16,0.00000000,2262868.00000000,False
100000005505655100,peripheral,1.00000000,14,0.48726364,Недостаточно признаков: 2 отправителей  1 получателей; 3 наблюдаемых участий в переводах.,1,False,real,2,1,33070.00000000,20000.00000000,False
100000005507142100,peripheral,0.33054986,25,0.36636017,Недостаточно признаков: 3 отправителей  3 получателей; 7 наблюдаемых участий в переводах.,2,False,real,3,3,51000.00000000,100000.00000000,False
100000005514161100,consolidator,0.58370610,40,0.67204091,Признаки консолидации: 4 отправителей  401 500 KZT входящих  1 получателей.,1,False,real,4,1,401500.00000000,50000.00000000,False
100000005519347100,peripheral,0.90000000,17,0.38085705,Недостаточно признаков: 2 отправителей  1 получателей; 3 наблюдаемых участий в переводах. Seed: вход неполон.,0,True,real,2,1,73100.00000000,99000.00000000,False
100000005519998100,transit,0.50295696,17,0.63503669,Признаки транзита: 3 отправителей → 3 получателей; 31% входящих сопоставлены с более поздними исходящими за ≤2 суток.,2,False,real,3,3,182000.00000000,188000.00000000,False
100000005523088100,peripheral,0.58500000,47,0.26922534,Недостаточно признаков: 1 отправителей  0 получателей; 2 наблюдаемых участий в переводах. Seed: вход неполон.,0,True,real,1,0,700000.00000000,0.00000000,False
100000005527892100,distributor,0.61454400,35,0.69059919,Признаки распределения: 8 получателей  552 419 KZT исходящих; 8 переводов.,1,False,real,3,8,220001.00000000,552419.00000000,False
100000005530114100,peripheral,0.57279915,27,0.43667533,Недостаточно признаков: 2 отправителей  1 получателей; 3 наблюдаемых участий в переводах.,3,False,real,2,1,136970.00000000,25000.00000000,False
100000005532138100,terminal,0.45543923,1,0.21207723,Наблюдаемый получатель: вход 25 046 KZT от 1 отправителей; исходящий поток 0 KZT. Полный баланс неизвестен.,3,False,real,1,0,25046.00000000,0.00000000,False
100000005539201100,peripheral,0.65000000,4,0.21970552,Недостаточно признаков: 1 отправителей  1 получателей; 2 наблюдаемых участий в переводах.,1,False,real,1,1,45504.00000000,25000.00000000,False
100000005539910100,peripheral,1.00000000,3,0.43971838,Недостаточно признаков: 1 отправителей  2 получателей; 3 наблюдаемых участий в переводах.,2,False,real,1,2,102000.00000000,22000.00000000,False
100000005543136100,peripheral,0.58500000,16,0.06825149,Недостаточно признаков: 0 отправителей  1 получателей; 1 наблюдаемых участий в переводах. Seed: вход неполон.,0,True,real,0,1,0.00000000,10000.00000000,False
100000005546031100,consolidator,0.49436371,64,0.45251800,Признаки консолидации: 3 отправителей  66 800 KZT входящих  1 получателей.,1,False,real,3,1,66800.00000000,8000.00000000,False
100000005547096100,peripheral,1.00000000,64,0.37322255,Недостаточно признаков: 1 отправителей  2 получателей; 4 наблюдаемых участий в переводах.,2,False,real,1,2,8000.00000000,226300.00000000,False
100000005550592100,peripheral,0.31500000,73,0.01225350,Недостаточно признаков: 0 отправителей  0 получателей; 0 наблюдаемых участий в переводах. Seed: вход неполон.,0,True,real,0,0,0.00000000,0.00000000,False
100000005553088100,peripheral,0.45500000,16,0.09090510,Недостаточно признаков: 1 отправителей  0 получателей; 1 наблюдаемых участий в переводах. Depth=4: обрыв наблюдения.,4,False,real,1,0,17500.00000000,0.00000000,True
100000005560900100,peripheral,0.31500000,74,0.01225350,Недостаточно признаков: 0 отправителей  0 получателей; 0 наблюдаемых участий в переводах. Seed: вход неполон.,0,True,real,0,0,0.00000000,0.00000000,False
100000005561741100,terminal,0.45422379,2,0.23799440,Наблюдаемый получатель: вход 25 000 KZT от 1 отправителей; исходящий поток 0 KZT. Полный баланс неизвестен.,2,False,real,1,0,25000.00000000,0.00000000,False
100000005567828100,peripheral,0.45500000,39,0.12188063,Недостаточно признаков: 1 отправителей  0 получателей; 1 наблюдаемых участий в переводах. Depth=4: обрыв наблюдения.,4,False,real,1,0,94000.00000000,0.00000000,True
100000005568407100,peripheral,0.31500000,75,0.01225350,Недостаточно признаков: 0 отправителей  0 получателей; 0 наблюдаемых участий в переводах. Seed: вход неполон.,0,True,real,0,0,0.00000000,0.00000000,False
100000005572303100,peripheral,0.65000000,4,0.22106687,Недостаточно признаков: 1 отправителей  1 получателей; 2 наблюдаемых участий в переводах.,2,False,real,1,1,75000.00000000,20000.00000000,False
100000005578559100,distributor,0.60065043,39,0.80431142,Признаки распределения: 21 получателей  893 164 KZT исходящих; 23 переводов.,2,False,real,2,21,131000.00000000,893163.67000000,False
100000005584222100,peripheral,0.32725655,5,0.51426989,Недостаточно признаков: 2 отправителей  2 получателей; 9 наблюдаемых участий в переводах.,1,False,real,2,2,192717.00000000,108587.00000000,False
100000005588444100,terminal,0.42279563,2,0.14325018,Наблюдаемый получатель: вход 12 300 KZT от 1 отправителей; исходящий поток 0 KZT. Полный баланс неизвестен.,1,False,real,1,0,12300.00000000,0.00000000,False
100000005589319100,peripheral,0.45500000,5,0.10869920,Недостаточно признаков: 1 отправителей  0 получателей; 1 наблюдаемых участий в переводах. Depth=4: обрыв наблюдения.,4,False,real,1,0,26000.00000000,0.00000000,True
100000005602999100,transit,0.69775000,12,0.61461040,Признаки транзита: 1 отправителей → 2 получателей; 100% входящих сопоставлены с более поздними исходящими за ≤2 суток.,2,False,real,1,2,5000.00000000,16000.00000000,False
100000005608515100,terminal,0.75920928,2,0.35210758,Наблюдаемый получатель: вход 64 000 KZT от 1 отправителей; исходящий поток 0 KZT. Полный баланс неизвестен.,2,False,real,1,0,64000.00000000,0.00000000,False
100000005610717100,consolidator,0.51118726,0,0.64001415,Признаки консолидации: 4 отправителей  484 500 KZT входящих  1 получателей.,3,False,real,4,1,484500.00000000,265200.00000000,False
100000005612411100,distributor,0.51763679,25,0.73219649,Признаки распределения: 8 получателей  506 997 KZT исходящих; 8 переводов.,1,False,real,3,8,115500.00000000,506997.00000000,False
100000005614315100,terminal,0.55164276,4,0.27009981,Наблюдаемый получатель: вход 455 000 KZT от 1 отправителей; исходящий поток 0 KZT. Полный баланс неизвестен.,2,False,real,1,0,455000.00000000,0.00000000,False
100000005616568100,peripheral,0.45500000,11,0.13550450,Недостаточно признаков: 1 отправителей  0 получателей; 1 наблюдаемых участий в переводах. Depth=4: обрыв наблюдения.,4,False,real,1,0,530000.00000000,0.00000000,True
100000005619339100,peripheral,0.65000000,4,0.16534365,Недостаточно признаков: 1 отправителей  1 получателей; 2 наблюдаемых участий в переводах.,2,False,real,1,1,5000.00000000,5442.60000000,False
100000005620225100,terminal,0.46080678,5,0.26011522,Наблюдаемый получатель: вход 49 846 KZT от 2 отправителей; исходящий поток 0 KZT. Полный баланс неизвестен.,1,False,real,2,0,49845.66000000,0.00000000,False
100000005621418100,peripheral,0.45500000,15,0.10224757,Недостаточно признаков: 1 отправителей  0 получателей; 1 наблюдаемых участий в переводах. Depth=4: обрыв наблюдения.,4,False,real,1,0,30000.00000000,0.00000000,True
100000005628518100,terminal,0.76935207,1,0.44373587,Наблюдаемый получатель: вход 77 000 KZT от 1 отправителей; исходящий поток 0 KZT. Полный баланс неизвестен.,3,False,real,1,0,77000.00000000,0.00000000,False
100000005634552100,distributor,0.45682365,5,0.55798962,Признаки распределения: 3 получателей  1 196 000 KZT исходящих; 4 переводов.,1,False,real,1,3,25850.00000000,1196000.00000000,False
100000005636951100,peripheral,0.45500000,40,0.08377155,Недостаточно признаков: 1 отправителей  0 получателей; 1 наблюдаемых участий в переводах. Depth=4: обрыв наблюдения.,4,False,real,1,0,40000.00000000,0.00000000,True
100000005660203100,terminal,0.81679956,4,0.59561757,Наблюдаемый получатель: вход 572 899 KZT от 1 отправителей; исходящий поток 41 000 KZT. Полный баланс неизвестен.,2,False,real,1,2,572899.00000000,41000.00000000,False
100000005661528100,terminal,0.45422379,16,0.21077225,Наблюдаемый получатель: вход 25 000 KZT от 1 отправителей; исходящий поток 0 KZT. Полный баланс неизвестен.,3,False,real,1,0,25000.00000000,0.00000000,False
100000005661829100,transit,0.66789439,13,0.54891878,Признаки транзита: 1 отправителей → 2 получателей; 46% входящих сопоставлены с более поздними исходящими за ≤2 суток.,3,False,real,1,2,37790.00000000,40362.00000000,False
100000005664632100,terminal,0.81626957,3,0.52897812,Наблюдаемый получатель: вход 198 620 KZT от 1 отправителей; исходящий поток 0 KZT. Полный баланс неизвестен.,2,False,real,1,0,198620.00000000,0.00000000,False
100000005664922100,peripheral,0.37167184,21,0.40953935,Недостаточно признаков: 2 отправителей  3 получателей; 6 наблюдаемых участий в переводах.,2,False,real,2,3,22000.00000000,537000.00000000,False
100000005665181100,distributor,0.59878245,25,0.74851924,Признаки распределения: 11 получателей  181 915 KZT исходящих; 11 переводов.,2,False,real,4,11,45498.00000000,181915.00000000,False
100000005667841100,terminal,0.50677233,35,0.30592976,Наблюдаемый получатель: вход 186 000 KZT от 2 отправителей; исходящий поток 0 KZT. Полный баланс неизвестен.,3,False,real,2,0,186000.00000000,0.00000000,False
100000005668605100,consolidator,0.30387035,47,0.45291388,Признаки консолидации: 3 отправителей  94 500 KZT входящих  0 получателей. Seed: вход неполон.,0,True,real,3,0,94500.00000000,0.00000000,False
100000005669845100,terminal,0.44339537,32,0.15574623,Наблюдаемый получатель: вход 20 000 KZT от 1 отправителей; исходящий поток 0 KZT. Полный баланс неизвестен.,1,False,real,1,0,20000.00000000,0.00000000,False
100000005674387100,terminal,0.45775960,31,0.15595838,Наблюдаемый получатель: вход 26 200 KZT от 1 отправителей; исходящий поток 0 KZT. Полный баланс неизвестен.,3,False,real,1,0,26200.00000000,0.00000000,False
100000005685783100,peripheral,0.45500000,76,0.07668209,Недостаточно признаков: 1 отправителей  0 получателей; 1 наблюдаемых участий в переводах. Depth=4: обрыв наблюдения.,4,False,real,1,0,26150.00000000,0.00000000,True
100000005704413100,distributor,0.63415335,39,0.82962760,Признаки распределения: 32 получателей  1 363 593 KZT исходящих; 35 переводов.,3,False,real,3,32,97834.67000000,1363593.00000000,False
100000005709551100,terminal,0.45271371,13,0.21303979,Наблюдаемый получатель: вход 24 560 KZT от 1 отправителей; исходящий поток 0 KZT. Полный баланс неизвестен.,3,False,real,1,0,24560.00000000,0.00000000,False
100000005711521100,peripheral,0.45500000,13,0.13003908,Недостаточно признаков: 1 отправителей  0 получателей; 1 наблюдаемых участий в переводах. Depth=4: обрыв наблюдения.,4,False,real,1,0,238000.00000000,0.00000000,True
100000005723580100,peripheral,0.45500000,35,0.12366563,Недостаточно признаков: 1 отправителей  0 получателей; 1 наблюдаемых участий в переводах. Depth=4: обрыв наблюдения.,4,False,real,1,0,35000.00000000,0.00000000,True
100000005730108100,terminal,0.40670769,7,0.18291764,Наблюдаемый получатель: вход 8 000 KZT от 1 отправителей; исходящий поток 0 KZT. Полный баланс неизвестен.,2,False,real,1,0,8000.00000000,0.00000000,False
100000005744674100,peripheral,0.58500000,47,0.14406610,Недостаточно признаков: 0 отправителей  1 получателей; 2 наблюдаемых участий в переводах. Seed: вход неполон.,0,True,real,0,1,0.00000000,50066.00000000,False
100000005745873100,peripheral,0.45500000,7,0.12301917,Недостаточно признаков: 1 отправителей  0 получателей; 1 наблюдаемых участий в переводах. Depth=4: обрыв наблюдения.,4,False,real,1,0,223000.00000000,0.00000000,True
100000005754335100,terminal,0.47635944,60,0.23595595,Наблюдаемый получатель: вход 44 037 KZT от 1 отправителей; исходящий поток 0 KZT. Полный баланс неизвестен.,3,False,real,1,0,44037.00000000,0.00000000,False
100000005756189100,peripheral,0.65000000,11,0.22155742,Недостаточно признаков: 1 отправителей  1 получателей; 2 наблюдаемых участий в переводах.,3,False,real,1,1,65000.00000000,49050.00000000,False
100000005756535100,terminal,0.44339537,29,0.16515793,Наблюдаемый получатель: вход 20 000 KZT от 1 отправителей; исходящий поток 0 KZT. Полный баланс неизвестен.,3,False,real,1,0,20000.00000000,0.00000000,False
100000005767403100,peripheral,0.45500000,17,0.17530103,Недостаточно признаков: 1 отправителей  0 получателей; 2 наблюдаемых участий в переводах. Depth=4: обрыв наблюдения.,4,False,real,1,0,1100000.00000000,0.00000000,True
100000005778283100,terminal,0.57136899,1,0.62755508,Наблюдаемый получатель: вход 615 760 KZT от 3 отправителей; исходящий поток 0 KZT. Полный баланс неизвестен.,1,False,real,3,0,615760.00000000,0.00000000,False
100000005782781100,distributor,0.62367630,1,0.83561463,Признаки распределения: 10 получателей  1 263 597 KZT исходящих; 10 переводов.,2,False,real,6,10,171888.00000000,1263597.00000000,False
100000005782886100,peripheral,0.45500000,35,0.11751721,Недостаточно признаков: 1 отправителей  0 получателей; 1 наблюдаемых участий в переводах. Depth=4: обрыв наблюдения.,4,False,real,1,0,14000.00000000,0.00000000,True
100000005783452100,peripheral,0.45500000,35,0.16912851,Недостаточно признаков: 2 отправителей  0 получателей; 2 наблюдаемых участий в переводах. Depth=4: обрыв наблюдения.,4,False,real,2,0,286500.00000000,0.00000000,True
100000005799271100,terminal,0.47757488,47,0.29086807,Наблюдаемый получатель: вход 45 000 KZT от 1 отправителей; исходящий поток 0 KZT. Полный баланс неизвестен.,2,False,real,1,0,45000.00000000,0.00000000,False
100000005807278100,terminal,0.40742959,53,0.13199191,Наблюдаемый получатель: вход 8 385 KZT от 1 отправителей; исходящий поток 0 KZT. Полный баланс неизвестен.,1,False,real,1,0,8385.00000000,0.00000000,False
100000005809252100,terminal,0.45422379,0,0.21125875,Наблюдаемый получатель: вход 25 000 KZT от 1 отправителей; исходящий поток 0 KZT. Полный баланс неизвестен.,2,False,real,1,0,25000.00000000,0.00000000,False
100000005815602100,peripheral,0.65000000,4,0.22343432,Недостаточно признаков: 1 отправителей  1 получателей; 2 наблюдаемых участий в переводах.,3,False,real,1,1,20000.00000000,165000.00000000,False
100000005820746100,terminal,0.85203552,21,0.49388488,Наблюдаемый получатель: вход 1 989 000 KZT от 1 отправителей; исходящий поток 60 000 KZT. Полный баланс неизвестен.,3,False,real,1,1,1989000.00000000,60000.00000000,False
100000005830339100,consolidator,0.63722896,0,0.64033913,Признаки консолидации: 5 отправителей  476 341 KZT входящих  1 получателей.,3,False,real,5,1,476341.00000000,339251.00000000,False
100000005834479100,peripheral,1.00000000,0,0.40053020,Недостаточно признаков: 1 отправителей  2 получателей; 3 наблюдаемых участий в переводах.,2,False,real,1,2,7500.00000000,14470.00000000,False
100000005844459100,terminal,0.51553820,0,0.33451879,Наблюдаемый получатель: вход 243 400 KZT от 2 отправителей; исходящий поток 0 KZT. Полный баланс неизвестен.,1,False,real,2,0,243400.00000000,0.00000000,False
100000005847078100,terminal,0.43448218,31,0.14055939,Наблюдаемый получатель: вход 16 300 KZT от 1 отправителей; исходящий поток 0 KZT. Полный баланс неизвестен.,3,False,real,1,0,16300.00000000,0.00000000,False
100000005849100100,terminal,0.46700428,3,0.25711751,Наблюдаемый получатель: вход 33 300 KZT от 1 отправителей; исходящий поток 0 KZT. Полный баланс неизвестен.,2,False,real,1,0,33300.00000000,0.00000000,False
100000005849862100,peripheral,0.45500000,1,0.12348713,Недостаточно признаков: 1 отправителей  0 получателей; 2 наблюдаемых участий в переводах. Depth=4: обрыв наблюдения.,4,False,real,1,0,13000.00000000,0.00000000,True
100000005852946100,terminal,0.45116679,3,0.25354645,Наблюдаемый получатель: вход 23 746 KZT от 1 отправителей; исходящий поток 0 KZT. Полный баланс неизвестен.,1,False,real,1,0,23746.00000000,0.00000000,False
100000005857058100,terminal,0.51203083,4,0.52571860,Наблюдаемый получатель: вход 80 222 KZT от 3 отправителей; исходящий поток 0 KZT. Полный баланс неизвестен.,3,False,real,3,0,80222.00000000,0.00000000,False
100000005873152100,peripheral,0.65000000,5,0.26025609,Недостаточно признаков: 1 отправителей  1 получателей; 2 наблюдаемых участий в переводах.,3,False,real,1,1,10000.00000000,10000.00000000,False
100000005877725100,terminal,0.49635888,33,0.18369093,Наблюдаемый получатель: вход 70 000 KZT от 1 отправителей; исходящий поток 0 KZT. Полный баланс неизвестен.,1,False,real,1,0,70000.00000000,0.00000000,False
100000005878334100,peripheral,0.45500000,44,0.14255477,Недостаточно признаков: 1 отправителей  0 получателей; 2 наблюдаемых участий в переводах. Depth=4: обрыв наблюдения.,4,False,real,1,0,76400.00000000,0.00000000,True
100000005882013100,terminal,0.72321317,13,0.60001730,Наблюдаемый получатель: вход 135 000 KZT от 2 отправителей; исходящий поток 10 000 KZT. Полный баланс неизвестен.,2,False,real,2,1,135000.00000000,10000.00000000,False
100000005888829100,peripheral,0.45500000,35,0.14714115,Недостаточно признаков: 1 отправителей  0 получателей; 1 наблюдаемых участий в переводах. Depth=4: обрыв наблюдения.,4,False,real,1,0,197000.00000000,0.00000000,True
100000005893892100,terminal,0.51127558,11,0.25080171,Наблюдаемый получатель: вход 102 780 KZT от 1 отправителей; исходящий поток 0 KZT. Полный баланс неизвестен.,3,False,real,1,0,102780.00000000,0.00000000,False
100000005895525100,terminal,0.79337746,53,0.39265662,Наблюдаемый получатель: вход 120 000 KZT от 1 отправителей; исходящий поток 0 KZT. Полный баланс неизвестен.,1,False,real,1,0,120000.00000000,0.00000000,False
100000005897462100,terminal,0.50810808,12,0.27746913,Наблюдаемый получатель: вход 98 400 KZT от 1 отправителей; исходящий поток 0 KZT. Полный баланс неизвестен.,1,False,real,1,0,98400.00000000,0.00000000,False
100000005901606100,terminal,0.46972980,33,0.16388834,Наблюдаемый получатель: вход 35 660 KZT от 1 отправителей; исходящий поток 0 KZT. Полный баланс неизвестен.,1,False,real,1,0,35660.00000000,0.00000000,False
100000005904580100,terminal,0.47605497,9,0.26916742,Наблюдаемый получатель: вход 72 000 KZT от 2 отправителей; исходящий поток 0 KZT. Полный баланс неизвестен.,2,False,real,2,0,72000.00000000,0.00000000,False
100000005910114100,distributor,0.67962994,5,0.85408785,Признаки распределения: 19 получателей  1 469 993 KZT исходящих; 56 переводов.,3,False,real,3,19,326144.00000000,1469993.00000000,False
100000005910895100,peripheral,0.45500000,12,0.11174247,Недостаточно признаков: 1 отправителей  0 получателей; 1 наблюдаемых участий в переводах. Depth=4: обрыв наблюдения.,4,False,real,1,0,5100.00000000,0.00000000,True
100000005911352100,peripheral,0.41525666,20,0.42027283,Недостаточно признаков: 2 отправителей  3 получателей; 5 наблюдаемых участий в переводах.,2,False,real,2,3,15000.00000000,24000.00000000,False
100000005931985100,terminal,0.49952638,40,0.19224231,Наблюдаемый получатель: вход 76 000 KZT от 1 отправителей; исходящий поток 0 KZT. Полный баланс неизвестен.,2,False,real,1,0,76000.00000000,0.00000000,False
100000005932987100,terminal,0.69880583,17,0.40617843,Наблюдаемый получатель: вход 25 000 KZT от 1 отправителей; исходящий поток 0 KZT. Полный баланс неизвестен.,2,False,real,1,0,25000.00000000,0.00000000,False
100000005933757100,distributor,0.64997371,19,0.85812401,Признаки распределения: 34 получателей  3 002 628 KZT исходящих; 46 переводов.,2,False,real,4,34,1246000.00000000,3002628.00000000,False
100000005939154100,terminal,0.44777830,4,0.23851422,Наблюдаемый получатель: вход 22 000 KZT от 1 отправителей; исходящий поток 0 KZT. Полный баланс неизвестен.,2,False,real,1,0,22000.00000000,0.00000000,False
100000005940652100,terminal,0.40758428,35,0.21241342,Наблюдаемый получатель: вход 8 395 KZT от 1 отправителей; исходящий поток 0 KZT. Полный баланс неизвестен.,1,False,real,1,0,8395.00000000,0.00000000,False
100000005941908100,terminal,0.41444228,19,0.22205863,Наблюдаемый получатель: вход 10 000 KZT от 1 отправителей; исходящий поток 0 KZT. Полный баланс неизвестен.,3,False,real,1,0,10000.00000000,0.00000000,False
100000005942793100,consolidator,0.47285585,5,0.47928441,Признаки консолидации: 4 отправителей  55 000 KZT входящих  0 получателей.,2,False,real,4,0,55000.00000000,0.00000000,False
100000005958064100,peripheral,1.00000000,19,0.44062845,Недостаточно признаков: 1 отправителей  2 получателей; 4 наблюдаемых участий в переводах.,1,False,real,1,2,5746.00000000,163986.84000000,False
100000005961971100,terminal,0.48048456,33,0.17222692,Наблюдаемый получатель: вход 47 353 KZT от 1 отправителей; исходящий поток 0 KZT. Полный баланс неизвестен.,1,False,real,1,0,47353.00000000,0.00000000,False
100000005974542100,terminal,0.77926821,28,0.46697908,Наблюдаемый получатель: вход 94 500 KZT от 1 отправителей; исходящий поток 0 KZT. Полный баланс неизвестен.,3,False,real,1,0,94500.00000000,0.00000000,False
100000005979037100,peripheral,0.45500000,0,0.11014629,Недостаточно признаков: 1 отправителей  0 получателей; 1 наблюдаемых участий в переводах. Depth=4: обрыв наблюдения.,4,False,real,1,0,60300.00000000,0.00000000,True
100000005995391100,terminal,0.43650790,31,0.14198643,Наблюдаемый получатель: вход 17 200 KZT от 1 отправителей; исходящий поток 0 KZT. Полный баланс неизвестен.,3,False,real,1,0,17200.00000000,0.00000000,False
100000005996909100,terminal,0.39979813,4,0.18750368,Наблюдаемый получатель: вход 5 500 KZT от 1 отправителей; исходящий поток 0 KZT. Полный баланс неизвестен.,3,False,real,1,0,5500.00000000,0.00000000,False
100000006008169100,terminal,0.49635888,9,0.19382013,Наблюдаемый получатель: вход 70 000 KZT от 1 отправителей; исходящий поток 0 KZT. Полный баланс неизвестен.,1,False,real,1,0,70000.00000000,0.00000000,False
100000006020215100,peripheral,1.00000000,13,0.47995129,Недостаточно признаков: 1 отправителей  2 получателей; 3 наблюдаемых участий в переводах.,3,False,real,1,2,30000.00000000,33800.00000000,False
100000006030946100,terminal,0.49808995,33,0.18489891,Наблюдаемый получатель: вход 73 289 KZT от 1 отправителей; исходящий поток 0 KZT. Полный баланс неизвестен.,1,False,real,1,0,73289.00000000,0.00000000,False
100000006048193100,terminal,0.47518084,0,0.23144400,Наблюдаемый получатель: вход 41 559 KZT от 1 отправителей; исходящий поток 0 KZT. Полный баланс неизвестен.,3,False,real,1,0,41559.00000000,0.00000000,False
100000006069103100,peripheral,0.33088904,4,0.52218041,Недостаточно признаков: 3 отправителей  3 получателей; 7 наблюдаемых участий в переводах.,1,False,real,3,3,228818.00000000,270000.00000000,False
100000006100920100,terminal,0.50943401,5,0.25765937,Наблюдаемый получатель: вход 100 000 KZT от 1 отправителей; исходящий поток 0 KZT. Полный баланс неизвестен.,3,False,real,1,0,100000.00000000,0.00000000,False
100000006111439100,distributor,0.41276627,5,0.53167741,Признаки распределения: 4 получателей  24 000 KZT исходящих; 4 переводов.,3,False,real,3,4,20570.00000000,24000.00000000,False
100000006111442100,terminal,0.49348603,35,0.25713897,Наблюдаемый получатель: вход 64 000 KZT от 1 отправителей; исходящий поток 0 KZT. Полный баланс неизвестен.,3,False,real,1,0,64000.00000000,0.00000000,False
100000006122699100,terminal,0.45675533,4,0.25499875,Наблюдаемый получатель: вход 45 865 KZT от 2 отправителей; исходящий поток 0 KZT. Полный баланс неизвестен.,2,False,real,2,0,45865.00000000,0.00000000,False
100000006126743100,terminal,0.48932409,11,0.23546380,Наблюдаемый получатель: вход 55 000 KZT от 1 отправителей; исходящий поток 0 KZT. Полный баланс неизвестен.,3,False,real,1,0,55000.00000000,0.00000000,False
100000006161893100,terminal,0.42676605,4,0.19537971,Наблюдаемый получатель: вход 14 000 KZT от 1 отправителей; исходящий поток 0 KZT. Полный баланс неизвестен.,2,False,real,1,0,14000.00000000,0.00000000,False
100000006165886100,peripheral,1.00000000,0,0.42500027,Недостаточно признаков: 2 отправителей  1 получателей; 3 наблюдаемых участий в переводах.,3,False,real,2,1,184481.00000000,75000.00000000,False
100000006169033100,distributor,0.42782432,60,0.58426782,Признаки распределения: 3 получателей  1 140 271 KZT исходящих; 10 переводов.,3,False,real,1,3,49000.00000000,1140271.00000000,False
100000006171671100,peripheral,0.45500000,7,0.09308004,Недостаточно признаков: 1 отправителей  0 получателей; 1 наблюдаемых участий в переводах. Depth=4: обрыв наблюдения.,4,False,real,1,0,10000.00000000,0.00000000,True
100000006177176100,terminal,0.40846086,4,0.18605086,Наблюдаемый получатель: вход 8 911 KZT от 1 отправителей; исходящий поток 0 KZT. Полный баланс неизвестен.,1,False,real,1,0,8911.00000000,0.00000000,False
100000006209210100,terminal,0.53499498,1,0.27049014,Наблюдаемый получатель: вход 229 111 KZT от 1 отправителей; исходящий поток 0 KZT. Полный баланс неизвестен.,3,False,real,1,0,229111.00000000,0.00000000,False
100000006225798100,terminal,0.58755856,27,0.61250210,Наблюдаемый получатель: вход 722 000 KZT от 3 отправителей; исходящий поток 26 300 KZT. Полный баланс неизвестен.,3,False,real,3,2,722000.00000000,26300.00000000,False
100000006232642100,peripheral,0.70000000,60,0.26834045,Недостаточно признаков: 1 отправителей  0 получателей; 4 наблюдаемых участий в переводах. Depth=4: обрыв наблюдения.,4,False,real,1,0,456000.00000000,0.00000000,True
100000006232815100,distributor,0.51729869,32,0.47944673,Признаки распределения: 5 получателей  296 500 KZT исходящих; 5 переводов. Seed: вход неполон.,0,True,real,1,5,160000.00000000,296500.00000000,False
100000006240939100,distributor,0.67352843,40,0.47070962,Признаки распределения: 5 получателей  778 015 KZT исходящих; 5 переводов.,2,False,real,1,5,160000.00000000,778015.00000000,False
100000006248077100,terminal,0.48394671,30,0.22403127,Наблюдаемый получатель: вход 50 000 KZT от 1 отправителей; исходящий поток 0 KZT. Полный баланс неизвестен.,2,False,real,1,0,50000.00000000,0.00000000,False
100000006249740100,peripheral,0.32909068,77,0.22413817,Недостаточно признаков: 0 отправителей  3 получателей; 5 наблюдаемых участий в переводах. Seed: вход неполон.,0,True,real,0,3,0.00000000,93007.00000000,False
100000006257675100,peripheral,0.45500000,30,0.14119019,Недостаточно признаков: 1 отправителей  0 получателей; 2 наблюдаемых участий в переводах. Depth=4: обрыв наблюдения.,4,False,real,1,0,70000.00000000,0.00000000,True
100000006274203100,terminal,0.68657124,1,0.71977877,Наблюдаемый получатель: вход 3 417 512 KZT от 2 отправителей; исходящий поток 72 000 KZT. Полный баланс неизвестен.,3,False,real,2,3,3417512.00000000,72000.00000000,False
100000006288612100,peripheral,0.70000000,9,0.21380486,Недостаточно признаков: 1 отправителей  0 получателей; 3 наблюдаемых участий в переводах. Depth=4: обрыв наблюдения.,4,False,real,1,0,30805.00000000,0.00000000,True
100000006308406100,peripheral,0.45500000,30,0.15485064,Недостаточно признаков: 1 отправителей  0 получателей; 2 наблюдаемых участий в переводах. Depth=4: обрыв наблюдения.,4,False,real,1,0,183000.00000000,0.00000000,True
100000006326645100,terminal,0.45558655,33,0.15339844,Наблюдаемый получатель: вход 25 264 KZT от 1 отправителей; исходящий поток 0 KZT. Полный баланс неизвестен.,1,False,real,1,0,25264.00000000,0.00000000,False
100000006351075100,peripheral,0.45500000,7,0.12398098,Недостаточно признаков: 1 отправителей  0 получателей; 2 наблюдаемых участий в переводах. Depth=4: обрыв наблюдения.,4,False,real,1,0,40000.00000000,0.00000000,True
100000006369769100,terminal,0.47348660,33,0.16700555,Наблюдаемый получатель: вход 40 000 KZT от 1 отправителей; исходящий поток 0 KZT. Полный баланс неизвестен.,1,False,real,1,0,40000.00000000,0.00000000,False
100000006381453100,peripheral,0.45500000,35,0.13198544,Недостаточно признаков: 1 отправителей  0 получателей; 1 наблюдаемых участий в переводах. Depth=4: обрыв наблюдения.,4,False,real,1,0,45000.00000000,0.00000000,True
100000006385877100,peripheral,1.00000000,6,0.35313303,Недостаточно признаков: 1 отправителей  1 получателей; 10 наблюдаемых участий в переводах.,2,False,real,1,1,53706.62000000,36602.93000000,False
100000006412162100,peripheral,0.45500000,24,0.09240889,Недостаточно признаков: 1 отправителей  0 получателей; 2 наблюдаемых участий в переводах. Depth=4: обрыв наблюдения.,4,False,real,1,0,15000.00000000,0.00000000,True
100000006416061100,peripheral,0.45500000,1,0.10452004,Недостаточно признаков: 1 отправителей  0 получателей; 1 наблюдаемых участий в переводах. Depth=4: обрыв наблюдения.,4,False,real,1,0,30000.00000000,0.00000000,True
100000006424479100,peripheral,1.00000000,13,0.54414723,Недостаточно признаков: 1 отправителей  2 получателей; 5 наблюдаемых участий в переводах.,2,False,real,1,2,500000.00000000,220000.00000000,False
100000006443391100,consolidator,0.30650269,6,0.46689890,Признаки консолидации: 3 отправителей  86 776 KZT входящих  2 получателей.,1,False,real,3,2,86775.93000000,60041.71000000,False
100000006444163100,terminal,0.40196381,5,0.18908748,Наблюдаемый получатель: вход 6 026 KZT от 1 отправителей; исходящий поток 0 KZT. Полный баланс неизвестен.,3,False,real,1,0,6026.00000000,0.00000000,False
100000006445501100,terminal,0.50527207,12,0.27515830,Наблюдаемый получатель: вход 91 000 KZT от 1 отправителей; исходящий поток 0 KZT. Полный баланс неизвестен.,1,False,real,1,0,91000.00000000,0.00000000,False
100000006446271100,terminal,0.47907514,3,0.34704453,Наблюдаемый получатель: вход 80 000 KZT от 2 отправителей; исходящий поток 0 KZT. Полный баланс неизвестен.,1,False,real,2,0,80000.00000000,0.00000000,False
100000006471232100,terminal,0.47532817,31,0.16896916,Наблюдаемый получатель: вход 41 800 KZT от 1 отправителей; исходящий поток 0 KZT. Полный баланс неизвестен.,3,False,real,1,0,41800.00000000,0.00000000,False
100000006476758100,terminal,0.39840590,12,0.22165255,Наблюдаемый получатель: вход 5 200 KZT от 1 отправителей; исходящий поток 0 KZT. Полный баланс неизвестен.,3,False,real,1,0,5200.00000000,0.00000000,False
100000006490557100,terminal,0.39510581,2,0.12078654,Наблюдаемый получатель: вход 5 000 KZT от 1 отправителей; исходящий поток 0 KZT. Полный баланс неизвестен.,2,False,real,1,0,5000.00000000,0.00000000,False
100000006490615100,peripheral,0.70000000,13,0.21789903,Недостаточно признаков: 1 отправителей  0 получателей; 6 наблюдаемых участий в переводах. Depth=4: обрыв наблюдения.,4,False,real,1,0,41600.00000000,0.00000000,True
100000006491272100,terminal,0.45775960,31,0.15595838,Наблюдаемый получатель: вход 26 200 KZT от 1 отправителей; исходящий поток 0 KZT. Полный баланс неизвестен.,3,False,real,1,0,26200.00000000,0.00000000,False
100000006491963100,peripheral,0.70000000,24,0.15454188,Недостаточно признаков: 1 отправителей  0 получателей; 3 наблюдаемых участий в переводах. Depth=4: обрыв наблюдения.,4,False,real,1,0,16000.00000000,0.00000000,True
100000006492770100,terminal,0.51327680,7,0.30818702,Наблюдаемый получатель: вход 269 000 KZT от 1 отправителей; исходящий поток 20 000 KZT. Полный баланс неизвестен.,3,False,real,1,1,269000.00000000,20000.00000000,False
100000006512787100,peripheral,0.45500000,7,0.12739722,Недостаточно признаков: 1 отправителей  0 получателей; 2 наблюдаемых участий в переводах. Depth=4: обрыв наблюдения.,4,False,real,1,0,20000.00000000,0.00000000,True
100000006518161100,consolidator,0.31251496,4,0.61056595,Признаки консолидации: 3 отправителей  594 200 KZT входящих  2 получателей.,1,False,real,3,2,594200.00000000,595899.00000000,False
100000006522972100,terminal,0.41021404,25,0.19539034,Наблюдаемый получатель: вход 9 515 KZT от 1 отправителей; исходящий поток 0 KZT. Полный баланс неизвестен.,3,False,real,1,0,9515.00000000,0.00000000,False
100000006523053100,terminal,0.39510581,3,0.22587218,Наблюдаемый получатель: вход 5 000 KZT от 1 отправителей; исходящий поток 0 KZT. Полный баланс неизвестен.,2,False,real,1,0,5000.00000000,0.00000000,False
100000006527156100,peripheral,0.45500000,5,0.10159857,Недостаточно признаков: 1 отправителей  0 получателей; 1 наблюдаемых участий в переводах. Depth=4: обрыв наблюдения.,4,False,real,1,0,48500.00000000,0.00000000,True
100000006530134100,terminal,0.49925873,11,0.31887252,Наблюдаемый получатель: вход 144 663 KZT от 2 отправителей; исходящий поток 0 KZT. Полный баланс неизвестен.,3,False,real,2,0,144663.00000000,0.00000000,False
100000006532229100,terminal,0.51179122,35,0.26544087,Наблюдаемый получатель: вход 105 000 KZT от 1 отправителей; исходящий поток 0 KZT. Полный баланс неизвестен.,3,False,real,1,0,105000.00000000,0.00000000,False
100000006534886100,transit,0.33880878,4,0.61050378,Признаки транзита: 1 отправителей → 1 получателей; 25% входящих сопоставлены с более поздними исходящими за ≤2 суток.,2,False,real,1,1,71700.00000000,167500.00000000,False
100000006557763100,terminal,0.41444228,3,0.22635428,Наблюдаемый получатель: вход 10 000 KZT от 1 отправителей; исходящий поток 0 KZT. Полный баланс неизвестен.,2,False,real,1,0,10000.00000000,0.00000000,False
100000006562026100,terminal,0.73386552,77,0.44231780,Наблюдаемый получатель: вход 75 000 KZT от 2 отправителей; исходящий поток 0 KZT. Полный баланс неизвестен.,1,False,real,2,0,75000.00000000,0.00000000,False
100000006564102100,terminal,0.53565795,5,0.31095935,Наблюдаемый получатель: вход 233 235 KZT от 1 отправителей; исходящий поток 0 KZT. Полный баланс неизвестен.,2,False,real,1,0,233235.00000000,0.00000000,False
100000006567935100,terminal,0.53149600,24,0.25313486,Наблюдаемый получатель: вход 200 000 KZT от 1 отправителей; исходящий поток 0 KZT. Полный баланс неизвестен.,2,False,real,1,0,200000.00000000,0.00000000,False
100000006573438100,terminal,0.39510581,60,0.18659801,Наблюдаемый получатель: вход 5 000 KZT от 1 отправителей; исходящий поток 0 KZT. Полный баланс неизвестен.,3,False,real,1,0,5000.00000000,0.00000000,False
100000006579678100,distributor,0.74653468,4,0.74362418,Признаки распределения: 6 получателей  1 668 800 KZT исходящих; 15 переводов.,1,False,real,2,6,192930.00000000,1668800.00000000,False
100000006595426100,terminal,0.77297854,5,0.46228735,Наблюдаемый получатель: вход 84 800 KZT от 1 отправителей; исходящий поток 0 KZT. Полный баланс неизвестен.,2,False,real,1,0,84800.00000000,0.00000000,False
100000006612238100,peripheral,0.65000000,29,0.20785012,Недостаточно признаков: 1 отправителей  1 получателей; 2 наблюдаемых участий в переводах.,2,False,real,1,1,160000.00000000,25000.00000000,False
100000006638021100,peripheral,0.45500000,35,0.17720007,Недостаточно признаков: 2 отправителей  0 получателей; 2 наблюдаемых участий в переводах. Depth=4: обрыв наблюдения.,4,False,real,2,0,388500.00000000,0.00000000,True
100000006641671100,peripheral,1.00000000,0,0.40265592,Недостаточно признаков: 2 отправителей  1 получателей; 5 наблюдаемых участий в переводах.,3,False,real,2,1,22000.00000000,25000.00000000,False
100000006656003100,peripheral,0.65000000,33,0.16400690,Недостаточно признаков: 1 отправителей  1 получателей; 2 наблюдаемых участий в переводах.,1,False,real,1,1,20000.00000000,9000.00000000,False
100000006658598100,terminal,0.40897650,4,0.18627193,Наблюдаемый получатель: вход 9 000 KZT от 1 отправителей; исходящий поток 0 KZT. Полный баланс неизвестен.,1,False,real,1,0,9000.00000000,0.00000000,False
100000006664478100,peripheral,1.00000000,40,0.33432209,Недостаточно признаков: 1 отправителей  2 получателей; 5 наблюдаемых участий в переводах.,3,False,real,1,2,55000.00000000,60000.00000000,False
100000006679055100,terminal,0.45422379,5,0.25206009,Наблюдаемый получатель: вход 25 000 KZT от 1 отправителей; исходящий поток 0 KZT. Полный баланс неизвестен.,2,False,real,1,0,25000.00000000,0.00000000,False
100000006684930100,terminal,0.41444228,13,0.22382203,Наблюдаемый получатель: вход 10 000 KZT от 1 отправителей; исходящий поток 0 KZT. Полный баланс неизвестен.,2,False,real,1,0,10000.00000000,0.00000000,False
100000006687202100,terminal,0.48394671,5,0.23747684,Наблюдаемый получатель: вход 50 000 KZT от 1 отправителей; исходящий поток 0 KZT. Полный баланс неизвестен.,1,False,real,1,0,50000.00000000,0.00000000,False
100000006689603100,peripheral,0.45500000,16,0.16874377,Недостаточно признаков: 1 отправителей  0 получателей; 2 наблюдаемых участий в переводах. Depth=4: обрыв наблюдения.,4,False,real,1,0,400000.00000000,0.00000000,True
100000006693788100,peripheral,0.45500000,0,0.09437923,Недостаточно признаков: 1 отправителей  0 получателей; 1 наблюдаемых участий в переводах. Depth=4: обрыв наблюдения.,4,False,real,1,0,10764.00000000,0.00000000,True
100000006701983100,terminal,0.45897504,31,0.15693681,Наблюдаемый получатель: вход 27 000 KZT от 1 отправителей; исходящий поток 0 KZT. Полный баланс неизвестен.,3,False,real,1,0,27000.00000000,0.00000000,False
100000006704530100,peripheral,0.34103894,15,0.45061867,Недостаточно признаков: 1 отправителей  3 получателей; 6 наблюдаемых участий в переводах.,3,False,real,1,3,450500.00000000,428000.00000000,False
100000006706519100,peripheral,0.70000000,7,0.21514003,Недостаточно признаков: 1 отправителей  0 получателей; 3 наблюдаемых участий в переводах. Depth=4: обрыв наблюдения.,4,False,real,1,0,36000.00000000,0.00000000,True
100000006707582100,distributor,0.65815381,39,0.82448117,Признаки распределения: 14 получателей  961 138 KZT исходящих; 15 переводов.,1,False,real,2,14,39520.00000000,961138.00000000,False
100000006710485100,terminal,0.44339537,31,0.14650290,Наблюдаемый получатель: вход 20 000 KZT от 1 отправителей; исходящий поток 0 KZT. Полный баланс неизвестен.,3,False,real,1,0,20000.00000000,0.00000000,False
100000006714366100,peripheral,0.65000000,13,0.18325442,Недостаточно признаков: 1 отправителей  1 получателей; 2 наблюдаемых участий в переводах.,3,False,real,1,1,10500.00000000,5000.00000000,False
100000006734214100,consolidator,0.52101260,43,0.70357660,Признаки консолидации: 5 отправителей  610 000 KZT входящих  3 получателей.,3,False,real,5,3,610000.00000000,36000.00000000,False
100000006734554100,peripheral,0.65000000,59,0.17299395,Недостаточно признаков: 1 отправителей  1 получателей; 2 наблюдаемых участий в переводах.,1,False,real,1,1,16500.00000000,25000.00000000,False
100000006735545100,peripheral,0.45500000,13,0.08878191,Недостаточно признаков: 1 отправителей  0 получателей; 1 наблюдаемых участий в переводах. Depth=4: обрыв наблюдения.,4,False,real,1,0,5000.00000000,0.00000000,True
100000006745291100,terminal,0.50184675,12,0.27188700,Наблюдаемый получатель: вход 82 534 KZT от 1 отправителей; исходящий поток 0 KZT. Полный баланс неизвестен.,1,False,real,1,0,82534.00000000,0.00000000,False
100000006746688100,terminal,0.47477570,31,0.16845324,Наблюдаемый получатель: вход 41 000 KZT от 1 отправителей; исходящий поток 0 KZT. Полный баланс неизвестен.,3,False,real,1,0,41000.00000000,0.00000000,False
100000006755850100,terminal,0.84754790,12,0.56647584,Наблюдаемый получатель: вход 443 476 KZT от 1 отправителей; исходящий поток 0 KZT. Полный баланс неизвестен.,2,False,real,1,0,443475.80000000,0.00000000,False
100000006756956100,peripheral,0.70000000,5,0.25037526,Недостаточно признаков: 1 отправителей  0 получателей; 9 наблюдаемых участий в переводах. Depth=4: обрыв наблюдения.,4,False,real,1,0,121200.00000000,0.00000000,True
100000006787636100,terminal,0.44339537,4,0.19863170,Наблюдаемый получатель: вход 20 000 KZT от 1 отправителей; исходящий поток 0 KZT. Полный баланс неизвестен.,2,False,real,1,0,20000.00000000,0.00000000,False
100000006788200100,consolidator,0.46782021,40,0.61928342,Признаки консолидации: 4 отправителей  272 156 KZT входящих  3 получателей.,1,False,real,4,3,272155.80000000,64500.00000000,False
100000006789108100,terminal,0.47123988,12,0.24996873,Наблюдаемый получатель: вход 37 500 KZT от 1 отправителей; исходящий поток 0 KZT. Полный баланс неизвестен.,1,False,real,1,0,37500.00000000,0.00000000,False
100000006831291100,peripheral,0.90000000,77,0.16321569,Недостаточно признаков: 0 отправителей  1 получателей; 3 наблюдаемых участий в переводах. Seed: вход неполон.,0,True,real,0,1,0.00000000,15000.00000000,False
100000006844004100,terminal,0.44601040,13,0.20609604,Наблюдаемый получатель: вход 20 600 KZT от 1 отправителей; исходящий поток 0 KZT. Полный баланс неизвестен.,3,False,real,1,0,20600.00000000,0.00000000,False
100000006844768100,peripheral,1.00000000,0,0.51664228,Недостаточно признаков: 1 отправителей  2 получателей; 10 наблюдаемых участий в переводах.,2,False,real,1,2,282000.00000000,188000.00000000,False
100000006852430100,terminal,0.47072424,12,0.26462362,Наблюдаемый получатель: вход 37 000 KZT от 1 отправителей; исходящий поток 0 KZT. Полный баланс неизвестен.,2,False,real,1,0,37000.00000000,0.00000000,False
100000006866783100,distributor,0.58687206,5,0.80706205,Признаки распределения: 67 получателей  3 948 037 KZT исходящих; 90 переводов. Seed: вход неполон.,0,True,real,13,67,838812.00000000,3948037.00000000,False
100000006866831100,peripheral,0.45500000,1,0.09496943,Недостаточно признаков: 1 отправителей  0 получателей; 1 наблюдаемых участий в переводах. Depth=4: обрыв наблюдения.,4,False,real,1,0,16500.00000000,0.00000000,True
100000006882208100,terminal,0.43904927,4,0.21549027,Наблюдаемый получатель: вход 18 000 KZT от 1 отправителей; исходящий поток 0 KZT. Полный баланс неизвестен.,3,False,real,1,0,18000.00000000,0.00000000,False
100000006888238100,peripheral,0.65000000,50,0.15665624,Недостаточно признаков: 1 отправителей  1 получателей; 2 наблюдаемых участий в переводах.,2,False,real,1,1,18000.00000000,30000.00000000,False
100000006889963100,consolidator,0.51132852,12,0.76163514,Признаки консолидации: 4 отправителей  1 431 000 KZT входящих  1 получателей.,1,False,real,4,1,1431000.00000000,443475.80000000,False
100000006894637100,terminal,0.48733519,0,0.23440373,Наблюдаемый получатель: вход 52 831 KZT от 1 отправителей; исходящий поток 0 KZT. Полный баланс неизвестен.,3,False,real,1,0,52831.00000000,0.00000000,False
100000006901046100,terminal,0.72831115,4,0.51080176,Наблюдаемый получатель: вход 75 800 KZT от 1 отправителей; исходящий поток 5 500 KZT. Полный баланс неизвестен.,2,False,real,1,1,75800.00000000,5500.00000000,False
100000006903193100,peripheral,0.45500000,0,0.09470688,Недостаточно признаков: 1 отправителей  0 получателей; 1 наблюдаемых участий в переводах. Depth=4: обрыв наблюдения.,4,False,real,1,0,9000.00000000,0.00000000,True
100000006912294100,peripheral,1.00000000,6,0.33020040,Недостаточно признаков: 1 отправителей  2 получателей; 3 наблюдаемых участий в переводах.,2,False,real,1,2,6335.09000000,30000.00000000,False
100000006918814100,peripheral,0.45500000,5,0.13134912,Недостаточно признаков: 1 отправителей  0 получателей; 2 наблюдаемых участий в переводах. Depth=4: обрыв наблюдения.,4,False,real,1,0,20000.00000000,0.00000000,True
100000006919124100,terminal,0.45422379,7,0.21347145,Наблюдаемый получатель: вход 25 000 KZT от 1 отправителей; исходящий поток 0 KZT. Полный баланс неизвестен.,3,False,real,1,0,25000.00000000,0.00000000,False
100000006952718100,terminal,0.49750065,4,0.23966456,Наблюдаемый получатель: вход 71 489 KZT от 1 отправителей; исходящий поток 0 KZT. Полный баланс неизвестен.,1,False,real,1,0,71489.00000000,0.00000000,False
100000006965162100,terminal,0.41444228,17,0.18030580,Наблюдаемый получатель: вход 10 000 KZT от 1 отправителей; исходящий поток 0 KZT. Полный баланс неизвестен.,3,False,real,1,0,10000.00000000,0.00000000,False
100000006967370100,peripheral,0.65000000,43,0.20587960,Недостаточно признаков: 1 отправителей  1 получателей; 2 наблюдаемых участий в переводах.,3,False,real,1,1,33225.00000000,13526.27000000,False
100000006972210100,terminal,0.56659112,6,0.64147404,Наблюдаемый получатель: вход 488 775 KZT от 3 отправителей; исходящий поток 0 KZT. Полный баланс неизвестен.,1,False,real,3,0,488775.00000000,0.00000000,False
100000006977207100,distributor,0.87906239,44,0.58326040,Признаки распределения: 15 получателей  4 157 018 KZT исходящих; 15 переводов.,2,False,real,1,15,414000.00000000,4157018.00000000,False
100000006989106100,terminal,0.49348603,2,0.23080489,Наблюдаемый получатель: вход 64 000 KZT от 1 отправителей; исходящий поток 0 KZT. Полный баланс неизвестен.,2,False,real,1,0,64000.00000000,0.00000000,False
100000006989232100,terminal,0.44807295,0,0.20841804,Наблюдаемый получатель: вход 22 194 KZT от 1 отправителей; исходящий поток 0 KZT. Полный баланс неизвестен.,3,False,real,1,0,22194.00000000,0.00000000,False
100000006994985100,peripheral,1.00000000,40,0.41046399,Недостаточно признаков: 1 отправителей  1 получателей; 4 наблюдаемых участий в переводах.,2,False,real,1,1,48500.00000000,10200.00000000,False
100000007005380100,terminal,0.40980153,25,0.19510767,Наблюдаемый получатель: вход 9 400 KZT от 1 отправителей; исходящий поток 0 KZT. Полный баланс неизвестен.,3,False,real,1,0,9400.00000000,0.00000000,False
100000007018630100,peripheral,0.90000000,37,0.22552524,Недостаточно признаков: 0 отправителей  1 получателей; 5 наблюдаемых участий в переводах. Seed: вход неполон.,0,True,real,0,1,0.00000000,200000.00000000,False
100000007020162100,terminal,0.50324634,19,0.24310479,Наблюдаемый получатель: вход 86 395 KZT от 1 отправителей; исходящий поток 0 KZT. Полный баланс неизвестен.,3,False,real,1,0,86395.00000000,0.00000000,False
100000007022818100,terminal,0.43650790,31,0.14198643,Наблюдаемый получатель: вход 17 200 KZT от 1 отправителей; исходящий поток 0 KZT. Полный баланс неизвестен.,3,False,real,1,0,17200.00000000,0.00000000,False
100000007034089100,peripheral,0.45500000,35,0.16619272,Недостаточно признаков: 2 отправителей  0 получателей; 2 наблюдаемых участий в переводах. Depth=4: обрыв наблюдения.,4,False,real,2,0,198000.00000000,0.00000000,True
100000007042175100,peripheral,0.45500000,7,0.11540979,Недостаточно признаков: 1 отправителей  0 получателей; 1 наблюдаемых участий в переводах. Depth=4: обрыв наблюдения.,4,False,real,1,0,60000.00000000,0.00000000,True
100000007055802100,consolidator,0.70878861,0,0.71345455,Признаки консолидации: 6 отправителей  2 024 999 KZT входящих  1 получателей.,1,False,real,6,1,2024999.00000000,605000.00000000,False
100000007071852100,peripheral,0.45500000,0,0.13779191,Недостаточно признаков: 1 отправителей  0 получателей; 1 наблюдаемых участий в переводах. Depth=4: обрыв наблюдения.,4,False,real,1,0,195000.00000000,0.00000000,True
100000007129492100,peripheral,1.00000000,12,0.47231408,Недостаточно признаков: 2 отправителей  1 получателей; 3 наблюдаемых участий в переводах.,1,False,real,2,1,50990.00000000,37000.00000000,False
100000007131370100,peripheral,0.65000000,4,0.24941499,Недостаточно признаков: 1 отправителей  1 получателей; 2 наблюдаемых участий в переводах.,3,False,real,1,1,30000.00000000,30000.00000000,False
100000007138613100,consolidator,0.46403724,1,0.60578916,Признаки консолидации: 3 отправителей  1 002 000 KZT входящих  2 получателей.,3,False,real,3,2,1002000.00000000,179000.00000000,False
100000007140834100,terminal,0.41830957,40,0.23437388,Наблюдаемый получатель: вход 10 200 KZT от 1 отправителей; исходящий поток 0 KZT. Полный баланс неизвестен.,3,False,real,1,0,10200.00000000,0.00000000,False
100000007153161100,peripheral,0.45500000,7,0.11055141,Недостаточно признаков: 1 отправителей  0 получателей; 1 наблюдаемых участий в переводах. Depth=4: обрыв наблюдения.,4,False,real,1,0,44997.00000000,0.00000000,True
100000007170072100,transit,0.89975000,16,0.66550013,Признаки транзита: 1 отправителей → 2 получателей; 100% входящих сопоставлены с более поздними исходящими за ≤2 суток.,3,False,real,1,2,100000.00000000,99500.00000000,False
100000007173936100,terminal,0.41444228,24,0.17455340,Наблюдаемый получатель: вход 10 000 KZT от 1 отправителей; исходящий поток 0 KZT. Полный баланс неизвестен.,2,False,real,1,0,10000.00000000,0.00000000,False
100000007175718100,terminal,0.44339537,53,0.15257527,Наблюдаемый получатель: вход 20 000 KZT от 1 отправителей; исходящий поток 0 KZT. Полный баланс неизвестен.,1,False,real,1,0,20000.00000000,0.00000000,False
100000007181706100,terminal,0.50500443,3,0.36781133,Наблюдаемый получатель: вход 176 272 KZT от 2 отправителей; исходящий поток 0 KZT. Полный баланс неизвестен.,1,False,real,2,0,176272.00000000,0.00000000,False
100000007197866100,peripheral,0.65000000,0,0.19971304,Недостаточно признаков: 1 отправителей  1 получателей; 2 наблюдаемых участий в переводах.,3,False,real,1,1,20000.00000000,15000.00000000,False
100000007229557100,terminal,0.57468268,35,0.55617142,Наблюдаемый получатель: вход 878 000 KZT от 3 отправителей; исходящий поток 0 KZT. Полный баланс неизвестен.,3,False,real,3,0,878000.00000000,0.00000000,False
100000007242833100,transit,0.30813953,9,0.56314345,Признаки транзита: 1 отправителей → 1 получателей; 42% входящих сопоставлены с более поздними исходящими за ≤2 суток.,2,False,real,1,1,107500.00000000,45000.00000000,False
100000007267915100,peripheral,0.35666667,27,0.42718819,Недостаточно признаков: 2 отправителей  1 получателей; 4 наблюдаемых участий в переводах.,3,False,real,2,1,21000.00000000,10000.00000000,False
100000007274584100,terminal,0.47168186,3,0.26780514,Наблюдаемый получатель: вход 38 000 KZT от 1 отправителей; исходящий поток 0 KZT. Полный баланс неизвестен.,1,False,real,1,0,38000.00000000,0.00000000,False
100000007281639100,terminal,0.78780931,4,0.53206674,Наблюдаемый получатель: вход 216 770 KZT от 2 отправителей; исходящий поток 0 KZT. Полный баланс неизвестен.,1,False,real,2,0,216770.00000000,0.00000000,False
100000007283257100,terminal,0.81456966,67,0.40543281,Наблюдаемый получатель: вход 192 000 KZT от 1 отправителей; исходящий поток 0 KZT. Полный баланс неизвестен.,1,False,real,1,0,192000.00000000,0.00000000,False
100000007289427100,terminal,0.42279563,25,0.15019639,Наблюдаемый получатель: вход 12 300 KZT от 1 отправителей; исходящий поток 0 KZT. Полный баланс неизвестен.,2,False,real,1,0,12300.00000000,0.00000000,False
100000007303047100,terminal,0.48704054,31,0.17712837,Наблюдаемый получатель: вход 52 250 KZT от 1 отправителей; исходящий поток 0 KZT. Полный баланс неизвестен.,3,False,real,1,0,52250.00000000,0.00000000,False
100000007311010100,peripheral,1.00000000,3,0.47331143,Недостаточно признаков: 2 отправителей  1 получателей; 3 наблюдаемых участий в переводах.,1,False,real,2,1,64480.00000000,20000.00000000,False
100000007322059100,peripheral,1.00000000,25,0.46434888,Недостаточно признаков: 2 отправителей  1 получателей; 4 наблюдаемых участий в переводах.,2,False,real,2,1,29000.00000000,22500.00000000,False
100000007330432100,peripheral,0.45500000,4,0.14146770,Недостаточно признаков: 1 отправителей  0 получателей; 1 наблюдаемых участий в переводах. Depth=4: обрыв наблюдения.,4,False,real,1,0,584900.00000000,0.00000000,True
100000007333038100,peripheral,1.00000000,24,0.26550618,Недостаточно признаков: 1 отправителей  2 получателей; 3 наблюдаемых участий в переводах.,3,False,real,1,2,17500.00000000,34994.00000000,False
100000007334196100,terminal,0.52239866,12,0.28813550,Наблюдаемый получатель: вход 150 002 KZT от 1 отправителей; исходящий поток 0 KZT. Полный баланс неизвестен.,1,False,real,1,0,150002.00000000,0.00000000,False
100000007337374100,terminal,0.44339537,29,0.18615763,Наблюдаемый получатель: вход 20 000 KZT от 1 отправителей; исходящий поток 0 KZT. Полный баланс неизвестен.,2,False,real,1,0,20000.00000000,0.00000000,False
100000007347733100,terminal,0.44917789,77,0.16179587,Наблюдаемый получатель: вход 23 007 KZT от 1 отправителей; исходящий поток 0 KZT. Полный баланс неизвестен.,1,False,real,1,0,23007.00000000,0.00000000,False
100000007357489100,peripheral,0.45500000,35,0.16344861,Недостаточно признаков: 2 отправителей  0 получателей; 2 наблюдаемых участий в переводах. Depth=4: обрыв наблюдения.,4,False,real,2,0,164500.00000000,0.00000000,True
100000007381662100,peripheral,0.45500000,7,0.09516923,Недостаточно признаков: 1 отправителей  0 получателей; 1 наблюдаемых участий в переводах. Depth=4: обрыв наблюдения.,4,False,real,1,0,11000.00000000,0.00000000,True
100000007382152100,terminal,0.40072628,27,0.17913609,Наблюдаемый получатель: вход 5 860 KZT от 1 отправителей; исходящий поток 0 KZT. Полный баланс неизвестен.,2,False,real,1,0,5860.00000000,0.00000000,False
100000007382543100,distributor,0.52266352,17,0.61280457,Признаки распределения: 5 получателей  427 000 KZT исходящих; 8 переводов.,2,False,real,3,5,218000.00000000,427000.00000000,False
100000007390016100,transit,0.34130137,11,0.56713345,Признаки транзита: 1 отправителей → 1 получателей; 19% входящих сопоставлены с более поздними исходящими за ≤2 суток.,3,False,real,1,1,511000.00000000,346500.00000000,False
100000007392365100,distributor,0.75614002,7,0.60852339,Признаки распределения: 6 получателей  1 765 600 KZT исходящих; 9 переводов.,3,False,real,1,6,9613.00000000,1765600.00000000,False
100000007442518100,distributor,0.59796659,24,0.75846228,Признаки распределения: 9 получателей  4 419 999 KZT исходящих; 12 переводов.,1,False,real,5,9,510000.00000000,4419999.00000000,False
100000007472293100,peripheral,0.30526884,35,0.42673812,Недостаточно признаков: 1 отправителей  3 получателей; 4 наблюдаемых участий в переводах.,3,False,real,1,3,5000.00000000,345900.00000000,False
100000007484343100,terminal,0.43694006,7,0.27373914,Наблюдаемый получатель: вход 26 757 KZT от 2 отправителей; исходящий поток 0 KZT. Полный баланс неизвестен.,3,False,real,2,0,26757.00000000,0.00000000,False
100000007487729100,terminal,0.45422379,1,0.21291770,Наблюдаемый получатель: вход 25 000 KZT от 1 отправителей; исходящий поток 0 KZT. Полный баланс неизвестен.,3,False,real,1,0,25000.00000000,0.00000000,False
100000007507343100,terminal,0.54714934,54,0.22828735,Наблюдаемый получатель: вход 370 000 KZT от 1 отправителей; исходящий поток 0 KZT. Полный баланс неизвестен.,1,False,real,1,0,370000.00000000,0.00000000,False
100000007510567100,peripheral,0.45500000,39,0.11299169,Недостаточно признаков: 1 отправителей  0 получателей; 1 наблюдаемых участий в переводах. Depth=4: обрыв наблюдения.,4,False,real,1,0,52000.00000000,0.00000000,True
100000007510875100,terminal,0.39510581,6,0.14575509,Наблюдаемый получатель: вход 5 000 KZT от 1 отправителей; исходящий поток 0 KZT. Полный баланс неизвестен.,3,False,real,1,0,5000.00000000,0.00000000,False
100000007511163100,coordinator,0.36070897,4,0.66539212,Кандидат в координаторы: 5 связей  12 связанных seed; 20% связей между кластерами.,1,False,real,2,3,63666.00000000,82052.00000000,False
100000007511780100,peripheral,0.45500000,5,0.16047811,Недостаточно признаков: 1 отправителей  0 получателей; 2 наблюдаемых участий в переводах. Depth=4: обрыв наблюдения.,4,False,real,1,0,155000.00000000,0.00000000,True
100000007534354100,distributor,0.32596972,40,0.39745622,Признаки распределения: 3 получателей  147 810 KZT исходящих; 3 переводов.,2,False,real,1,3,50000.00000000,147810.00000000,False
100000007536804100,transit,0.40850000,2,0.39501946,Признаки транзита: 1 отправителей → 2 получателей; 45% входящих сопоставлены с более поздними исходящими за ≤2 суток.,1,False,real,1,2,100000.00000000,55000.00000000,False
100000007539296100,peripheral,0.45500000,25,0.13946636,Недостаточно признаков: 1 отправителей  0 получателей; 2 наблюдаемых участий в переводах. Depth=4: обрыв наблюдения.,4,False,real,1,0,46000.00000000,0.00000000,True
100000007544358100,peripheral,1.00000000,4,0.45968452,Недостаточно признаков: 2 отправителей  1 получателей; 5 наблюдаемых участий в переводах.,1,False,real,2,1,322500.00000000,350000.00000000,False
100000007591246100,peripheral,0.65000000,4,0.21060228,Недостаточно признаков: 1 отправителей  1 получателей; 2 наблюдаемых участий в переводах.,3,False,real,1,1,12190.00000000,120000.00000000,False
100000007593823100,distributor,0.62203090,5,0.76251993,Признаки распределения: 13 получателей  162 900 KZT исходящих; 21 переводов.,3,False,real,3,13,25000.00000000,162900.00000000,False
100000007594394100,consolidator,0.45616103,1,0.81191092,Признаки консолидации: 6 отправителей  395 385 KZT входящих  1 получателей.,2,False,real,6,1,395385.00000000,3376312.00000000,False
100000007597382100,terminal,0.43341407,11,0.20259742,Наблюдаемый получатель: вход 15 700 KZT от 1 отправителей; исходящий поток 0 KZT. Полный баланс неизвестен.,3,False,real,1,0,15700.00000000,0.00000000,False
100000007617808100,terminal,0.55131128,30,0.27715554,Наблюдаемый получатель: вход 450 000 KZT от 1 отправителей; исходящий поток 0 KZT. Полный баланс неизвестен.,2,False,real,1,0,450000.00000000,0.00000000,False
100000007618425100,terminal,0.47245532,43,0.22760160,Наблюдаемый получатель: вход 39 348 KZT от 1 отправителей; исходящий поток 0 KZT. Полный баланс неизвестен.,3,False,real,1,0,39348.00000000,0.00000000,False
100000007629096100,consolidator,0.49336938,5,0.65392398,Признаки консолидации: 4 отправителей  1 075 170 KZT входящих  1 получателей.,2,False,real,4,1,1075170.00000000,765205.00000000,False
100000007629121100,terminal,0.46085344,3,0.25134747,Наблюдаемый получатель: вход 29 000 KZT от 1 отправителей; исходящий поток 0 KZT. Полный баланс неизвестен.,2,False,real,1,0,29000.00000000,0.00000000,False
100000007631637100,terminal,0.43230913,33,0.13763751,Наблюдаемый получатель: вход 15 341 KZT от 1 отправителей; исходящий поток 0 KZT. Полный баланс неизвестен.,1,False,real,1,0,15341.00000000,0.00000000,False
100000007639767100,distributor,0.59433209,0,0.81821047,Признаки распределения: 10 получателей  822 244 KZT исходящих; 13 переводов.,1,False,real,4,10,90913.00000000,822244.00000000,False
100000007641183100,terminal,0.45978533,4,0.21276905,Наблюдаемый получатель: вход 28 000 KZT от 1 отправителей; исходящий поток 0 KZT. Полный баланс неизвестен.,1,False,real,1,0,28000.00000000,0.00000000,False
100000007641801100,terminal,0.53149600,2,0.21438235,Наблюдаемый получатель: вход 200 000 KZT от 1 отправителей; исходящий поток 0 KZT. Полный баланс неизвестен.,1,False,real,1,0,200000.00000000,0.00000000,False
100000007647294100,terminal,0.54788596,27,0.26752280,Наблюдаемый получатель: вход 385 000 KZT от 1 отправителей; исходящий поток 0 KZT. Полный баланс неизвестен.,3,False,real,1,0,385000.00000000,0.00000000,False
100000007648946100,peripheral,0.65000000,13,0.23037544,Недостаточно признаков: 1 отправителей  1 получателей; 2 наблюдаемых участий в переводах.,1,False,real,1,1,19550.00000000,25000.00000000,False
100000007653003100,terminal,0.50943401,27,0.25003642,Наблюдаемый получатель: вход 100 000 KZT от 1 отправителей; исходящий поток 0 KZT. Полный баланс неизвестен.,3,False,real,1,0,100000.00000000,0.00000000,False
100000007653094100,peripheral,0.45500000,13,0.09907146,Недостаточно признаков: 1 отправителей  0 получателей; 1 наблюдаемых участий в переводах. Depth=4: обрыв наблюдения.,4,False,real,1,0,16000.00000000,0.00000000,True
100000007689942100,peripheral,1.00000000,13,0.41263633,Недостаточно признаков: 1 отправителей  2 получателей; 3 наблюдаемых участий в переводах.,3,False,real,1,2,5000.00000000,25000.00000000,False
100000007731977100,peripheral,0.45500000,7,0.11939057,Недостаточно признаков: 1 отправителей  0 получателей; 1 наблюдаемых участий в переводах. Depth=4: обрыв наблюдения.,4,False,real,1,0,50000.00000000,0.00000000,True
100000007737775100,terminal,0.40139661,12,0.21194524,Наблюдаемый получатель: вход 6 000 KZT от 1 отправителей; исходящий поток 0 KZT. Полный баланс неизвестен.,3,False,real,1,0,6000.00000000,0.00000000,False
100000007745062100,peripheral,0.45500000,9,0.14766313,Недостаточно признаков: 1 отправителей  0 получателей; 1 наблюдаемых участий в переводах. Depth=4: обрыв наблюдения.,4,False,real,1,0,100000.00000000,0.00000000,True
100000007747786100,distributor,0.76850077,2,0.47489997,Признаки распределения: 31 получателей  4 238 009 KZT исходящих; 35 переводов. Seed: вход неполон.,0,True,real,0,31,0.00000000,4238009.40000000,False
100000007749092100,peripheral,1.00000000,4,0.42119523,Недостаточно признаков: 1 отправителей  1 получателей; 6 наблюдаемых участий в переводах.,2,False,real,1,1,7650.00000000,70375.00000000,False
100000007749747100,peripheral,0.45500000,35,0.13106171,Недостаточно признаков: 1 отправителей  0 получателей; 1 наблюдаемых участий в переводах. Depth=4: обрыв наблюдения.,4,False,real,1,0,50000.00000000,0.00000000,True
100000007754369100,terminal,0.50177309,0,0.24502563,Наблюдаемый получатель: вход 82 424 KZT от 1 отправителей; исходящий поток 0 KZT. Полный баланс неизвестен.,3,False,real,1,0,82424.00000000,0.00000000,False
100000007777377100,terminal,0.83708074,30,0.58067838,Наблюдаемый получатель: вход 456 290 KZT от 1 отправителей; исходящий поток 10 000 KZT. Полный баланс неизвестен.,2,False,real,1,2,456290.00000000,10000.00000000,False
100000007793871100,terminal,0.70231898,39,0.45330985,Наблюдаемый получатель: вход 26 000 KZT от 1 отправителей; исходящий поток 0 KZT. Полный баланс неизвестен.,3,False,real,1,0,26000.00000000,0.00000000,False
100000007797290100,peripheral,0.65000000,27,0.22104019,Недостаточно признаков: 1 отправителей  1 получателей; 2 наблюдаемых участий в переводах.,2,False,real,1,1,100000.00000000,20000.00000000,False
100000007811950100,peripheral,0.45500000,14,0.11335344,Недостаточно признаков: 1 отправителей  0 получателей; 1 наблюдаемых участий в переводах. Depth=4: обрыв наблюдения.,4,False,real,1,0,50000.00000000,0.00000000,True
100000007841978100,peripheral,0.45500000,11,0.13484948,Недостаточно признаков: 1 отправителей  0 получателей; 1 наблюдаемых участий в переводах. Depth=4: обрыв наблюдения.,4,False,real,1,0,449000.00000000,0.00000000,True
100000007861311100,terminal,0.47757488,2,0.17876670,Наблюдаемый получатель: вход 45 000 KZT от 1 отправителей; исходящий поток 0 KZT. Полный баланс неизвестен.,2,False,real,1,0,45000.00000000,0.00000000,False
100000007863304100,terminal,0.45422379,11,0.21405175,Наблюдаемый получатель: вход 25 000 KZT от 1 отправителей; исходящий поток 0 KZT. Полный баланс неизвестен.,3,False,real,1,0,25000.00000000,0.00000000,False
100000007864477100,distributor,0.62566311,5,0.72836085,Признаки распределения: 6 получателей  203 500 KZT исходящих; 10 переводов.,3,False,real,2,6,76000.00000000,203500.00000000,False
100000007865484100,peripheral,0.45500000,7,0.16171702,Недостаточно признаков: 1 отправителей  0 получателей; 2 наблюдаемых участий в переводах. Depth=4: обрыв наблюдения.,4,False,real,1,0,584600.00000000,0.00000000,True
100000007867364100,peripheral,0.45500000,1,0.10866774,Недостаточно признаков: 1 отправителей  0 получателей; 1 наблюдаемых участий в переводах. Depth=4: обрыв наблюдения.,4,False,real,1,0,41852.00000000,0.00000000,True
100000007898453100,transit,0.61248438,3,0.69238488,Признаки транзита: 1 отправителей → 2 получателей; 100% входящих сопоставлены с более поздними исходящими за ≤2 суток.,2,False,real,1,2,24750.00000000,320000.00000000,False
100000007908818100,distributor,0.49627834,16,0.72682272,Признаки распределения: 6 получателей  302 000 KZT исходящих; 13 переводов.,1,False,real,4,6,727475.00000000,302000.00000000,False
100000007930878100,terminal,0.39510581,23,0.14322619,Наблюдаемый получатель: вход 5 000 KZT от 1 отправителей; исходящий поток 0 KZT. Полный баланс неизвестен.,2,False,real,1,0,5000.00000000,0.00000000,False
100000007938486100,terminal,0.47256581,33,0.16649721,Наблюдаемый получатель: вход 39 500 KZT от 1 отправителей; исходящий поток 0 KZT. Полный баланс неизвестен.,1,False,real,1,0,39500.00000000,0.00000000,False
100000007939160100,terminal,0.85159407,23,0.49860813,Наблюдаемый получатель: вход 795 000 KZT от 1 отправителей; исходящий поток 14 300 KZT. Полный баланс неизвестен.,1,False,real,1,2,795000.00000000,14300.00000000,False
100000007953156100,peripheral,0.65000000,19,0.21730582,Недостаточно признаков: 1 отправителей  1 получателей; 2 наблюдаемых участий в переводах.,2,False,real,1,1,18000.00000000,10000.00000000,False
100000007960337100,peripheral,0.45500000,16,0.09988996,Недостаточно признаков: 1 отправителей  0 получателей; 1 наблюдаемых участий в переводах. Depth=4: обрыв наблюдения.,4,False,real,1,0,35500.00000000,0.00000000,True
100000007982728100,distributor,0.75412586,40,0.59687440,Признаки распределения: 8 получателей  1 804 384 KZT исходящих; 12 переводов. Seed: вход неполон.,0,True,real,0,8,0.00000000,1804384.00000000,False
100000007982908100,terminal,0.46516271,29,0.16158445,Наблюдаемый получатель: вход 31 080 KZT от 1 отправителей; исходящий поток 0 KZT. Полный баланс неизвестен.,2,False,real,1,0,31080.00000000,0.00000000,False
100000007988344100,peripheral,0.70000000,0,0.20268192,Недостаточно признаков: 1 отправителей  0 получателей; 3 наблюдаемых участий в переводах. Depth=4: обрыв наблюдения.,4,False,real,1,0,20000.00000000,0.00000000,True
100000007997939100,peripheral,0.45500000,35,0.11676283,Недостаточно признаков: 1 отправителей  0 получателей; 1 наблюдаемых участий в переводах. Depth=4: обрыв наблюдения.,4,False,real,1,0,13000.00000000,0.00000000,True
100000007998965100,consolidator,0.55285267,39,0.67886493,Признаки консолидации: 5 отправителей  278 000 KZT входящих  1 получателей.,2,False,real,5,1,278000.00000000,26000.00000000,False
100000007999728100,terminal,0.44947254,19,0.20450097,Наблюдаемый получатель: вход 23 250 KZT от 1 отправителей; исходящий поток 0 KZT. Полный баланс неизвестен.,3,False,real,1,0,23250.00000000,0.00000000,False
100000008002020100,peripheral,0.65000000,9,0.19627719,Недостаточно признаков: 1 отправителей  1 получателей; 2 наблюдаемых участий в переводах.,1,False,real,1,1,73860.00000000,17000.00000000,False
100000008003034100,distributor,0.48366918,4,0.69028377,Признаки распределения: 4 получателей  135 000 KZT исходящих; 4 переводов.,1,False,real,1,4,12201.00000000,135000.00000000,False
100000008008463100,terminal,0.48866112,40,0.19068811,Наблюдаемый получатель: вход 54 180 KZT от 1 отправителей; исходящий поток 0 KZT. Полный баланс неизвестен.,2,False,real,1,0,54180.00000000,0.00000000,False
100000008011159100,distributor,0.54167203,60,0.66569371,Признаки распределения: 5 получателей  153 037 KZT исходящих; 5 переводов.,2,False,real,3,5,363000.00000000,153037.00000000,False
100000008011573100,terminal,0.43042709,43,0.19906430,Наблюдаемый получатель: вход 15 000 KZT от 1 отправителей; исходящий поток 0 KZT. Полный баланс неизвестен.,3,False,real,1,0,15000.00000000,0.00000000,False
100000008027922100,peripheral,0.45500000,28,0.11596818,Недостаточно признаков: 1 отправителей  0 получателей; 1 наблюдаемых участий в переводах. Depth=4: обрыв наблюдения.,4,False,real,1,0,70000.00000000,0.00000000,True
100000008028628100,terminal,0.49042903,33,0.17889772,Наблюдаемый получатель: вход 57 224 KZT от 1 отправителей; исходящий поток 0 KZT. Полный баланс неизвестен.,1,False,real,1,0,57224.00000000,0.00000000,False
100000008029279100,terminal,0.43555029,0,0.20387947,Наблюдаемый получатель: вход 17 000 KZT от 1 отправителей; исходящий поток 0 KZT. Полный баланс неизвестен.,3,False,real,1,0,17000.00000000,0.00000000,False
100000008038077100,terminal,0.55363166,11,0.32625464,Наблюдаемый получатель: вход 499 850 KZT от 1 отправителей; исходящий поток 0 KZT. Полный баланс неизвестен.,3,False,real,1,0,499850.00000000,0.00000000,False
100000008042075100,terminal,0.39510581,21,0.12698005,Наблюдаемый получатель: вход 5 000 KZT от 1 отправителей; исходящий поток 0 KZT. Полный баланс неизвестен.,3,False,real,1,0,5000.00000000,0.00000000,False
100000008043184100,terminal,0.48564095,27,0.23149204,Наблюдаемый получатель: вход 50 564 KZT от 1 отправителей; исходящий поток 0 KZT. Полный баланс неизвестен.,3,False,real,1,0,50564.00000000,0.00000000,False
100000008050986100,peripheral,0.45500000,11,0.14073122,Недостаточно признаков: 1 отправителей  0 получателей; 2 наблюдаемых участий в переводах. Depth=4: обрыв наблюдения.,4,False,real,1,0,95000.00000000,0.00000000,True
100000008055972100,terminal,0.46011681,31,0.15780662,Наблюдаемый получатель: вход 28 300 KZT от 1 отправителей; исходящий поток 0 KZT. Полный баланс неизвестен.,3,False,real,1,0,28300.00000000,0.00000000,False
100000008060273100,terminal,0.41444228,16,0.26130418,Наблюдаемый получатель: вход 10 000 KZT от 1 отправителей; исходящий поток 0 KZT. Полный баланс неизвестен.,2,False,real,1,0,10000.00000000,0.00000000,False
100000008066326100,terminal,0.44092767,5,0.20805885,Наблюдаемый получатель: вход 19 320 KZT от 1 отправителей; исходящий поток 0 KZT. Полный баланс неизвестен.,1,False,real,1,0,19320.00000000,0.00000000,False
100000008070101100,terminal,0.50943401,35,0.26400499,Наблюдаемый получатель: вход 100 000 KZT от 1 отправителей; исходящий поток 0 KZT. Полный баланс неизвестен.,3,False,real,1,0,100000.00000000,0.00000000,False
100000008071620100,terminal,0.47945328,5,0.23459068,Наблюдаемый получатель: вход 46 968 KZT от 1 отправителей; исходящий поток 0 KZT. Полный баланс неизвестен.,1,False,real,1,0,46968.00000000,0.00000000,False
100000008071749100,peripheral,0.45500000,39,0.09946988,Недостаточно признаков: 1 отправителей  0 получателей; 1 наблюдаемых участий в переводах. Depth=4: обрыв наблюдения.,4,False,real,1,0,24943.00000000,0.00000000,True
100000008074304100,peripheral,0.45500000,11,0.08595565,Недостаточно признаков: 1 отправителей  0 получателей; 1 наблюдаемых участий в переводах. Depth=4: обрыв наблюдения.,4,False,real,1,0,5500.00000000,0.00000000,True
100000008077552100,terminal,0.53333757,0,0.27465970,Наблюдаемый получатель: вход 214 000 KZT от 1 отправителей; исходящий поток 0 KZT. Полный баланс неизвестен.,3,False,real,1,0,214000.00000000,0.00000000,False
100000008086440100,distributor,0.53111829,0,0.72139802,Признаки распределения: 5 получателей  161 300 KZT исходящих; 6 переводов.,3,False,real,1,5,199733.00000000,161300.00000000,False
100000008088082100,peripheral,0.65000000,13,0.21792721,Недостаточно признаков: 1 отправителей  1 получателей; 2 наблюдаемых участий в переводах.,3,False,real,1,1,39138.00000000,50000.00000000,False
100000008094734100,consolidator,0.50173164,5,0.62863539,Признаки консолидации: 4 отправителей  236 249 KZT входящих  0 получателей.,1,False,real,4,0,236249.00000000,0.00000000,False
100000008097580100,terminal,0.68388818,0,0.51381964,Наблюдаемый получатель: вход 32 000 KZT от 2 отправителей; исходящий поток 0 KZT. Полный баланс неизвестен.,3,False,real,2,0,32000.00000000,0.00000000,False
100000008104567100,coordinator,0.52260553,19,0.73478428,Кандидат в координаторы: 6 связей  32 связанных seed; 50% связей между кластерами.,2,False,real,3,3,53550.00000000,40000.00000000,False
100000008106997100,peripheral,1.00000000,13,0.39209398,Недостаточно признаков: 2 отправителей  1 получателей; 3 наблюдаемых участий в переводах.,2,False,real,2,1,35600.00000000,20600.00000000,False
100000008111003100,consolidator,0.67495831,5,0.74559477,Признаки консолидации: 6 отправителей  222 716 KZT входящих  1 получателей.,2,False,real,6,1,222716.00000000,35000.00000000,False
100000008116374100,terminal,0.46545736,4,0.21683999,Наблюдаемый получатель: вход 31 284 KZT от 1 отправителей; исходящий поток 0 KZT. Полный баланс неизвестен.,1,False,real,1,0,31284.00000000,0.00000000,False
100000008117324100,peripheral,0.31500000,78,0.01225350,Недостаточно признаков: 0 отправителей  0 получателей; 0 наблюдаемых участий в переводах. Seed: вход неполон.,0,True,real,0,0,0.00000000,0.00000000,False
100000008121806100,transit,0.42884341,16,0.75315695,Признаки транзита: 1 отправителей → 4 получателей; 75% входящих сопоставлены с более поздними исходящими за ≤2 суток.,3,False,real,1,4,67000.00000000,248509.00000000,False
100000008129393100,terminal,0.41444228,77,0.14152235,Наблюдаемый получатель: вход 10 000 KZT от 1 отправителей; исходящий поток 0 KZT. Полный баланс неизвестен.,1,False,real,1,0,10000.00000000,0.00000000,False
100000008130868100,peripheral,0.45500000,24,0.07297040,Недостаточно признаков: 1 отправителей  0 получателей; 1 наблюдаемых участий в переводах. Depth=4: обрыв наблюдения.,4,False,real,1,0,22782.00000000,0.00000000,True
100000008136608100,peripheral,0.45500000,39,0.12781356,Недостаточно признаков: 1 отправителей  0 получателей; 1 наблюдаемых участий в переводах. Depth=4: обрыв наблюдения.,4,False,real,1,0,170000.00000000,0.00000000,True
100000008137435100,distributor,0.68248268,28,0.79181615,Признаки распределения: 6 получателей  1 419 700 KZT исходящих; 7 переводов.,1,False,real,2,6,93906.00000000,1419700.00000000,False
100000008141170100,terminal,0.41965023,4,0.19520863,Наблюдаемый получатель: вход 11 000 KZT от 1 отправителей; исходящий поток 0 KZT. Полный баланс неизвестен.,2,False,real,1,0,11000.00000000,0.00000000,False
100000008144528100,consolidator,0.59750680,4,0.61347078,Признаки консолидации: 5 отправителей  1 068 203 KZT входящих  0 получателей.,2,False,real,5,0,1068202.60000000,0.00000000,False
100000008151098100,peripheral,0.45500000,15,0.09881500,Недостаточно признаков: 1 отправителей  0 получателей; 1 наблюдаемых участий в переводах. Depth=4: обрыв наблюдения.,4,False,real,1,0,30000.00000000,0.00000000,True
100000008165763100,distributor,0.63514644,5,0.79980352,Признаки распределения: 17 получателей  1 267 858 KZT исходящих; 17 переводов.,1,False,real,15,17,1165815.00000000,1267858.00000000,False
100000008168850100,peripheral,0.45500000,11,0.15476500,Недостаточно признаков: 1 отправителей  0 получателей; 2 наблюдаемых участий в переводах. Depth=4: обрыв наблюдения.,4,False,real,1,0,187910.00000000,0.00000000,True
100000008169544100,distributor,0.37254880,4,0.65897315,Признаки распределения: 4 получателей  42 800 KZT исходящих; 7 переводов.,1,False,real,1,4,137104.00000000,42800.00000000,False
100000008172352100,distributor,0.49696904,25,0.69594821,Признаки распределения: 7 получателей  289 510 KZT исходящих; 8 переводов.,1,False,real,3,7,90265.00000000,289510.00000000,False
100000008172721100,peripheral,0.45500000,0,0.12415953,Недостаточно признаков: 1 отправителей  0 получателей; 1 наблюдаемых участий в переводах. Depth=4: обрыв наблюдения.,4,False,real,1,0,168335.00000000,0.00000000,True
100000008173359100,terminal,0.40227319,4,0.18331691,Наблюдаемый получатель: вход 6 110 KZT от 1 отправителей; исходящий поток 0 KZT. Полный баланс неизвестен.,1,False,real,1,0,6110.00000000,0.00000000,False
100000008174521100,terminal,0.50162576,4,0.24329197,Наблюдаемый получатель: вход 82 110 KZT от 1 отправителей; исходящий поток 0 KZT. Полный баланс неизвестен.,2,False,real,1,0,82110.00000000,0.00000000,False
100000008175078100,peripheral,0.70000000,11,0.26932353,Недостаточно признаков: 1 отправителей  0 получателей; 15 наблюдаемых участий в переводах. Depth=4: обрыв наблюдения.,4,False,real,1,0,1846711.00000000,0.00000000,True
100000008183752100,peripheral,0.45500000,35,0.14364215,Недостаточно признаков: 1 отправителей  0 получателей; 1 наблюдаемых участий в переводах. Depth=4: обрыв наблюдения.,4,False,real,1,0,140000.00000000,0.00000000,True
100000008188026100,distributor,0.45626254,4,0.65724115,Признаки распределения: 4 получателей  337 983 KZT исходящих; 4 переводов.,1,False,real,2,4,86468.00000000,337983.17000000,False
100000008190411100,peripheral,0.70000000,42,0.25149416,Недостаточно признаков: 1 отправителей  0 получателей; 12 наблюдаемых участий в переводах. Depth=4: обрыв наблюдения.,4,False,real,1,0,198450.00000000,0.00000000,True
100000008190442100,terminal,0.42444568,31,0.13520579,Наблюдаемый получатель: вход 13 000 KZT от 1 отправителей; исходящий поток 0 KZT. Полный баланс неизвестен.,3,False,real,1,0,13000.00000000,0.00000000,False
100000008192264100,peripheral,1.00000000,11,0.43218558,Недостаточно признаков: 1 отправителей  1 получателей; 3 наблюдаемых участий в переводах.,3,False,real,1,1,162810.00000000,187910.00000000,False
100000008193258100,peripheral,1.00000000,27,0.40033815,Недостаточно признаков: 1 отправителей  1 получателей; 3 наблюдаемых участий в переводах.,3,False,real,1,1,75000.00000000,30000.00000000,False
100000008193577100,distributor,0.53189401,10,0.51803198,Признаки распределения: 5 получателей  480 180 KZT исходящих; 16 переводов.,1,False,real,2,5,154300.00000000,480180.00000000,False
100000008200810100,terminal,0.55230573,24,0.24095405,Наблюдаемый получатель: вход 475 000 KZT от 1 отправителей; исходящий поток 0 KZT. Полный баланс неизвестен.,3,False,real,1,0,475000.00000000,0.00000000,False
100000008205000100,peripheral,0.31500000,79,0.01225350,Недостаточно признаков: 0 отправителей  0 получателей; 0 наблюдаемых участий в переводах. Seed: вход неполон.,0,True,real,0,0,0.00000000,0.00000000,False
100000008205937100,terminal,0.72141463,13,0.47813138,Наблюдаемый получатель: вход 35 000 KZT от 1 отправителей; исходящий поток 0 KZT. Полный баланс неизвестен.,2,False,real,1,0,35000.00000000,0.00000000,False
100000008213966100,transit,0.30807532,17,0.56588987,Признаки транзита: 3 отправителей → 1 получателей; 20% входящих сопоставлены с более поздними исходящими за ≤2 суток.,2,False,real,3,1,187004.00000000,436900.00000000,False
100000008219168100,terminal,0.48792449,2,0.22002544,Наблюдаемый получатель: вход 53 200 KZT от 1 отправителей; исходящий поток 0 KZT. Полный баланс неизвестен.,1,False,real,1,0,53200.00000000,0.00000000,False
100000008221543100,terminal,0.53388022,27,0.34775494,Наблюдаемый получатель: вход 542 000 KZT от 2 отправителей; исходящий поток 0 KZT. Полный баланс неизвестен.,1,False,real,2,0,542000.00000000,0.00000000,False
100000008221765100,peripheral,0.45500000,11,0.12617537,Недостаточно признаков: 1 отправителей  0 получателей; 1 наблюдаемых участий в переводах. Depth=4: обрыв наблюдения.,4,False,real,1,0,156354.00000000,0.00000000,True
100000008223661100,distributor,0.66091180,35,0.65704761,Признаки распределения: 5 получателей  262 580 KZT исходящих; 5 переводов.,3,False,real,2,5,202000.00000000,262580.00000000,False
100000008223756100,terminal,0.52297814,16,0.33979101,Наблюдаемый получатель: вход 331 682 KZT от 2 отправителей; исходящий поток 0 KZT. Полный баланс неизвестен.,3,False,real,2,0,331682.00000000,0.00000000,False
100000008229700100,peripheral,0.65000000,9,0.13873252,Недостаточно признаков: 1 отправителей  1 получателей; 2 наблюдаемых участий в переводах.,1,False,real,1,1,23500.00000000,7200.00000000,False
100000008232832100,peripheral,1.00000000,35,0.48561908,Недостаточно признаков: 1 отправителей  1 получателей; 3 наблюдаемых участий в переводах.,1,False,real,1,1,337000.00000000,138000.00000000,False
100000008237827100,terminal,0.47407590,3,0.26946569,Наблюдаемый получатель: вход 40 001 KZT от 1 отправителей; исходящий поток 0 KZT. Полный баланс неизвестен.,1,False,real,1,0,40001.00000000,0.00000000,False
100000008238112100,terminal,0.52917563,11,0.26513271,Наблюдаемый получатель: вход 190 000 KZT от 1 отправителей; исходящий поток 0 KZT. Полный баланс неизвестен.,3,False,real,1,0,190000.00000000,0.00000000,False
100000008238989100,terminal,0.53149600,28,0.30499901,Наблюдаемый получатель: вход 200 000 KZT от 1 отправителей; исходящий поток 0 KZT. Полный баланс неизвестен.,2,False,real,1,0,200000.00000000,0.00000000,False
100000008244300100,consolidator,0.55611967,5,0.60901425,Признаки консолидации: 5 отправителей  65 430 KZT входящих  0 получателей.,1,False,real,5,0,65430.00000000,0.00000000,False
100000008251939100,peripheral,0.45500000,39,0.10930191,Недостаточно признаков: 1 отправителей  0 получателей; 1 наблюдаемых участий в переводах. Depth=4: обрыв наблюдения.,4,False,real,1,0,44360.00000000,0.00000000,True
100000008254069100,distributor,0.59267507,47,0.64269792,Признаки распределения: 5 получателей  107 500 KZT исходящих; 6 переводов.,2,False,real,1,5,10200.00000000,107500.00000000,False
100000008254576100,peripheral,0.65000000,27,0.19461043,Недостаточно признаков: 1 отправителей  1 получателей; 2 наблюдаемых участий в переводах.,3,False,real,1,1,8000.00000000,60000.00000000,False
100000008255655100,peripheral,0.45500000,27,0.09052755,Недостаточно признаков: 1 отправителей  0 получателей; 1 наблюдаемых участий в переводах. Depth=4: обрыв наблюдения.,4,False,real,1,0,5400.00000000,0.00000000,True
100000008258083100,peripheral,1.00000000,24,0.53294174,Недостаточно признаков: 2 отправителей  2 получателей; 19 наблюдаемых участий в переводах.,2,False,real,2,2,3149500.00000000,2045650.00000000,False
100000008258458100,peripheral,1.00000000,4,0.46569301,Недостаточно признаков: 1 отправителей  2 получателей; 5 наблюдаемых участий в переводах.,3,False,real,1,2,19000.00000000,1557988.00000000,False
100000008259451100,terminal,0.48932409,19,0.23228154,Наблюдаемый получатель: вход 55 000 KZT от 1 отправителей; исходящий поток 0 KZT. Полный баланс неизвестен.,3,False,real,1,0,55000.00000000,0.00000000,False
100000008279405100,terminal,0.53587894,0,0.31577757,Наблюдаемый получатель: вход 234 738 KZT от 1 отправителей; исходящий поток 0 KZT. Полный баланс неизвестен.,3,False,real,1,0,234738.00000000,0.00000000,False
100000008283183100,terminal,0.46085344,29,0.15870282,Наблюдаемый получатель: вход 29 000 KZT от 1 отправителей; исходящий поток 0 KZT. Полный баланс неизвестен.,2,False,real,1,0,29000.00000000,0.00000000,False
100000008289539100,terminal,0.42867392,4,0.19354093,Наблюдаемый получатель: вход 14 912 KZT от 1 отправителей; исходящий поток 0 KZT. Полный баланс неизвестен.,2,False,real,1,0,14912.00000000,0.00000000,False
100000008293431100,distributor,0.61941405,0,0.68937208,Признаки распределения: 5 получателей  297 000 KZT исходящих; 7 переводов.,3,False,real,1,5,15000.00000000,297000.00000000,False
100000008295429100,terminal,0.54611806,11,0.27939778,Наблюдаемый получатель: вход 352 000 KZT от 1 отправителей; исходящий поток 0 KZT. Полный баланс неизвестен.,3,False,real,1,0,352000.00000000,0.00000000,False
100000008297199100,terminal,0.47554915,0,0.23178903,Наблюдаемый получатель: вход 42 268 KZT от 1 отправителей; исходящий поток 0 KZT. Полный баланс неизвестен.,3,False,real,1,0,42268.00000000,0.00000000,False
100000008304115100,terminal,0.48608293,9,0.18583563,Наблюдаемый получатель: вход 51 000 KZT от 1 отправителей; исходящий поток 0 KZT. Полный баланс неизвестен.,1,False,real,1,0,51000.00000000,0.00000000,False
100000008304139100,distributor,0.66972907,5,0.86831306,Признаки распределения: 24 получателей  1 692 997 KZT исходящих; 43 переводов.,1,False,real,4,24,189329.75000000,1692997.00000000,False
100000008306857100,terminal,0.51632148,24,0.21016186,Наблюдаемый получатель: вход 125 000 KZT от 1 отправителей; исходящий поток 0 KZT. Полный баланс неизвестен.,3,False,real,1,0,125000.00000000,0.00000000,False
100000008308418100,peripheral,0.45500000,7,0.11104876,Недостаточно признаков: 1 отправителей  0 получателей; 1 наблюдаемых участий в переводах. Depth=4: обрыв наблюдения.,4,False,real,1,0,50000.00000000,0.00000000,True
100000008309514100,terminal,0.43650790,31,0.14198643,Наблюдаемый получатель: вход 17 200 KZT от 1 отправителей; исходящий поток 0 KZT. Полный баланс неизвестен.,3,False,real,1,0,17200.00000000,0.00000000,False
100000008314203100,peripheral,0.90000000,35,0.47646600,Недостаточно признаков: 2 отправителей  2 получателей; 23 наблюдаемых участий в переводах. Seed: вход неполон.,0,True,real,2,2,382076.00000000,327000.00000000,False
100000008314863100,terminal,0.42135184,3,0.23403157,Наблюдаемый получатель: вход 12 000 KZT от 1 отправителей; исходящий поток 0 KZT. Полный баланс неизвестен.,3,False,real,1,0,12000.00000000,0.00000000,False
100000008321975100,peripheral,0.45500000,30,0.08270403,Недостаточно признаков: 1 отправителей  0 получателей; 1 наблюдаемых участий в переводах. Depth=4: обрыв наблюдения.,4,False,real,1,0,5900.00000000,0.00000000,True
100000008324800100,transit,0.43050660,11,0.64614533,Признаки транзита: 3 отправителей → 1 получателей; 15% входящих сопоставлены с более поздними исходящими за ≤2 суток.,2,False,real,3,1,526500.00000000,511000.00000000,False
100000008327791100,peripheral,0.45500000,27,0.09480012,Недостаточно признаков: 1 отправителей  0 получателей; 1 наблюдаемых участий в переводах. Depth=4: обрыв наблюдения.,4,False,real,1,0,11000.00000000,0.00000000,True
100000008331280100,peripheral,0.45500000,15,0.13119738,Недостаточно признаков: 1 отправителей  0 получателей; 2 наблюдаемых участий в переводах. Depth=4: обрыв наблюдения.,4,False,real,1,0,41000.00000000,0.00000000,True
100000008332511100,terminal,0.50943401,40,0.28188779,Наблюдаемый получатель: вход 100 000 KZT от 1 отправителей; исходящий поток 0 KZT. Полный баланс неизвестен.,3,False,real,1,0,100000.00000000,0.00000000,False
100000008333492100,peripheral,0.45500000,35,0.15229859,Недостаточно признаков: 1 отправителей  0 получателей; 1 наблюдаемых участий в переводах. Depth=4: обрыв наблюдения.,4,False,real,1,0,216400.00000000,0.00000000,True
100000008335401100,terminal,0.80289695,2,0.52063106,Наблюдаемый получатель: вход 150 000 KZT от 1 отправителей; исходящий поток 0 KZT. Полный баланс неизвестен.,2,False,real,1,0,150000.00000000,0.00000000,False
100000008336318100,peripheral,0.45500000,35,0.14514138,Недостаточно признаков: 1 отправителей  0 получателей; 1 наблюдаемых участий в переводах. Depth=4: обрыв наблюдения.,4,False,real,1,0,170000.00000000,0.00000000,True
100000008337304100,peripheral,0.45500000,0,0.14529063,Недостаточно признаков: 1 отправителей  0 получателей; 2 наблюдаемых участий в переводах. Depth=4: обрыв наблюдения.,4,False,real,1,0,105465.00000000,0.00000000,True
100000008343415100,peripheral,0.70000000,44,0.23605319,Недостаточно признаков: 1 отправителей  0 получателей; 3 наблюдаемых участий в переводах. Depth=4: обрыв наблюдения.,4,False,real,1,0,100000.00000000,0.00000000,True
100000008343874100,transit,0.38803366,44,0.60082565,Признаки транзита: 2 отправителей → 2 получателей; 35% входящих сопоставлены с более поздними исходящими за ≤2 суток.,3,False,real,2,2,283535.00000000,176400.00000000,False
100000008346837100,distributor,0.62430932,13,0.87265192,Признаки распределения: 25 получателей  1 258 643 KZT исходящих; 26 переводов.,2,False,real,9,25,254359.00000000,1258643.00000000,False
100000008349675100,peripheral,1.00000000,2,0.29664085,Недостаточно признаков: 1 отправителей  1 получателей; 3 наблюдаемых участий в переводах.,1,False,real,1,1,46520.00000000,36650.00000000,False
100000008349740100,peripheral,0.45500000,11,0.13199033,Недостаточно признаков: 1 отправителей  0 получателей; 2 наблюдаемых участий в переводах. Depth=4: обрыв наблюдения.,4,False,real,1,0,70000.00000000,0.00000000,True
100000008352542100,terminal,0.48549362,12,0.27225134,Наблюдаемый получатель: вход 50 220 KZT от 1 отправителей; исходящий поток 0 KZT. Полный баланс неизвестен.,2,False,real,1,0,50220.00000000,0.00000000,False
100000008356606100,terminal,0.50412047,4,0.28533921,Наблюдаемый получатель: вход 168 500 KZT от 2 отправителей; исходящий поток 0 KZT. Полный баланс неизвестен.,2,False,real,2,0,168500.00000000,0.00000000,False
100000008376089100,terminal,0.51823671,24,0.24296822,Наблюдаемый получатель: вход 135 000 KZT от 1 отправителей; исходящий поток 0 KZT. Полный баланс неизвестен.,2,False,real,1,0,135000.00000000,0.00000000,False
100000008376785100,peripheral,0.45500000,11,0.15688633,Недостаточно признаков: 1 отправителей  0 получателей; 2 наблюдаемых участий в переводах. Depth=4: обрыв наблюдения.,4,False,real,1,0,234250.00000000,0.00000000,True
100000008379273100,distributor,0.40523999,39,0.65937064,Признаки распределения: 4 получателей  38 000 KZT исходящих; 4 переводов.,3,False,real,2,4,36000.00000000,38000.00000000,False
100000008383405100,terminal,0.45422379,21,0.19804254,Наблюдаемый получатель: вход 25 000 KZT от 1 отправителей; исходящий поток 0 KZT. Полный баланс неизвестен.,1,False,real,1,0,25000.00000000,0.00000000,False
100000008388049100,terminal,0.55355799,24,0.24191710,Наблюдаемый получатель: вход 496 400 KZT от 1 отправителей; исходящий поток 0 KZT. Полный баланс неизвестен.,3,False,real,1,0,496400.00000000,0.00000000,False
100000008389800100,distributor,0.57566723,4,0.78466755,Признаки распределения: 7 получателей  401 620 KZT исходящих; 8 переводов.,2,False,real,3,7,189000.00000000,401620.00000000,False
100000008405209100,terminal,0.48880845,27,0.23396146,Наблюдаемый получатель: вход 54 400 KZT от 1 отправителей; исходящий поток 0 KZT. Полный баланс неизвестен.,3,False,real,1,0,54400.00000000,0.00000000,False
100000008406609100,terminal,0.46766724,47,0.24325130,Наблюдаемый получатель: вход 34 000 KZT от 1 отправителей; исходящий поток 0 KZT. Полный баланс неизвестен.,2,False,real,1,0,34000.00000000,0.00000000,False
100000008413748100,distributor,0.66751077,43,0.86334430,Признаки распределения: 18 получателей  1 377 320 KZT исходящих; 21 переводов.,2,False,real,2,18,26480.00000000,1377320.22000000,False
100000008416433100,terminal,0.44339537,19,0.20014501,Наблюдаемый получатель: вход 20 000 KZT от 1 отправителей; исходящий поток 0 KZT. Полный баланс неизвестен.,3,False,real,1,0,20000.00000000,0.00000000,False
100000008417029100,terminal,0.50943401,35,0.27280193,Наблюдаемый получатель: вход 100 000 KZT от 1 отправителей; исходящий поток 0 KZT. Полный баланс неизвестен.,3,False,real,1,0,100000.00000000,0.00000000,False
100000008417359100,transit,0.59752954,27,0.64478778,Признаки транзита: 1 отправителей → 2 получателей; 75% входящих сопоставлены с более поздними исходящими за ≤2 суток.,3,False,real,1,2,40810.00000000,110760.00000000,False
100000008418835100,distributor,0.45102329,12,0.59170638,Признаки распределения: 4 получателей  186 179 KZT исходящих; 6 переводов. Seed: вход неполон.,0,True,real,1,4,1372000.00000000,186179.00000000,False
100000008418934100,terminal,0.54656003,6,0.22469615,Наблюдаемый получатель: вход 360 000 KZT от 1 отправителей; исходящий поток 0 KZT. Полный баланс неизвестен.,2,False,real,1,0,360000.00000000,0.00000000,False
100000008422226100,terminal,0.50354099,7,0.24679428,Наблюдаемый получатель: вход 87 450 KZT от 1 отправителей; исходящий поток 0 KZT. Полный баланс неизвестен.,3,False,real,1,0,87450.00000000,0.00000000,False
100000008427027100,terminal,0.54265591,3,0.31721668,Наблюдаемый получатель: вход 300 000 KZT от 1 отправителей; исходящий поток 0 KZT. Полный баланс неизвестен.,3,False,real,1,0,300000.00000000,0.00000000,False
100000008430691100,peripheral,1.00000000,4,0.53437976,Недостаточно признаков: 1 отправителей  2 получателей; 3 наблюдаемых участий в переводах.,3,False,real,1,2,20000.00000000,604900.00000000,False
100000008432942100,terminal,0.47694875,7,0.26690991,Наблюдаемый получатель: вход 44 542 KZT от 1 отправителей; исходящий поток 0 KZT. Полный баланс неизвестен.,3,False,real,1,0,44542.00000000,0.00000000,False
100000008436257100,terminal,0.44725284,27,0.24426864,Наблюдаемый получатель: вход 35 000 KZT от 2 отправителей; исходящий поток 0 KZT. Полный баланс неизвестен.,3,False,real,2,0,35000.00000000,0.00000000,False
100000008438656100,terminal,0.70266368,3,0.55873368,Наблюдаемый получатель: вход 80 000 KZT от 2 отправителей; исходящий поток 5 000 KZT. Полный баланс неизвестен.,1,False,real,2,1,80000.00000000,5000.00000000,False
100000008443341100,coordinator,0.41107948,9,0.71718601,Кандидат в координаторы: 5 связей  32 связанных seed; 40% связей между кластерами.,1,False,real,2,3,34500.00000000,50000.00000000,False
100000008454065100,terminal,0.45230856,19,0.20608983,Наблюдаемый получатель: вход 24 050 KZT от 1 отправителей; исходящий поток 0 KZT. Полный баланс неизвестен.,3,False,real,1,0,24050.00000000,0.00000000,False
100000008459449100,terminal,0.48829281,0,0.24037322,Наблюдаемый получатель: вход 53 700 KZT от 1 отправителей; исходящий поток 0 KZT. Полный баланс неизвестен.,3,False,real,1,0,53700.00000000,0.00000000,False
100000008460102100,distributor,0.61190781,24,0.73309574,Признаки распределения: 31 получателей  476 570 KZT исходящих; 34 переводов.,3,False,real,1,31,17500.00000000,476570.00000000,False
100000008461217100,peripheral,0.45500000,3,0.12878265,Недостаточно признаков: 1 отправителей  0 получателей; 1 наблюдаемых участий в переводах. Depth=4: обрыв наблюдения.,4,False,real,1,0,18000.00000000,0.00000000,True
100000008461532100,distributor,0.66435703,15,0.67025547,Признаки распределения: 8 получателей  2 530 090 KZT исходящих; 9 переводов.,2,False,real,2,8,565300.00000000,2530090.00000000,False
100000008463968100,terminal,0.41444228,31,0.13069970,Наблюдаемый получатель: вход 10 000 KZT от 1 отправителей; исходящий поток 0 KZT. Полный баланс неизвестен.,3,False,real,1,0,10000.00000000,0.00000000,False
100000008465789100,distributor,0.62837832,35,0.77276774,Признаки распределения: 16 получателей  1 858 100 KZT исходящих; 17 переводов.,3,False,real,1,16,30099.00000000,1858100.00000000,False
100000008466579100,distributor,0.67976445,35,0.79980051,Признаки распределения: 17 получателей  1 933 000 KZT исходящих; 20 переводов.,2,False,real,2,17,36952.00000000,1933000.00000000,False
100000008468762100,terminal,0.50437829,35,0.30385771,Наблюдаемый получатель: вход 170 000 KZT от 2 отправителей; исходящий поток 0 KZT. Полный баланс неизвестен.,3,False,real,2,0,170000.00000000,0.00000000,False
100000008469048100,peripheral,0.70000000,0,0.25568849,Недостаточно признаков: 1 отправителей  0 получателей; 7 наблюдаемых участий в переводах. Depth=4: обрыв наблюдения.,4,False,real,1,0,265200.00000000,0.00000000,True
100000008470470100,terminal,0.46707794,33,0.16202108,Наблюдаемый получатель: вход 33 547 KZT от 1 отправителей; исходящий поток 0 KZT. Полный баланс неизвестен.,1,False,real,1,0,33547.00000000,0.00000000,False
100000008471634100,peripheral,0.45500000,14,0.10351646,Недостаточно признаков: 1 отправителей  0 получателей; 1 наблюдаемых участий в переводах. Depth=4: обрыв наблюдения.,4,False,real,1,0,20000.00000000,0.00000000,True
100000008472324100,terminal,0.53271144,11,0.26759204,Наблюдаемый получатель: вход 205 200 KZT от 1 отправителей; исходящий поток 0 KZT. Полный баланс неизвестен.,3,False,real,1,0,205200.00000000,0.00000000,False
100000008473207100,terminal,0.81904609,16,0.54579905,Наблюдаемый получатель: вход 202 000 KZT от 1 отправителей; исходящий поток 0 KZT. Полный баланс неизвестен.,2,False,real,1,0,202000.00000000,0.00000000,False
100000008473765100,terminal,0.46287916,0,0.22160295,Наблюдаемый получатель: вход 30 000 KZT от 1 отправителей; исходящий поток 0 KZT. Полный баланс неизвестен.,3,False,real,1,0,30000.00000000,0.00000000,False
100000008474308100,peripheral,1.00000000,9,0.46314064,Недостаточно признаков: 1 отправителей  1 получателей; 3 наблюдаемых участий в переводах.,2,False,real,1,1,14000.00000000,10000.00000000,False
100000008474391100,terminal,0.44339537,28,0.20077717,Наблюдаемый получатель: вход 20 000 KZT от 1 отправителей; исходящий поток 0 KZT. Полный баланс неизвестен.,3,False,real,1,0,20000.00000000,0.00000000,False
100000008477350100,distributor,0.65604930,0,0.86415675,Признаки распределения: 39 получателей  3 374 866 KZT исходящих; 44 переводов.,2,False,real,11,39,610100.00000000,3374866.00000000,False
100000008478414100,terminal,0.41444228,29,0.13073432,Наблюдаемый получатель: вход 10 000 KZT от 1 отправителей; исходящий поток 0 KZT. Полный баланс неизвестен.,2,False,real,1,0,10000.00000000,0.00000000,False
100000008486520100,peripheral,1.00000000,4,0.37228303,Недостаточно признаков: 1 отправителей  1 получателей; 3 наблюдаемых участий в переводах.,1,False,real,1,1,35720.00000000,14000.00000000,False
100000008488166100,terminal,0.40021064,31,0.12497035,Наблюдаемый получатель: вход 5 600 KZT от 1 отправителей; исходящий поток 0 KZT. Полный баланс неизвестен.,3,False,real,1,0,5600.00000000,0.00000000,False
100000008489604100,terminal,0.41965023,31,0.13293164,Наблюдаемый получатель: вход 11 000 KZT от 1 отправителей; исходящий поток 0 KZT. Полный баланс неизвестен.,3,False,real,1,0,11000.00000000,0.00000000,False
100000008489922100,distributor,0.65897570,35,0.81360314,Признаки распределения: 36 получателей  3 789 900 KZT исходящих; 41 переводов.,3,False,real,3,36,262010.00000000,3789900.00000000,False
100000008490127100,distributor,0.71981506,11,0.62907741,Признаки распределения: 6 получателей  923 000 KZT исходящих; 9 переводов.,3,False,real,1,6,431755.00000000,923000.00000000,False
100000008491390100,terminal,0.47013494,7,0.22332682,Наблюдаемый получатель: вход 36 000 KZT от 1 отправителей; исходящий поток 0 KZT. Полный баланс неизвестен.,3,False,real,1,0,36000.00000000,0.00000000,False
100000008493007100,transit,0.58760000,76,0.30959652,Признаки транзита: 1 отправителей → 1 получателей; 100% входящих сопоставлены с более поздними исходящими за ≤2 суток.,3,False,real,1,1,26150.00000000,26150.00000000,False
100000008497298100,terminal,0.55720430,6,0.23448992,Наблюдаемый получатель: вход 600 000 KZT от 1 отправителей; исходящий поток 0 KZT. Полный баланс неизвестен.,2,False,real,1,0,600000.00000000,0.00000000,False
100000008501413100,transit,0.58377647,12,0.34952850,Признаки транзита: 1 отправителей → 1 получателей; 100% входящих сопоставлены с более поздними исходящими за ≤2 суток.,3,False,real,1,1,5000.00000000,5100.00000000,False
100000008502995100,terminal,0.45422379,30,0.26612910,Наблюдаемый получатель: вход 25 000 KZT от 1 отправителей; исходящий поток 0 KZT. Полный баланс неизвестен.,3,False,real,1,0,25000.00000000,0.00000000,False
100000008503177100,terminal,0.46737259,0,0.22509052,Наблюдаемый получатель: вход 33 951 KZT от 1 отправителей; исходящий поток 0 KZT. Полный баланс неизвестен.,3,False,real,1,0,33951.00000000,0.00000000,False
100000008507703100,terminal,0.46033780,31,0.15807274,Наблюдаемый получатель: вход 28 500 KZT от 1 отправителей; исходящий поток 0 KZT. Полный баланс неизвестен.,3,False,real,1,0,28500.00000000,0.00000000,False
100000008512552100,distributor,0.60564013,27,0.81130876,Признаки распределения: 6 получателей  1 302 275 KZT исходящих; 11 переводов.,2,False,real,4,6,394360.00000000,1302275.00000000,False
100000008512827100,distributor,0.64842771,35,0.72170252,Признаки распределения: 10 получателей  1 944 500 KZT исходящих; 10 переводов.,2,False,real,3,10,107949.00000000,1944500.00000000,False
100000008513251100,peripheral,0.31500000,80,0.01225350,Недостаточно признаков: 0 отправителей  0 получателей; 0 наблюдаемых участий в переводах. Seed: вход неполон.,0,True,real,0,0,0.00000000,0.00000000,False
100000008514970100,terminal,0.51842423,44,0.25853367,Наблюдаемый получатель: вход 379 966 KZT от 1 отправителей; исходящий поток 31 000 KZT. Полный баланс неизвестен.,3,False,real,1,1,379966.00000000,31000.00000000,False
100000008516839100,consolidator,0.32991568,47,0.47825467,Признаки консолидации: 3 отправителей  155 000 KZT входящих  0 получателей. Seed: вход неполон.,0,True,real,3,0,155000.00000000,0.00000000,False
100000008517061100,peripheral,0.70000000,19,0.27464951,Недостаточно признаков: 1 отправителей  0 получателей; 4 наблюдаемых участий в переводах. Depth=4: обрыв наблюдения.,4,False,real,1,0,1844000.00000000,0.00000000,True
100000008517538100,distributor,0.61195223,35,0.71055716,Признаки распределения: 17 получателей  1 439 000 KZT исходящих; 18 переводов.,3,False,real,3,17,155500.00000000,1439000.00000000,False
100000008522127100,peripheral,0.90000000,35,0.25705914,Недостаточно признаков: 0 отправителей  1 получателей; 3 наблюдаемых участий в переводах. Seed: вход неполон.,0,True,real,0,1,0.00000000,145000.00000000,False
100000008524903100,peripheral,0.45500000,7,0.09189752,Недостаточно признаков: 1 отправителей  0 получателей; 1 наблюдаемых участий в переводах. Depth=4: обрыв наблюдения.,4,False,real,1,0,15000.00000000,0.00000000,True
100000008525136100,peripheral,0.45500000,5,0.09348854,Недостаточно признаков: 1 отправителей  0 получателей; 1 наблюдаемых участий в переводах. Depth=4: обрыв наблюдения.,4,False,real,1,0,14100.00000000,0.00000000,True
100000008531133100,distributor,0.36885370,4,0.49606510,Признаки распределения: 3 получателей  158 272 KZT исходящих; 3 переводов.,2,False,real,1,3,25000.00000000,158271.68000000,False
100000008531186100,terminal,0.51632148,5,0.29686202,Наблюдаемый получатель: вход 125 000 KZT от 1 отправителей; исходящий поток 0 KZT. Полный баланс неизвестен.,2,False,real,1,0,125000.00000000,0.00000000,False
100000008532050100,terminal,0.55171642,11,0.28509925,Наблюдаемый получатель: вход 455 156 KZT от 1 отправителей; исходящий поток 0 KZT. Полный баланс неизвестен.,3,False,real,1,0,455156.00000000,0.00000000,False
100000008536546100,terminal,0.51631166,35,0.31279908,Наблюдаемый получатель: вход 250 000 KZT от 2 отправителей; исходящий поток 0 KZT. Полный баланс неизвестен.,3,False,real,2,0,250000.00000000,0.00000000,False
100000008537380100,terminal,0.40670769,31,0.12761884,Наблюдаемый получатель: вход 8 000 KZT от 1 отправителей; исходящий поток 0 KZT. Полный баланс неизвестен.,3,False,real,1,0,8000.00000000,0.00000000,False
100000008545727100,distributor,0.75875893,2,0.68507975,Признаки распределения: 6 получателей  1 866 500 KZT исходящих; 7 переводов.,2,False,real,1,6,30000.00000000,1866500.00000000,False
100000008546855100,consolidator,0.63310688,13,0.64714833,Признаки консолидации: 6 отправителей  71 790 KZT входящих  2 получателей.,2,False,real,6,2,71790.00000000,10000.00000000,False
100000008547295100,terminal,0.43042709,40,0.15916921,Наблюдаемый получатель: вход 15 000 KZT от 1 отправителей; исходящий поток 0 KZT. Полный баланс неизвестен.,3,False,real,1,0,15000.00000000,0.00000000,False
100000008547844100,distributor,0.61849385,35,0.79618766,Признаки распределения: 19 получателей  2 042 199 KZT исходящих; 21 переводов.,2,False,real,3,19,177600.00000000,2042199.00000000,False
100000008547948100,distributor,0.65256024,35,0.81866713,Признаки распределения: 26 получателей  5 185 600 KZT исходящих; 31 переводов.,2,False,real,6,26,212665.00000000,5185600.00000000,False
100000008548853100,terminal,0.42676605,31,0.13628512,Наблюдаемый получатель: вход 14 000 KZT от 1 отправителей; исходящий поток 0 KZT. Полный баланс неизвестен.,3,False,real,1,0,14000.00000000,0.00000000,False
100000008551752100,peripheral,0.45500000,7,0.15769520,Недостаточно признаков: 1 отправителей  0 получателей; 2 наблюдаемых участий в переводах. Depth=4: обрыв наблюдения.,4,False,real,1,0,406000.00000000,0.00000000,True
100000008554390100,peripheral,0.45500000,24,0.06399082,Недостаточно признаков: 1 отправителей  0 получателей; 1 наблюдаемых участий в переводах. Depth=4: обрыв наблюдения.,4,False,real,1,0,14000.00000000,0.00000000,True
100000008555233100,terminal,0.55083247,35,0.30477595,Наблюдаемый получатель: вход 440 600 KZT от 1 отправителей; исходящий поток 0 KZT. Полный баланс неизвестен.,3,False,real,1,0,440600.00000000,0.00000000,False
100000008555918100,peripheral,1.00000000,3,0.47233864,Недостаточно признаков: 1 отправителей  2 получателей; 3 наблюдаемых участий в переводах.,1,False,real,1,2,139211.00000000,43300.00000000,False
100000008556318100,terminal,0.50581472,3,0.34179540,Наблюдаемый получатель: вход 180 132 KZT от 2 отправителей; исходящий поток 0 KZT. Полный баланс неизвестен.,1,False,real,2,0,180132.00000000,0.00000000,False
100000008557672100,terminal,0.48195781,29,0.17412455,Наблюдаемый получатель: вход 49 125 KZT от 1 отправителей; исходящий поток 0 KZT. Полный баланс неизвестен.,2,False,real,1,0,49125.00000000,0.00000000,False
100000008560263100,peripheral,0.45500000,11,0.11442111,Недостаточно признаков: 1 отправителей  0 получателей; 1 наблюдаемых участий в переводах. Depth=4: обрыв наблюдения.,4,False,real,1,0,100000.00000000,0.00000000,True
100000008560717100,consolidator,0.64932687,0,0.67163667,Признаки консолидации: 7 отправителей  529 000 KZT входящих  1 получателей.,1,False,real,7,1,529000.00000000,25000.00000000,False
100000008561016100,transit,0.67366967,35,0.63129856,Признаки транзита: 1 отправителей → 1 получателей; 44% входящих сопоставлены с более поздними исходящими за ≤2 суток.,3,False,real,1,1,180000.00000000,185000.00000000,False
100000008566737100,terminal,0.51347564,1,0.37186156,Наблюдаемый получатель: вход 230 000 KZT от 2 отправителей; исходящий поток 0 KZT. Полный баланс неизвестен.,1,False,real,2,0,230000.00000000,0.00000000,False
100000008568512100,terminal,0.53079621,11,0.26634485,Наблюдаемый получатель: вход 199 640 KZT от 1 отправителей; исходящий поток 0 KZT. Полный баланс неизвестен.,3,False,real,1,0,199640.00000000,0.00000000,False
100000008571243100,terminal,0.51812622,2,0.27759389,Наблюдаемый получатель: вход 134 000 KZT от 1 отправителей; исходящий поток 0 KZT. Полный баланс неизвестен.,3,False,real,1,0,134000.00000000,0.00000000,False
100000008571433100,peripheral,0.90000000,54,0.39761398,Недостаточно признаков: 2 отправителей  2 получателей; 5 наблюдаемых участий в переводах. Seed: вход неполон.,0,True,real,2,2,350000.00000000,1434000.00000000,False
100000008571443100,terminal,0.47255599,13,0.29914655,Наблюдаемый получатель: вход 65 000 KZT от 2 отправителей; исходящий поток 0 KZT. Полный баланс неизвестен.,2,False,real,2,0,65000.00000000,0.00000000,False
100000008575624100,peripheral,0.30821280,64,0.22262861,Недостаточно признаков: 0 отправителей  3 получателей; 5 наблюдаемых участий в переводах. Seed: вход неполон.,0,True,real,0,3,0.00000000,89500.00000000,False
100000008576243100,terminal,0.73885192,5,0.54310525,Наблюдаемый получатель: вход 82 920 KZT от 2 отправителей; исходящий поток 0 KZT. Полный баланс неизвестен.,3,False,real,2,0,82920.00000000,0.00000000,False
100000008576528100,terminal,0.45978533,11,0.21726803,Наблюдаемый получатель: вход 28 000 KZT от 1 отправителей; исходящий поток 0 KZT. Полный баланс неизвестен.,3,False,real,1,0,28000.00000000,0.00000000,False
100000008579978100,transit,0.48545455,11,0.52832158,Признаки транзита: 1 отправителей → 1 получателей; 50% входящих сопоставлены с более поздними исходящими за ≤2 суток.,3,False,real,1,1,34000.00000000,77000.00000000,False
100000008582730100,peripheral,0.65000000,13,0.22118559,Недостаточно признаков: 1 отправителей  1 получателей; 2 наблюдаемых участий в переводах.,3,False,real,1,1,5000.00000000,5000.00000000,False
100000008583360100,peripheral,0.65000000,39,0.22893830,Недостаточно признаков: 1 отправителей  1 получателей; 2 наблюдаемых участий в переводах.,3,False,real,1,1,112843.00000000,170000.00000000,False
100000008583971100,peripheral,0.45500000,0,0.15985752,Недостаточно признаков: 2 отправителей  0 получателей; 2 наблюдаемых участий в переводах. Depth=4: обрыв наблюдения.,4,False,real,2,0,51000.00000000,0.00000000,True
100000008586731100,terminal,0.42135184,9,0.14447989,Наблюдаемый получатель: вход 12 000 KZT от 1 отправителей; исходящий поток 0 KZT. Полный баланс неизвестен.,1,False,real,1,0,12000.00000000,0.00000000,False
100000008587459100,peripheral,1.00000000,5,0.60118570,Недостаточно признаков: 2 отправителей  2 получателей; 6 наблюдаемых участий в переводах.,2,False,real,2,2,181507.00000000,686500.00000000,False
100000008588665100,peripheral,0.45500000,0,0.10556656,Недостаточно признаков: 1 отправителей  0 получателей; 1 наблюдаемых участий в переводах. Depth=4: обрыв наблюдения.,4,False,real,1,0,25000.00000000,0.00000000,True
100000008595687100,peripheral,0.38857726,4,0.29747482,Недостаточно признаков: 1 отправителей  1 получателей; 2 наблюдаемых участий в переводах.,3,False,real,1,1,64395.00000000,10400.00000000,False
100000008596924100,terminal,0.50943401,40,0.19971099,Наблюдаемый получатель: вход 100 000 KZT от 1 отправителей; исходящий поток 0 KZT. Полный баланс неизвестен.,3,False,real,1,0,100000.00000000,0.00000000,False
100000008598972100,terminal,0.51569535,44,0.20922831,Наблюдаемый получатель: вход 120 000 KZT от 1 отправителей; исходящий поток 0 KZT. Полный баланс неизвестен.,3,False,real,1,0,120000.00000000,0.00000000,False
100000008599354100,peripheral,1.00000000,0,0.42666670,Недостаточно признаков: 1 отправителей  1 получателей; 3 наблюдаемых участий в переводах.,3,False,real,1,1,177000.00000000,38200.00000000,False
100000008601794100,peripheral,0.90000000,38,0.33782581,Недостаточно признаков: 2 отправителей  1 получателей; 21 наблюдаемых участий в переводах. Seed: вход неполон.,0,True,real,2,1,494400.00000000,871400.00000000,False
100000008603331100,distributor,0.74374490,42,0.66065876,Признаки распределения: 6 получателей  741 774 KZT исходящих; 6 переводов.,2,False,real,2,6,39500.00000000,741774.00000000,False
100000008603629100,distributor,0.65957435,0,0.89232574,Признаки распределения: 61 получателей  4 986 156 KZT исходящих; 74 переводов.,2,False,real,19,61,1817300.00000000,4986156.00000000,False
100000008612257100,terminal,0.41000778,43,0.18926132,Наблюдаемый получатель: вход 9 500 KZT от 1 отправителей; исходящий поток 0 KZT. Полный баланс неизвестен.,3,False,real,1,0,9500.00000000,0.00000000,False
100000008619159100,peripheral,0.45500000,4,0.15902896,Недостаточно признаков: 1 отправителей  0 получателей; 2 наблюдаемых участий в переводах. Depth=4: обрыв наблюдения.,4,False,real,1,0,446400.00000000,0.00000000,True
100000008619857100,peripheral,1.00000000,5,0.36673202,Недостаточно признаков: 1 отправителей  2 получателей; 3 наблюдаемых участий в переводах.,3,False,real,1,2,29000.00000000,13000.00000000,False
100000008620570100,coordinator,0.32717966,13,0.54869700,Кандидат в координаторы: 4 связей  7 связанных seed; 50% связей между кластерами.,3,False,real,2,2,145000.00000000,31800.00000000,False
100000008624978100,terminal,0.51278567,35,0.27140904,Наблюдаемый получатель: вход 109 000 KZT от 1 отправителей; исходящий поток 0 KZT. Полный баланс неизвестен.,2,False,real,1,0,109000.00000000,0.00000000,False
100000008625905100,peripheral,1.00000000,4,0.41725585,Недостаточно признаков: 1 отправителей  2 получателей; 3 наблюдаемых участий в переводах.,3,False,real,1,2,197800.00000000,635000.00000000,False
100000008628231100,peripheral,0.30015359,3,0.55802356,Недостаточно признаков: 1 отправителей  2 получателей; 20 наблюдаемых участий в переводах.,1,False,real,1,2,50000.00000000,627870.00000000,False
100000008628818100,peripheral,0.45500000,39,0.11028339,Недостаточно признаков: 1 отправителей  0 получателей; 1 наблюдаемых участий в переводах. Depth=4: обрыв наблюдения.,4,False,real,1,0,46310.00000000,0.00000000,True
100000008629504100,peripheral,0.45500000,0,0.10041023,Недостаточно признаков: 1 отправителей  0 получателей; 1 наблюдаемых участий в переводах. Depth=4: обрыв наблюдения.,4,False,real,1,0,20000.00000000,0.00000000,True
100000008629581100,terminal,0.48873478,25,0.24881994,Наблюдаемый получатель: вход 54 184 KZT от 1 отправителей; исходящий поток 0 KZT. Полный баланс неизвестен.,2,False,real,1,0,54184.00000000,0.00000000,False
100000008631800100,peripheral,0.45500000,24,0.06307151,Недостаточно признаков: 1 отправителей  0 получателей; 1 наблюдаемых участий в переводах. Depth=4: обрыв наблюдения.,4,False,real,1,0,12850.00000000,0.00000000,True
100000008632060100,distributor,0.81447006,5,0.74536279,Признаки распределения: 9 получателей  339 200 KZT исходящих; 12 переводов.,3,False,real,1,9,6000.00000000,339200.00000000,False
100000008633099100,peripheral,0.65000000,1,0.19414868,Недостаточно признаков: 1 отправителей  1 получателей; 2 наблюдаемых участий в переводах.,3,False,real,1,1,19468.00000000,13500.00000000,False
100000008634520100,terminal,0.50460910,35,0.26014872,Наблюдаемый получатель: вход 90 000 KZT от 1 отправителей; исходящий поток 0 KZT. Полный баланс неизвестен.,3,False,real,1,0,90000.00000000,0.00000000,False
100000008636603100,distributor,0.55853687,4,0.81164285,Признаки распределения: 6 получателей  159 375 KZT исходящих; 7 переводов.,2,False,real,2,6,35460.00000000,159375.00000000,False
100000008637537100,coordinator,0.34747438,35,0.66159312,Кандидат в координаторы: 6 связей  9 связанных seed; 17% связей между кластерами. Seed: вход неполон.,0,True,real,3,3,619890.00000000,2351495.00000000,False
100000008638859100,peripheral,0.45500000,1,0.14435375,Недостаточно признаков: 1 отправителей  0 получателей; 1 наблюдаемых участий в переводах. Depth=4: обрыв наблюдения.,4,False,real,1,0,34000.00000000,0.00000000,True
100000008647905100,transit,0.64100714,1,0.55754626,Признаки транзита: 1 отправителей → 2 получателей; 100% входящих сопоставлены с более поздними исходящими за ≤2 суток.,2,False,real,1,2,50000.00000000,344222.00000000,False
100000008648783100,peripheral,0.45500000,24,0.05458398,Недостаточно признаков: 1 отправителей  0 получателей; 1 наблюдаемых участий в переводах. Depth=4: обрыв наблюдения.,4,False,real,1,0,5200.00000000,0.00000000,True
100000008649416100,peripheral,0.45500000,43,0.09010792,Недостаточно признаков: 1 отправителей  0 получателей; 1 наблюдаемых участий в переводах. Depth=4: обрыв наблюдения.,4,False,real,1,0,5000.00000000,0.00000000,True
100000008650785100,peripheral,0.90000000,17,0.47065279,Недостаточно признаков: 2 отправителей  2 получателей; 4 наблюдаемых участий в переводах. Seed: вход неполон.,0,True,real,2,2,92000.00000000,120120.00000000,False
100000008652094100,terminal,0.46891951,7,0.22254323,Наблюдаемый получатель: вход 35 000 KZT от 1 отправителей; исходящий поток 0 KZT. Полный баланс неизвестен.,3,False,real,1,0,35000.00000000,0.00000000,False
100000008653041100,terminal,0.45978533,31,0.15750937,Наблюдаемый получатель: вход 28 000 KZT от 1 отправителей; исходящий поток 0 KZT. Полный баланс неизвестен.,3,False,real,1,0,28000.00000000,0.00000000,False
100000008654653100,peripheral,0.58500000,17,0.09507921,Недостаточно признаков: 0 отправителей  1 получателей; 1 наблюдаемых участий в переводах. Seed: вход неполон.,0,True,real,0,1,0.00000000,54000.00000000,False
100000008655035100,terminal,0.46287916,2,0.18975696,Наблюдаемый получатель: вход 30 000 KZT от 1 отправителей; исходящий поток 0 KZT. Полный баланс неизвестен.,2,False,real,1,0,30000.00000000,0.00000000,False
100000008655779100,peripheral,1.00000000,17,0.36601051,Недостаточно признаков: 1 отправителей  2 получателей; 3 наблюдаемых участий в переводах.,3,False,real,1,2,47000.00000000,24704.00000000,False
100000008656043100,terminal,0.45775960,29,0.15631415,Наблюдаемый получатель: вход 26 200 KZT от 1 отправителей; исходящий поток 0 KZT. Полный баланс неизвестен.,2,False,real,1,0,26200.00000000,0.00000000,False
100000008659445100,distributor,0.42667864,10,0.46546951,Признаки распределения: 4 получателей  875 150 KZT исходящих; 18 переводов. Seed: вход неполон.,0,True,real,3,4,138490.00000000,875150.00000000,False
100000008659950100,terminal,0.53746269,35,0.28597732,Наблюдаемый получатель: вход 246 000 KZT от 1 отправителей; исходящий поток 0 KZT. Полный баланс неизвестен.,3,False,real,1,0,246000.00000000,0.00000000,False
100000008661550100,terminal,0.44873592,31,0.15005671,Наблюдаемый получатель: вход 22 800 KZT от 1 отправителей; исходящий поток 0 KZT. Полный баланс неизвестен.,3,False,real,1,0,22800.00000000,0.00000000,False
100000008661585100,terminal,0.47591747,33,0.16887656,Наблюдаемый получатель: вход 43 141 KZT от 1 отправителей; исходящий поток 0 KZT. Полный баланс неизвестен.,1,False,real,1,0,43141.00000000,0.00000000,False
100000008662216100,terminal,0.45775960,31,0.15595838,Наблюдаемый получатель: вход 26 200 KZT от 1 отправителей; исходящий поток 0 KZT. Полный баланс неизвестен.,3,False,real,1,0,26200.00000000,0.00000000,False
100000008662805100,terminal,0.43488732,31,0.14091232,Наблюдаемый получатель: вход 16 500 KZT от 1 отправителей; исходящий поток 0 KZT. Полный баланс неизвестен.,3,False,real,1,0,16500.00000000,0.00000000,False
100000008663007100,terminal,0.42676605,33,0.13481105,Наблюдаемый получатель: вход 14 000 KZT от 1 отправителей; исходящий поток 0 KZT. Полный баланс неизвестен.,1,False,real,1,0,14000.00000000,0.00000000,False
100000008663723100,terminal,0.43304575,31,0.13932655,Наблюдаемый получатель: вход 15 600 KZT от 1 отправителей; исходящий поток 0 KZT. Полный баланс неизвестен.,3,False,real,1,0,15600.00000000,0.00000000,False
100000008664469100,terminal,0.45422379,3,0.25545970,Наблюдаемый получатель: вход 25 000 KZT от 1 отправителей; исходящий поток 0 KZT. Полный баланс неизвестен.,1,False,real,1,0,25000.00000000,0.00000000,False
100000008664774100,terminal,0.43448218,31,0.14055939,Наблюдаемый получатель: вход 16 300 KZT от 1 отправителей; исходящий поток 0 KZT. Полный баланс неизвестен.,3,False,real,1,0,16300.00000000,0.00000000,False
100000008665380100,peripheral,0.47657019,7,0.41227517,Недостаточно признаков: 2 отправителей  1 получателей; 3 наблюдаемых участий в переводах.,1,False,real,2,1,69100.00000000,18200.00000000,False
100000008666075100,terminal,0.45816475,33,0.15517057,Наблюдаемый получатель: вход 26 217 KZT от 1 отправителей; исходящий поток 0 KZT. Полный баланс неизвестен.,1,False,real,1,0,26217.00000000,0.00000000,False
100000008667058100,terminal,0.43757601,33,0.14158241,Наблюдаемый получатель: вход 17 534 KZT от 1 отправителей; исходящий поток 0 KZT. Полный баланс неизвестен.,1,False,real,1,0,17534.00000000,0.00000000,False
100000008667795100,terminal,0.46766724,31,0.16338997,Наблюдаемый получатель: вход 34 000 KZT от 1 отправителей; исходящий поток 0 KZT. Полный баланс неизвестен.,3,False,real,1,0,34000.00000000,0.00000000,False
100000008667799100,terminal,0.46766724,31,0.16338997,Наблюдаемый получатель: вход 34 000 KZT от 1 отправителей; исходящий поток 0 KZT. Полный баланс неизвестен.,3,False,real,1,0,34000.00000000,0.00000000,False
100000008668099100,terminal,0.43341407,31,0.13962932,Наблюдаемый получатель: вход 15 700 KZT от 1 отправителей; исходящий поток 0 KZT. Полный баланс неизвестен.,3,False,real,1,0,15700.00000000,0.00000000,False
100000008669037100,peripheral,0.31500000,81,0.01225350,Недостаточно признаков: 0 отправителей  0 получателей; 0 наблюдаемых участий в переводах. Seed: вход неполон.,0,True,real,0,0,0.00000000,0.00000000,False
100000008669310100,terminal,0.49123932,7,0.27660963,Наблюдаемый получатель: вход 59 567 KZT от 1 отправителей; исходящий поток 0 KZT. Полный баланс неизвестен.,3,False,real,1,0,59567.00000000,0.00000000,False
100000008670667100,terminal,0.43264061,33,0.13802358,Наблюдаемый получатель: вход 15 534 KZT от 1 отправителей; исходящий поток 0 KZT. Полный баланс неизвестен.,1,False,real,1,0,15534.00000000,0.00000000,False
100000008671026100,terminal,0.45024600,33,0.15014001,Наблюдаемый получатель: вход 23 534 KZT от 1 отправителей; исходящий поток 0 KZT. Полный баланс неизвестен.,1,False,real,1,0,23534.00000000,0.00000000,False
100000008671081100,terminal,0.47105573,31,0.16593142,Наблюдаемый получатель: вход 37 200 KZT от 1 отправителей; исходящий поток 0 KZT. Полный баланс неизвестен.,3,False,real,1,0,37200.00000000,0.00000000,False
100000008671129100,terminal,0.45775960,31,0.15595838,Наблюдаемый получатель: вход 26 200 KZT от 1 отправителей; исходящий поток 0 KZT. Полный баланс неизвестен.,3,False,real,1,0,26200.00000000,0.00000000,False
100000008671929100,terminal,0.49867925,3,0.32633249,Наблюдаемый получатель: вход 75 000 KZT от 1 отправителей; исходящий поток 0 KZT. Полный баланс неизвестен.,1,False,real,1,0,75000.00000000,0.00000000,False
100000008672162100,terminal,0.43286160,33,0.13824032,Наблюдаемый получатель: вход 15 550 KZT от 1 отправителей; исходящий поток 0 KZT. Полный баланс неизвестен.,1,False,real,1,0,15550.00000000,0.00000000,False
100000008672200100,terminal,0.40815148,33,0.12635150,Наблюдаемый получатель: вход 8 511 KZT от 1 отправителей; исходящий поток 0 KZT. Полный баланс неизвестен.,1,False,real,1,0,8511.00000000,0.00000000,False
100000008672480100,terminal,0.42444568,29,0.13575107,Наблюдаемый получатель: вход 13 000 KZT от 1 отправителей; исходящий поток 0 KZT. Полный баланс неизвестен.,2,False,real,1,0,13000.00000000,0.00000000,False
100000008672493100,terminal,0.42676605,31,0.13628512,Наблюдаемый получатель: вход 14 000 KZT от 1 отправителей; исходящий поток 0 KZT. Полный баланс неизвестен.,3,False,real,1,0,14000.00000000,0.00000000,False
100000008672603100,terminal,0.44700484,25,0.21985113,Наблюдаемый получатель: вход 21 200 KZT от 1 отправителей; исходящий поток 0 KZT. Полный баланс неизвестен.,2,False,real,1,0,21200.00000000,0.00000000,False
100000008672762100,terminal,0.42444568,29,0.13575107,Наблюдаемый получатель: вход 13 000 KZT от 1 отправителей; исходящий поток 0 KZT. Полный баланс неизвестен.,2,False,real,1,0,13000.00000000,0.00000000,False
100000008673001100,peripheral,0.58500000,47,0.11904880,Недостаточно признаков: 1 отправителей  0 получателей; 1 наблюдаемых участий в переводах. Seed: вход неполон.,0,True,real,1,0,80000.00000000,0.00000000,False
100000008675322100,peripheral,0.70000000,11,0.24791618,Недостаточно признаков: 1 отправителей  0 получателей; 4 наблюдаемых участий в переводах. Depth=4: обрыв наблюдения.,4,False,real,1,0,340000.00000000,0.00000000,True
100000008676812100,terminal,0.53528963,1,0.25572025,Наблюдаемый получатель: вход 230 800 KZT от 1 отправителей; исходящий поток 0 KZT. Полный баланс неизвестен.,3,False,real,1,0,230800.00000000,0.00000000,False
100000008677215100,terminal,0.40897650,28,0.18899076,Наблюдаемый получатель: вход 9 000 KZT от 1 отправителей; исходящий поток 0 KZT. Полный баланс неизвестен.,3,False,real,1,0,9000.00000000,0.00000000,False
100000008677368100,peripheral,0.45500000,1,0.09587200,Недостаточно признаков: 1 отправителей  0 получателей; 1 наблюдаемых участий в переводах. Depth=4: обрыв наблюдения.,4,False,real,1,0,13500.00000000,0.00000000,True
100000008677518100,terminal,0.48151584,31,0.17353773,Наблюдаемый получатель: вход 48 700 KZT от 1 отправителей; исходящий поток 0 KZT. Полный баланс неизвестен.,3,False,real,1,0,48700.00000000,0.00000000,False
100000008679986100,terminal,0.44052252,33,0.14362988,Наблюдаемый получатель: вход 19 000 KZT от 1 отправителей; исходящий поток 0 KZT. Полный баланс неизвестен.,1,False,real,1,0,19000.00000000,0.00000000,False
100000008680061100,peripheral,0.45500000,5,0.14202214,Недостаточно признаков: 1 отправителей  0 получателей; 2 наблюдаемых участий в переводах. Depth=4: обрыв наблюдения.,4,False,real,1,0,41300.00000000,0.00000000,True
100000008680451100,terminal,0.45024600,33,0.15014001,Наблюдаемый получатель: вход 23 534 KZT от 1 отправителей; исходящий поток 0 KZT. Полный баланс неизвестен.,1,False,real,1,0,23534.00000000,0.00000000,False
100000008680731100,distributor,0.75811687,9,0.42926725,Признаки распределения: 27 получателей  1 464 354 KZT исходящих; 28 переводов. Seed: вход неполон.,0,True,real,0,27,0.00000000,1464354.00000000,False
100000008680912100,peripheral,1.00000000,5,0.40159964,Недостаточно признаков: 1 отправителей  1 получателей; 3 наблюдаемых участий в переводах.,3,False,real,1,1,45112.00000000,5990.85000000,False
100000008682426100,terminal,0.44339537,19,0.20014501,Наблюдаемый получатель: вход 20 000 KZT от 1 отправителей; исходящий поток 0 KZT. Полный баланс неизвестен.,3,False,real,1,0,20000.00000000,0.00000000,False
100000008683818100,terminal,0.43694988,29,0.14321702,Наблюдаемый получатель: вход 17 400 KZT от 1 отправителей; исходящий поток 0 KZT. Полный баланс неизвестен.,2,False,real,1,0,17400.00000000,0.00000000,False
100000008684452100,terminal,0.48659856,31,0.17672706,Наблюдаемый получатель: вход 51 800 KZT от 1 отправителей; исходящий поток 0 KZT. Полный баланс неизвестен.,3,False,real,1,0,51800.00000000,0.00000000,False
100000008684767100,terminal,0.46527320,31,0.16134953,Наблюдаемый получатель: вход 31 100 KZT от 1 отправителей; исходящий поток 0 KZT. Полный баланс неизвестен.,3,False,real,1,0,31100.00000000,0.00000000,False
100000008684951100,terminal,0.43650790,31,0.14198643,Наблюдаемый получатель: вход 17 200 KZT от 1 отправителей; исходящий поток 0 KZT. Полный баланс неизвестен.,3,False,real,1,0,17200.00000000,0.00000000,False
100000008686214100,terminal,0.45422379,0,0.21362343,Наблюдаемый получатель: вход 25 000 KZT от 1 отправителей; исходящий поток 0 KZT. Полный баланс неизвестен.,3,False,real,1,0,25000.00000000,0.00000000,False
100000008686234100,terminal,0.47274997,5,0.22974734,Наблюдаемый получатель: вход 39 778 KZT от 1 отправителей; исходящий поток 0 KZT. Полный баланс неизвестен.,1,False,real,1,0,39778.00000000,0.00000000,False
100000008686247100,peripheral,1.00000000,21,0.28661943,Недостаточно признаков: 1 отправителей  1 получателей; 3 наблюдаемых участий в переводах.,3,False,real,1,1,22000.00000000,5000.00000000,False
100000008686313100,distributor,0.53810051,0,0.82048291,Признаки распределения: 7 получателей  333 800 KZT исходящих; 13 переводов.,1,False,real,6,7,1912716.00000000,333800.00000000,False
100000008686494100,terminal,0.43341407,31,0.13962932,Наблюдаемый получатель: вход 15 700 KZT от 1 отправителей; исходящий поток 0 KZT. Полный баланс неизвестен.,3,False,real,1,0,15700.00000000,0.00000000,False
100000008687492100,terminal,0.43042709,29,0.13879406,Наблюдаемый получатель: вход 15 000 KZT от 1 отправителей; исходящий поток 0 KZT. Полный баланс неизвестен.,2,False,real,1,0,15000.00000000,0.00000000,False
100000008687617100,terminal,0.47599113,31,0.20867588,Наблюдаемый получатель: вход 43 350 KZT от 1 отправителей; исходящий поток 0 KZT. Полный баланс неизвестен.,3,False,real,1,0,43350.00000000,0.00000000,False
100000008687671100,terminal,0.47123988,33,0.16519526,Наблюдаемый получатель: вход 37 500 KZT от 1 отправителей; исходящий поток 0 KZT. Полный баланс неизвестен.,1,False,real,1,0,37500.00000000,0.00000000,False
100000008687733100,terminal,0.42836454,31,0.13709947,Наблюдаемый получатель: вход 14 650 KZT от 1 отправителей; исходящий поток 0 KZT. Полный баланс неизвестен.,3,False,real,1,0,14650.00000000,0.00000000,False
100000008687990100,terminal,0.43790749,31,0.14294877,Наблюдаемый получатель: вход 17 600 KZT от 1 отправителей; исходящий поток 0 KZT. Полный баланс неизвестен.,3,False,real,1,0,17600.00000000,0.00000000,False
100000008688109100,terminal,0.42382691,31,0.13493066,Наблюдаемый получатель: вход 12 800 KZT от 1 отправителей; исходящий поток 0 KZT. Полный баланс неизвестен.,3,False,real,1,0,12800.00000000,0.00000000,False
100000008688155100,terminal,0.45039333,31,0.15121849,Наблюдаемый получатель: вход 23 600 KZT от 1 отправителей; исходящий поток 0 KZT. Полный баланс неизвестен.,3,False,real,1,0,23600.00000000,0.00000000,False
100000008688476100,terminal,0.45171926,29,0.15269459,Наблюдаемый получатель: вход 24 000 KZT от 1 отправителей; исходящий поток 0 KZT. Полный баланс неизвестен.,2,False,real,1,0,24000.00000000,0.00000000,False
100000008688881100,terminal,0.47643311,29,0.17030112,Наблюдаемый получатель: вход 44 211 KZT от 1 отправителей; исходящий поток 0 KZT. Полный баланс неизвестен.,2,False,real,1,0,44211.00000000,0.00000000,False
100000008690762100,terminal,0.45853306,31,0.15649961,Наблюдаемый получатель: вход 26 750 KZT от 1 отправителей; исходящий поток 0 KZT. Полный баланс неизвестен.,3,False,real,1,0,26750.00000000,0.00000000,False
100000008690932100,terminal,0.44899374,33,0.14935281,Наблюдаемый получатель: вход 23 000 KZT от 1 отправителей; исходящий поток 0 KZT. Полный баланс неизвестен.,1,False,real,1,0,23000.00000000,0.00000000,False
100000008691027100,terminal,0.43757601,33,0.14158241,Наблюдаемый получатель: вход 17 534 KZT от 1 отправителей; исходящий поток 0 KZT. Полный баланс неизвестен.,1,False,real,1,0,17534.00000000,0.00000000,False
100000008691168100,terminal,0.45171926,29,0.15269459,Наблюдаемый получатель: вход 24 000 KZT от 1 отправителей; исходящий поток 0 KZT. Полный баланс неизвестен.,2,False,real,1,0,24000.00000000,0.00000000,False
100000008691330100,terminal,0.44718900,33,0.14809152,Наблюдаемый получатель: вход 21 440 KZT от 1 отправителей; исходящий поток 0 KZT. Полный баланс неизвестен.,1,False,real,1,0,21440.00000000,0.00000000,False
100000008691495100,terminal,0.45897504,33,0.15583121,Наблюдаемый получатель: вход 27 000 KZT от 1 отправителей; исходящий поток 0 KZT. Полный баланс неизвестен.,1,False,real,1,0,27000.00000000,0.00000000,False
100000008692291100,peripheral,0.34125892,35,0.47750928,Недостаточно признаков: 3 отправителей  3 получателей; 6 наблюдаемых участий в переводах.,3,False,real,3,3,160000.00000000,156000.00000000,False
100000008693069100,terminal,0.44339537,33,0.14550525,Наблюдаемый получатель: вход 20 000 KZT от 1 отправителей; исходящий поток 0 KZT. Полный баланс неизвестен.,1,False,real,1,0,20000.00000000,0.00000000,False
100000008695133100,terminal,0.47039276,31,0.16543866,Наблюдаемый получатель: вход 36 610 KZT от 1 отправителей; исходящий поток 0 KZT. Полный баланс неизвестен.,3,False,real,1,0,36610.00000000,0.00000000,False
100000008695157100,peripheral,0.70000000,16,0.26396650,Недостаточно признаков: 1 отправителей  0 получателей; 3 наблюдаемых участий в переводах. Depth=4: обрыв наблюдения.,4,False,real,1,0,425546.00000000,0.00000000,True
100000008695495100,terminal,0.44652604,33,0.14756761,Наблюдаемый получатель: вход 21 000 KZT от 1 отправителей; исходящий поток 0 KZT. Полный баланс неизвестен.,1,False,real,1,0,21000.00000000,0.00000000,False
100000008695566100,terminal,0.46722526,31,0.16308474,Наблюдаемый получатель: вход 33 700 KZT от 1 отправителей; исходящий поток 0 KZT. Полный баланс неизвестен.,3,False,real,1,0,33700.00000000,0.00000000,False
100000008695689100,terminal,0.45775960,31,0.15595838,Наблюдаемый получатель: вход 26 200 KZT от 1 отправителей; исходящий поток 0 KZT. Полный баланс неизвестен.,3,False,real,1,0,26200.00000000,0.00000000,False
100000008696692100,terminal,0.44052252,29,0.14535803,Наблюдаемый получатель: вход 19 000 KZT от 1 отправителей; исходящий поток 0 KZT. Полный баланс неизвестен.,2,False,real,1,0,19000.00000000,0.00000000,False
100000008696919100,terminal,0.46597300,33,0.16099845,Наблюдаемый получатель: вход 31 945 KZT от 1 отправителей; исходящий поток 0 KZT. Полный баланс неизвестен.,1,False,real,1,0,31945.00000000,0.00000000,False
100000008697670100,terminal,0.45580754,31,0.15454848,Наблюдаемый получатель: вход 25 350 KZT от 1 отправителей; исходящий поток 0 KZT. Полный баланс неизвестен.,3,False,real,1,0,25350.00000000,0.00000000,False
100000008699083100,peripheral,0.45500000,35,0.14681892,Недостаточно признаков: 1 отправителей  0 получателей; 1 наблюдаемых участий в переводах. Depth=4: обрыв наблюдения.,4,False,real,1,0,238500.00000000,0.00000000,True
100000008701222100,peripheral,0.31500000,82,0.01225350,Недостаточно признаков: 0 отправителей  0 получателей; 0 наблюдаемых участий в переводах. Seed: вход неполон.,0,True,real,0,0,0.00000000,0.00000000,False
100000008701256100,terminal,0.49094467,0,0.23619118,Наблюдаемый получатель: вход 58 250 KZT от 1 отправителей; исходящий поток 0 KZT. Полный баланс неизвестен.,2,False,real,1,0,58250.00000000,0.00000000,False
100000008701944100,terminal,0.48681955,12,0.20940105,Наблюдаемый получатель: вход 52 124 KZT от 1 отправителей; исходящий поток 0 KZT. Полный баланс неизвестен.,1,False,real,1,0,52124.00000000,0.00000000,False
100000008703533100,peripheral,0.45500000,35,0.13195681,Недостаточно признаков: 1 отправителей  0 получателей; 1 наблюдаемых участий в переводах. Depth=4: обрыв наблюдения.,4,False,real,1,0,75000.00000000,0.00000000,True
100000008706846100,terminal,0.42769421,31,0.13670108,Наблюдаемый получатель: вход 14 200 KZT от 1 отправителей; исходящий поток 0 KZT. Полный баланс неизвестен.,3,False,real,1,0,14200.00000000,0.00000000,False
100000008706947100,terminal,0.43650790,31,0.14198643,Наблюдаемый получатель: вход 17 200 KZT от 1 отправителей; исходящий поток 0 KZT. Полный баланс неизвестен.,3,False,real,1,0,17200.00000000,0.00000000,False
100000008707810100,terminal,0.45775960,31,0.15595838,Наблюдаемый получатель: вход 26 200 KZT от 1 отправителей; исходящий поток 0 KZT. Полный баланс неизвестен.,3,False,real,1,0,26200.00000000,0.00000000,False
100000008708025100,terminal,0.41444228,17,0.18030580,Наблюдаемый получатель: вход 10 000 KZT от 1 отправителей; исходящий поток 0 KZT. Полный баланс неизвестен.,3,False,real,1,0,10000.00000000,0.00000000,False
100000008708061100,terminal,0.40825461,31,0.12835278,Наблюдаемый получатель: вход 8 650 KZT от 1 отправителей; исходящий поток 0 KZT. Полный баланс неизвестен.,3,False,real,1,0,8650.00000000,0.00000000,False
100000008708207100,terminal,0.53049173,35,0.33090765,Наблюдаемый получатель: вход 465 000 KZT от 2 отправителей; исходящий поток 0 KZT. Полный баланс неизвестен.,3,False,real,2,0,465000.00000000,0.00000000,False
100000008708368100,terminal,0.45079847,33,0.15055420,Наблюдаемый получатель: вход 23 677 KZT от 1 отправителей; исходящий поток 0 KZT. Полный баланс неизвестен.,1,False,real,1,0,23677.00000000,0.00000000,False
100000008708595100,terminal,0.43650790,31,0.14198643,Наблюдаемый получатель: вход 17 200 KZT от 1 отправителей; исходящий поток 0 KZT. Полный баланс неизвестен.,3,False,real,1,0,17200.00000000,0.00000000,False
100000008708743100,terminal,0.43286160,31,0.13915181,Наблюдаемый получатель: вход 15 550 KZT от 1 отправителей; исходящий поток 0 KZT. Полный баланс неизвестен.,3,False,real,1,0,15550.00000000,0.00000000,False
100000008710791100,distributor,0.67682232,35,0.73709814,Признаки распределения: 23 получателей  5 521 511 KZT исходящих; 25 переводов.,2,False,real,3,23,181510.00000000,5521511.00000000,False
100000008710843100,distributor,0.82438550,35,0.73578116,Признаки распределения: 13 получателей  1 985 500 KZT исходящих; 14 переводов.,2,False,real,2,13,33944.00000000,1985500.00000000,False
100000008710913100,peripheral,0.45500000,35,0.10522792,Недостаточно признаков: 1 отправителей  0 получателей; 1 наблюдаемых участий в переводах. Depth=4: обрыв наблюдения.,4,False,real,1,0,14000.00000000,0.00000000,True
100000008712036100,terminal,0.44652604,31,0.14862754,Наблюдаемый получатель: вход 21 000 KZT от 1 отправителей; исходящий поток 0 KZT. Полный баланс неизвестен.,3,False,real,1,0,21000.00000000,0.00000000,False
100000008712184100,terminal,0.43904927,31,0.14376193,Наблюдаемый получатель: вход 18 000 KZT от 1 отправителей; исходящий поток 0 KZT. Полный баланс неизвестен.,3,False,real,1,0,18000.00000000,0.00000000,False
100000008712827100,terminal,0.49952638,31,0.18631962,Наблюдаемый получатель: вход 76 000 KZT от 1 отправителей; исходящий поток 0 KZT. Полный баланс неизвестен.,3,False,real,1,0,76000.00000000,0.00000000,False
100000008712991100,terminal,0.49477513,31,0.18301902,Наблюдаемый получатель: вход 66 100 KZT от 1 отправителей; исходящий поток 0 KZT. Полный баланс неизвестен.,3,False,real,1,0,66100.00000000,0.00000000,False
100000008713270100,transit,0.55037105,40,0.47868439,Признаки транзита: 1 отправителей → 3 получателей; 100% входящих сопоставлены с более поздними исходящими за ≤2 суток.,2,False,real,1,3,30000.00000000,190000.00000000,False
100000008713685100,terminal,0.48239979,31,0.17412224,Наблюдаемый получатель: вход 49 700 KZT от 1 отправителей; исходящий поток 0 KZT. Полный баланс неизвестен.,3,False,real,1,0,49700.00000000,0.00000000,False
100000008714412100,terminal,0.52586080,2,0.28383447,Наблюдаемый получатель: вход 169 000 KZT от 1 отправителей; исходящий поток 0 KZT. Полный баланс неизвестен.,3,False,real,1,0,169000.00000000,0.00000000,False
100000008715513100,peripheral,0.45500000,24,0.07896491,Недостаточно признаков: 1 отправителей  0 получателей; 1 наблюдаемых участий в переводах. Depth=4: обрыв наблюдения.,4,False,real,1,0,32500.00000000,0.00000000,True
100000008715887100,terminal,0.43904927,31,0.14376193,Наблюдаемый получатель: вход 18 000 KZT от 1 отправителей; исходящий поток 0 KZT. Полный баланс неизвестен.,3,False,real,1,0,18000.00000000,0.00000000,False
100000008716072100,terminal,0.42197061,31,0.13399984,Наблюдаемый получатель: вход 12 100 KZT от 1 отправителей; исходящий поток 0 KZT. Полный баланс неизвестен.,3,False,real,1,0,12100.00000000,0.00000000,False
100000008716222100,terminal,0.43904927,33,0.14263350,Наблюдаемый получатель: вход 18 000 KZT от 1 отправителей; исходящий поток 0 KZT. Полный баланс неизвестен.,1,False,real,1,0,18000.00000000,0.00000000,False
100000008716439100,terminal,0.42248625,33,0.13249211,Наблюдаемый получатель: вход 12 267 KZT от 1 отправителей; исходящий поток 0 KZT. Полный баланс неизвестен.,1,False,real,1,0,12267.00000000,0.00000000,False
100000008716773100,terminal,0.43322991,33,0.13860019,Наблюдаемый получатель: вход 15 677 KZT от 1 отправителей; исходящий поток 0 KZT. Полный баланс неизвестен.,1,False,real,1,0,15677.00000000,0.00000000,False
100000008717340100,terminal,0.47510718,33,0.16802998,Наблюдаемый получатель: вход 41 500 KZT от 1 отправителей; исходящий поток 0 KZT. Полный баланс неизвестен.,1,False,real,1,0,41500.00000000,0.00000000,False
100000008717341100,terminal,0.42815828,33,0.13563071,Наблюдаемый получатель: вход 14 627 KZT от 1 отправителей; исходящий поток 0 KZT. Полный баланс неизвестен.,1,False,real,1,0,14627.00000000,0.00000000,False
100000008717375100,terminal,0.46133225,25,0.22967707,Наблюдаемый получатель: вход 29 506 KZT от 1 отправителей; исходящий поток 0 KZT. Полный баланс неизвестен.,2,False,real,1,0,29506.00000000,0.00000000,False
100000008717802100,terminal,0.45717030,31,0.15543663,Наблюдаемый получатель: вход 26 150 KZT от 1 отправителей; исходящий поток 0 KZT. Полный баланс неизвестен.,3,False,real,1,0,26150.00000000,0.00000000,False
100000008718089100,terminal,0.43264061,33,0.13802358,Наблюдаемый получатель: вход 15 534 KZT от 1 отправителей; исходящий поток 0 KZT. Полный баланс неизвестен.,1,False,real,1,0,15534.00000000,0.00000000,False
100000008718811100,terminal,0.49816361,31,0.18540345,Наблюдаемый получатель: вход 73 300 KZT от 1 отправителей; исходящий поток 0 KZT. Полный баланс неизвестен.,3,False,real,1,0,73300.00000000,0.00000000,False
100000008720668100,terminal,0.43404020,31,0.14013658,Наблюдаемый получатель: вход 16 000 KZT от 1 отправителей; исходящий поток 0 KZT. Полный баланс неизвестен.,3,False,real,1,0,16000.00000000,0.00000000,False
100000008720798100,terminal,0.43264061,33,0.13802358,Наблюдаемый получатель: вход 15 534 KZT от 1 отправителей; исходящий поток 0 KZT. Полный баланс неизвестен.,1,False,real,1,0,15534.00000000,0.00000000,False
100000008720856100,peripheral,1.00000000,25,0.39286215,Недостаточно признаков: 1 отправителей  1 получателей; 3 наблюдаемых участий в переводах.,3,False,real,1,1,18105.00000000,46000.00000000,False
100000008721637100,peripheral,1.00000000,40,0.47567648,Недостаточно признаков: 1 отправителей  2 получателей; 3 наблюдаемых участий в переводах.,3,False,real,1,2,24041.00000000,127000.00000000,False
100000008722328100,terminal,0.45079847,33,0.15055420,Наблюдаемый получатель: вход 23 677 KZT от 1 отправителей; исходящий поток 0 KZT. Полный баланс неизвестен.,1,False,real,1,0,23677.00000000,0.00000000,False
100000008722417100,distributor,0.35613206,11,0.55581921,Признаки распределения: 3 получателей  720 000 KZT исходящих; 6 переводов.,3,False,real,1,3,331900.00000000,720000.00000000,False
100000008722541100,peripheral,0.70000000,11,0.25008493,Недостаточно признаков: 1 отправителей  0 получателей; 4 наблюдаемых участий в переводах. Depth=4: обрыв наблюдения.,4,False,real,1,0,280000.00000000,0.00000000,True
100000008723830100,transit,0.89428405,4,0.63454796,Признаки транзита: 2 отправителей → 1 получателей; 99% входящих сопоставлены с более поздними исходящими за ≤2 суток.,1,False,real,2,1,459785.00000000,455000.00000000,False
100000008724279100,terminal,0.42062995,4,0.19101708,Наблюдаемый получатель: вход 11 750 KZT от 1 отправителей; исходящий поток 0 KZT. Полный баланс неизвестен.,1,False,real,1,0,11750.00000000,0.00000000,False
100000008724461100,peripheral,0.65000000,35,0.25457703,Недостаточно признаков: 1 отправителей  1 получателей; 2 наблюдаемых участий в переводах.,3,False,real,1,1,100111.00000000,130000.00000000,False
100000008727982100,peripheral,0.45500000,40,0.10530919,Недостаточно признаков: 1 отправителей  0 получателей; 2 наблюдаемых участий в переводах. Depth=4: обрыв наблюдения.,4,False,real,1,0,30000.00000000,0.00000000,True
100000008728457100,terminal,0.47757488,12,0.25473217,Наблюдаемый получатель: вход 45 000 KZT от 1 отправителей; исходящий поток 0 KZT. Полный баланс неизвестен.,1,False,real,1,0,45000.00000000,0.00000000,False
100000008729597100,terminal,0.50199408,0,0.25031370,Наблюдаемый получатель: вход 83 090 KZT от 1 отправителей; исходящий поток 0 KZT. Полный баланс неизвестен.,3,False,real,1,0,83090.00000000,0.00000000,False
100000008729801100,terminal,0.43757601,33,0.14158241,Наблюдаемый получатель: вход 17 534 KZT от 1 отправителей; исходящий поток 0 KZT. Полный баланс неизвестен.,1,False,real,1,0,17534.00000000,0.00000000,False
100000008730021100,terminal,0.76799214,12,0.41592440,Наблюдаемый получатель: вход 75 555 KZT от 1 отправителей; исходящий поток 0 KZT. Полный баланс неизвестен.,1,False,real,1,0,75555.00000000,0.00000000,False
100000008730238100,peripheral,0.45500000,35,0.14343283,Недостаточно признаков: 1 отправителей  0 получателей; 1 наблюдаемых участий в переводах. Depth=4: обрыв наблюдения.,4,False,real,1,0,113000.00000000,0.00000000,True
100000008730371100,terminal,0.82050423,0,0.55719829,Наблюдаемый получатель: вход 520 000 KZT от 2 отправителей; исходящий поток 0 KZT. Полный баланс неизвестен.,3,False,real,2,0,520000.00000000,0.00000000,False
100000008730846100,transit,0.55292816,5,0.76746027,Признаки транзита: 7 отправителей → 3 получателей; 100% входящих сопоставлены с более поздними исходящими за ≤2 суток.,2,False,real,7,3,155042.00000000,363370.00000000,False
100000008731444100,distributor,0.62730987,1,0.77847631,Признаки распределения: 9 получателей  879 768 KZT исходящих; 9 переводов.,2,False,real,3,9,439000.00000000,879767.80000000,False
100000008732098100,terminal,0.43322991,33,0.13860019,Наблюдаемый получатель: вход 15 677 KZT от 1 отправителей; исходящий поток 0 KZT. Полный баланс неизвестен.,1,False,real,1,0,15677.00000000,0.00000000,False
100000008732488100,terminal,0.49247330,0,0.29377891,Наблюдаемый получатель: вход 137 000 KZT от 1 отправителей; исходящий поток 10 000 KZT. Полный баланс неизвестен.,3,False,real,1,1,137000.00000000,10000.00000000,False
100000008733049100,terminal,0.41444228,4,0.18598092,Наблюдаемый получатель: вход 10 000 KZT от 1 отправителей; исходящий поток 0 KZT. Полный баланс неизвестен.,2,False,real,1,0,10000.00000000,0.00000000,False
100000008733194100,distributor,0.55287929,16,0.73406641,Признаки распределения: 8 получателей  159 695 KZT исходящих; 8 переводов.,2,False,real,4,8,251424.00000000,159695.00000000,False
100000008734279100,peripheral,0.45500000,16,0.10161915,Недостаточно признаков: 1 отправителей  0 получателей; 1 наблюдаемых участий в переводах. Depth=4: обрыв наблюдения.,4,False,real,1,0,31650.00000000,0.00000000,True
100000008734364100,terminal,0.45775960,29,0.15631415,Наблюдаемый получатель: вход 26 200 KZT от 1 отправителей; исходящий поток 0 KZT. Полный баланс неизвестен.,2,False,real,1,0,26200.00000000,0.00000000,False
100000008735384100,terminal,0.47230799,33,0.16627702,Наблюдаемый получатель: вход 39 220 KZT от 1 отправителей; исходящий поток 0 KZT. Полный баланс неизвестен.,1,False,real,1,0,39220.00000000,0.00000000,False
100000008735802100,peripheral,0.45500000,7,0.14540135,Недостаточно признаков: 1 отправителей  0 получателей; 2 наблюдаемых участий в переводах. Depth=4: обрыв наблюдения.,4,False,real,1,0,85000.00000000,0.00000000,True
100000008735832100,terminal,0.43790749,31,0.14294877,Наблюдаемый получатель: вход 17 600 KZT от 1 отправителей; исходящий поток 0 KZT. Полный баланс неизвестен.,3,False,real,1,0,17600.00000000,0.00000000,False
100000008736173100,terminal,0.46508905,33,0.16021554,Наблюдаемый получатель: вход 31 060 KZT от 1 отправителей; исходящий поток 0 KZT. Полный баланс неизвестен.,1,False,real,1,0,31060.00000000,0.00000000,False
100000008736394100,terminal,0.43404020,29,0.14101502,Наблюдаемый получатель: вход 16 000 KZT от 1 отправителей; исходящий поток 0 KZT. Полный баланс неизвестен.,2,False,real,1,0,16000.00000000,0.00000000,False
100000008736760100,terminal,0.48895577,33,0.17791795,Наблюдаемый получатель: вход 54 757 KZT от 1 отправителей; исходящий поток 0 KZT. Полный баланс неизвестен.,1,False,real,1,0,54757.00000000,0.00000000,False
100000008736940100,consolidator,0.40336081,10,0.49793888,Признаки консолидации: 3 отправителей  451 090 KZT входящих  3 получателей.,1,False,real,3,3,451090.00000000,182100.00000000,False
100000008737422100,terminal,0.49985786,33,0.18606793,Наблюдаемый получатель: вход 76 903 KZT от 1 отправителей; исходящий поток 0 KZT. Полный баланс неизвестен.,1,False,real,1,0,76903.00000000,0.00000000,False
100000008737514100,terminal,0.50273070,4,0.24469652,Наблюдаемый получатель: вход 85 000 KZT от 1 отправителей; исходящий поток 0 KZT. Полный баланс неизвестен.,2,False,real,1,0,85000.00000000,0.00000000,False
100000008737958100,terminal,0.46633149,29,0.23258297,Наблюдаемый получатель: вход 53 373 KZT от 2 отправителей; исходящий поток 0 KZT. Полный баланс неизвестен.,1,False,real,2,0,53373.00000000,0.00000000,False
100000008738325100,peripheral,0.58500000,47,0.16139975,Недостаточно признаков: 1 отправителей  1 получателей; 2 наблюдаемых участий в переводах. Seed: вход неполон.,0,True,real,1,1,36550.00000000,54000.00000000,False
100000008738526100,peripheral,0.65000000,35,0.23645730,Недостаточно признаков: 1 отправителей  1 получателей; 2 наблюдаемых участий в переводах.,3,False,real,1,1,15000.00000000,140000.00000000,False
100000008738658100,terminal,0.46147957,31,0.15904441,Наблюдаемый получатель: вход 29 920 KZT от 1 отправителей; исходящий поток 0 KZT. Полный баланс неизвестен.,3,False,real,1,0,29920.00000000,0.00000000,False
100000008739887100,transit,0.50379677,0,0.58007364,Признаки транзита: 2 отправителей → 2 получателей; 34% входящих сопоставлены с более поздними исходящими за ≤2 суток.,3,False,real,2,2,214000.00000000,307000.00000000,False
100000008740295100,peripheral,0.45500000,35,0.15296578,Недостаточно признаков: 1 отправителей  0 получателей; 1 наблюдаемых участий в переводах. Depth=4: обрыв наблюдения.,4,False,real,1,0,300000.00000000,0.00000000,True
100000008740793100,terminal,0.44652604,31,0.14862754,Наблюдаемый получатель: вход 21 000 KZT от 1 отправителей; исходящий поток 0 KZT. Полный баланс неизвестен.,3,False,real,1,0,21000.00000000,0.00000000,False
100000008741372100,terminal,0.46995079,33,0.16405349,Наблюдаемый получатель: вход 35 975 KZT от 1 отправителей; исходящий поток 0 KZT. Полный баланс неизвестен.,1,False,real,1,0,35975.00000000,0.00000000,False
100000008742053100,distributor,0.81023849,35,0.60553008,Признаки распределения: 12 получателей  2 789 000 KZT исходящих; 12 переводов.,3,False,real,1,12,10000.00000000,2789000.00000000,False
100000008742266100,terminal,0.44652604,29,0.14922622,Наблюдаемый получатель: вход 21 000 KZT от 1 отправителей; исходящий поток 0 KZT. Полный баланс неизвестен.,2,False,real,1,0,21000.00000000,0.00000000,False
100000008743913100,distributor,0.65753904,35,0.68556095,Признаки распределения: 13 получателей  1 850 600 KZT исходящих; 13 переводов.,2,False,real,3,13,149300.00000000,1850600.00000000,False
100000008744364100,terminal,0.45101946,31,0.15172085,Наблюдаемый получатель: вход 23 700 KZT от 1 отправителей; исходящий поток 0 KZT. Полный баланс неизвестен.,3,False,real,1,0,23700.00000000,0.00000000,False
100000008744799100,terminal,0.42351753,31,0.13469627,Наблюдаемый получатель: вход 12 600 KZT от 1 отправителей; исходящий поток 0 KZT. Полный баланс неизвестен.,3,False,real,1,0,12600.00000000,0.00000000,False
100000008744849100,terminal,0.47665409,33,0.16957033,Наблюдаемый получатель: вход 44 445 KZT от 1 отправителей; исходящий поток 0 KZT. Полный баланс неизвестен.,1,False,real,1,0,44445.00000000,0.00000000,False
100000008745474100,terminal,0.47451788,33,0.16764673,Наблюдаемый получатель: вход 40 559 KZT от 1 отправителей; исходящий поток 0 KZT. Полный баланс неизвестен.,1,False,real,1,0,40559.00000000,0.00000000,False
100000008745489100,terminal,0.48976606,33,0.17842542,Наблюдаемый получатель: вход 55 539 KZT от 1 отправителей; исходящий поток 0 KZT. Полный баланс неизвестен.,1,False,real,1,0,55539.00000000,0.00000000,False
100000008745643100,terminal,0.44571574,33,0.14692862,Наблюдаемый получатель: вход 20 313 KZT от 1 отправителей; исходящий поток 0 KZT. Полный баланс неизвестен.,1,False,real,1,0,20313.00000000,0.00000000,False
100000008745676100,peripheral,0.45500000,22,0.08002227,Недостаточно признаков: 1 отправителей  0 получателей; 1 наблюдаемых участий в переводах. Depth=4: обрыв наблюдения.,4,False,real,1,0,34547.00000000,0.00000000,True
100000008745725100,terminal,0.48007941,33,0.17192024,Наблюдаемый получатель: вход 47 060 KZT от 1 отправителей; исходящий поток 0 KZT. Полный баланс неизвестен.,1,False,real,1,0,47060.00000000,0.00000000,False
100000008745863100,terminal,0.44880958,31,0.15016148,Наблюдаемый получатель: вход 22 900 KZT от 1 отправителей; исходящий поток 0 KZT. Полный баланс неизвестен.,3,False,real,1,0,22900.00000000,0.00000000,False
100000008745884100,terminal,0.44339537,31,0.14650290,Наблюдаемый получатель: вход 20 000 KZT от 1 отправителей; исходящий поток 0 KZT. Полный баланс неизвестен.,3,False,real,1,0,20000.00000000,0.00000000,False
100000008746025100,terminal,0.44777830,33,0.14853675,Наблюдаемый получатель: вход 22 000 KZT от 1 отправителей; исходящий поток 0 KZT. Полный баланс неизвестен.,1,False,real,1,0,22000.00000000,0.00000000,False
100000008746449100,distributor,0.76640724,35,0.58910308,Признаки распределения: 10 получателей  1 009 000 KZT исходящих; 10 переводов.,3,False,real,1,10,10000.00000000,1009000.00000000,False
100000008746673100,terminal,0.48785083,33,0.17697079,Наблюдаемый получатель: вход 53 048 KZT от 1 отправителей; исходящий поток 0 KZT. Полный баланс неизвестен.,1,False,real,1,0,53048.00000000,0.00000000,False
100000008747113100,terminal,0.50868756,3,0.36930597,Наблюдаемый получатель: вход 197 801 KZT от 2 отправителей; исходящий поток 0 KZT. Полный баланс неизвестен.,1,False,real,2,0,197801.00000000,0.00000000,False
100000008748408100,distributor,0.64212373,40,0.58959365,Признаки распределения: 21 получателей  1 499 960 KZT исходящих; 22 переводов.,1,False,real,1,21,360000.00000000,1499960.00000000,False
100000008748795100,terminal,0.47996892,7,0.22988391,Наблюдаемый получатель: вход 47 057 KZT от 1 отправителей; исходящий поток 0 KZT. Полный баланс неизвестен.,3,False,real,1,0,47057.00000000,0.00000000,False
100000008748914100,distributor,0.66904349,3,0.89175621,Признаки распределения: 13 получателей  4 471 847 KZT исходящих; 21 переводов.,1,False,real,2,13,180000.00000000,4471847.00000000,False
100000008749063100,terminal,0.44052252,33,0.14362988,Наблюдаемый получатель: вход 19 000 KZT от 1 отправителей; исходящий поток 0 KZT. Полный баланс неизвестен.,1,False,real,1,0,19000.00000000,0.00000000,False
100000008749405100,terminal,0.47094523,31,0.16581475,Наблюдаемый получатель: вход 37 150 KZT от 1 отправителей; исходящий поток 0 KZT. Полный баланс неизвестен.,3,False,real,1,0,37150.00000000,0.00000000,False
100000008749406100,terminal,0.43602909,33,0.14062108,Наблюдаемый получатель: вход 17 144 KZT от 1 отправителей; исходящий поток 0 KZT. Полный баланс неизвестен.,1,False,real,1,0,17144.00000000,0.00000000,False
100000008749618100,terminal,0.48041089,33,0.17213564,Наблюдаемый получатель: вход 47 280 KZT от 1 отправителей; исходящий поток 0 KZT. Полный баланс неизвестен.,1,False,real,1,0,47280.00000000,0.00000000,False
100000008749900100,terminal,0.43621325,31,0.14169278,Наблюдаемый получатель: вход 17 150 KZT от 1 отправителей; исходящий поток 0 KZT. Полный баланс неизвестен.,3,False,real,1,0,17150.00000000,0.00000000,False
100000008749989100,terminal,0.43404020,29,0.14101502,Наблюдаемый получатель: вход 16 000 KZT от 1 отправителей; исходящий поток 0 KZT. Полный баланс неизвестен.,2,False,real,1,0,16000.00000000,0.00000000,False
100000008750464100,terminal,0.40784210,31,0.12812779,Наблюдаемый получатель: вход 8 500 KZT от 1 отправителей; исходящий поток 0 KZT. Полный баланс неизвестен.,3,False,real,1,0,8500.00000000,0.00000000,False
100000008751349100,terminal,0.42052682,15,0.17162454,Наблюдаемый получатель: вход 11 630 KZT от 1 отправителей; исходящий поток 0 KZT. Полный баланс неизвестен.,3,False,real,1,0,11630.00000000,0.00000000,False
100000008751380100,terminal,0.52386209,35,0.32316301,Наблюдаемый получатель: вход 345 780 KZT от 2 отправителей; исходящий поток 0 KZT. Полный баланс неизвестен.,3,False,real,2,0,345780.00000000,0.00000000,False
100000008751429100,consolidator,0.56639398,10,0.49829879,Признаки консолидации: 3 отправителей  386 200 KZT входящих  1 получателей.,1,False,real,3,1,386200.00000000,72600.00000000,False
100000008752616100,distributor,0.61441074,35,0.68152794,Признаки распределения: 7 получателей  1 265 000 KZT исходящих; 7 переводов.,2,False,real,2,7,64510.00000000,1265000.00000000,False
100000008753061100,terminal,0.46022730,31,0.19690669,Наблюдаемый получатель: вход 28 400 KZT от 1 отправителей; исходящий поток 0 KZT. Полный баланс неизвестен.,3,False,real,1,0,28400.00000000,0.00000000,False
100000008753193100,terminal,0.46943515,33,0.16366587,Наблюдаемый получатель: вход 35 225 KZT от 1 отправителей; исходящий поток 0 KZT. Полный баланс неизвестен.,1,False,real,1,0,35225.00000000,0.00000000,False
100000008753897100,terminal,0.45230856,31,0.15247576,Наблюдаемый получатель: вход 24 050 KZT от 1 отправителей; исходящий поток 0 KZT. Полный баланс неизвестен.,3,False,real,1,0,24050.00000000,0.00000000,False
100000008754608100,terminal,0.42279563,31,0.13431785,Наблюдаемый получатель: вход 12 300 KZT от 1 отправителей; исходящий поток 0 KZT. Полный баланс неизвестен.,3,False,real,1,0,12300.00000000,0.00000000,False
100000008754747100,terminal,0.47827468,31,0.17138657,Наблюдаемый получатель: вход 45 500 KZT от 1 отправителей; исходящий поток 0 KZT. Полный баланс неизвестен.,3,False,real,1,0,45500.00000000,0.00000000,False
100000008754997100,terminal,0.43904927,31,0.14376193,Наблюдаемый получатель: вход 18 000 KZT от 1 отправителей; исходящий поток 0 KZT. Полный баланс неизвестен.,3,False,real,1,0,18000.00000000,0.00000000,False
100000008755168100,terminal,0.43790749,31,0.14294877,Наблюдаемый получатель: вход 17 600 KZT от 1 отправителей; исходящий поток 0 KZT. Полный баланс неизвестен.,3,False,real,1,0,17600.00000000,0.00000000,False
100000008755361100,terminal,0.42815828,33,0.13563071,Наблюдаемый получатель: вход 14 627 KZT от 1 отправителей; исходящий поток 0 KZT. Полный баланс неизвестен.,1,False,real,1,0,14627.00000000,0.00000000,False
100000008755580100,terminal,0.43404020,31,0.14013658,Наблюдаемый получатель: вход 16 000 KZT от 1 отправителей; исходящий поток 0 KZT. Полный баланс неизвестен.,3,False,real,1,0,16000.00000000,0.00000000,False
100000008755754100,terminal,0.40428419,40,0.13291605,Наблюдаемый получатель: вход 7 000 KZT от 1 отправителей; исходящий поток 0 KZT. Полный баланс неизвестен.,3,False,real,1,0,7000.00000000,0.00000000,False
100000008757301100,peripheral,0.70000000,0,0.22873468,Недостаточно признаков: 1 отправителей  0 получателей; 3 наблюдаемых участий в переводах. Depth=4: обрыв наблюдения.,4,False,real,1,0,58398.00000000,0.00000000,True
100000008757369100,transit,0.73736587,0,0.57415440,Признаки транзита: 1 отправителей → 1 получателей; 100% входящих сопоставлены с более поздними исходящими за ≤2 суток.,3,False,real,1,1,25961.00000000,58398.00000000,False
100000008758106100,peripheral,0.45500000,35,0.10315173,Недостаточно признаков: 1 отправителей  0 получателей; 1 наблюдаемых участий в переводах. Depth=4: обрыв наблюдения.,4,False,real,1,0,10000.00000000,0.00000000,True
100000008758168100,distributor,0.67896582,35,0.60255581,Признаки распределения: 5 получателей  1 533 600 KZT исходящих; 5 переводов.,2,False,real,2,5,75410.00000000,1533600.00000000,False
100000008758607100,peripheral,0.45500000,35,0.09921763,Недостаточно признаков: 1 отправителей  0 получателей; 1 наблюдаемых участий в переводах. Depth=4: обрыв наблюдения.,4,False,real,1,0,5000.00000000,0.00000000,True
100000008759795100,peripheral,0.45500000,24,0.06719724,Недостаточно признаков: 1 отправителей  0 получателей; 1 наблюдаемых участий в переводах. Depth=4: обрыв наблюдения.,4,False,real,1,0,17000.00000000,0.00000000,True
100000008759857100,peripheral,1.00000000,35,0.45111944,Недостаточно признаков: 1 отправителей  2 получателей; 4 наблюдаемых участий в переводах.,3,False,real,1,2,5000.00000000,994000.00000000,False
100000008760098100,peripheral,0.65000000,35,0.24495789,Недостаточно признаков: 1 отправителей  1 получателей; 2 наблюдаемых участий в переводах.,3,False,real,1,1,7000.00000000,390000.00000000,False
100000008761132100,peripheral,0.45500000,35,0.10315173,Недостаточно признаков: 1 отправителей  0 получателей; 1 наблюдаемых участий в переводах. Depth=4: обрыв наблюдения.,4,False,real,1,0,10000.00000000,0.00000000,True
100000008761219100,transit,0.46800000,35,0.58223136,Признаки транзита: 2 отправителей → 2 получателей; 70% входящих сопоставлены с более поздними исходящими за ≤2 суток.,3,False,real,2,2,50000.00000000,375000.00000000,False
100000008761220100,peripheral,0.45500000,35,0.10315173,Недостаточно признаков: 1 отправителей  0 получателей; 1 наблюдаемых участий в переводах. Depth=4: обрыв наблюдения.,4,False,real,1,0,10000.00000000,0.00000000,True
100000008762005100,peripheral,0.45500000,35,0.09721940,Недостаточно признаков: 1 отправителей  0 получателей; 1 наблюдаемых участий в переводах. Depth=4: обрыв наблюдения.,4,False,real,1,0,5000.00000000,0.00000000,True
100000008762728100,terminal,0.43577128,4,0.19980922,Наблюдаемый получатель: вход 17 026 KZT от 1 отправителей; исходящий поток 0 KZT. Полный баланс неизвестен.,2,False,real,1,0,17026.00000000,0.00000000,False
100000008762832100,peripheral,1.00000000,3,0.50116854,Недостаточно признаков: 1 отправителей  1 получателей; 5 наблюдаемых участий в переводах.,2,False,real,1,1,150000.00000000,85000.00000000,False
100000008762843100,peripheral,0.45500000,35,0.09919771,Недостаточно признаков: 1 отправителей  0 получателей; 1 наблюдаемых участий в переводах. Depth=4: обрыв наблюдения.,4,False,real,1,0,7000.00000000,0.00000000,True
100000008762885100,peripheral,0.45500000,35,0.09919771,Недостаточно признаков: 1 отправителей  0 получателей; 1 наблюдаемых участий в переводах. Depth=4: обрыв наблюдения.,4,False,real,1,0,7000.00000000,0.00000000,True
100000008763688100,terminal,0.44652604,31,0.14862754,Наблюдаемый получатель: вход 21 000 KZT от 1 отправителей; исходящий поток 0 KZT. Полный баланс неизвестен.,3,False,real,1,0,21000.00000000,0.00000000,False
100000008764436100,terminal,0.42516757,29,0.13604978,Наблюдаемый получатель: вход 13 100 KZT от 1 отправителей; исходящий поток 0 KZT. Полный баланс неизвестен.,2,False,real,1,0,13100.00000000,0.00000000,False
100000008764654100,terminal,0.45717030,31,0.15543663,Наблюдаемый получатель: вход 26 150 KZT от 1 отправителей; исходящий поток 0 KZT. Полный баланс неизвестен.,3,False,real,1,0,26150.00000000,0.00000000,False
100000008765494100,terminal,0.45171926,29,0.15269459,Наблюдаемый получатель: вход 24 000 KZT от 1 отправителей; исходящий поток 0 KZT. Полный баланс неизвестен.,2,False,real,1,0,24000.00000000,0.00000000,False
100000008765627100,terminal,0.49171812,40,0.19312716,Наблюдаемый получатель: вход 60 000 KZT от 1 отправителей; исходящий поток 0 KZT. Полный баланс неизвестен.,2,False,real,1,0,60000.00000000,0.00000000,False
100000008766031100,peripheral,0.45500000,35,0.09804848,Недостаточно признаков: 1 отправителей  0 получателей; 1 наблюдаемых участий в переводах. Depth=4: обрыв наблюдения.,4,False,real,1,0,5000.00000000,0.00000000,True
100000008766764100,peripheral,0.45500000,35,0.09921763,Недостаточно признаков: 1 отправителей  0 получателей; 1 наблюдаемых участий в переводах. Depth=4: обрыв наблюдения.,4,False,real,1,0,5000.00000000,0.00000000,True
100000008767027100,terminal,0.39510581,35,0.20245934,Наблюдаемый получатель: вход 5 000 KZT от 1 отправителей; исходящий поток 0 KZT. Полный баланс неизвестен.,3,False,real,1,0,5000.00000000,0.00000000,False
100000008767065100,terminal,0.41444228,35,0.20995598,Наблюдаемый получатель: вход 10 000 KZT от 1 отправителей; исходящий поток 0 KZT. Полный баланс неизвестен.,3,False,real,1,0,10000.00000000,0.00000000,False
100000008767925100,terminal,0.43602909,33,0.14062108,Наблюдаемый получатель: вход 17 144 KZT от 1 отправителей; исходящий поток 0 KZT. Полный баланс неизвестен.,1,False,real,1,0,17144.00000000,0.00000000,False
100000008767950100,terminal,0.43680255,31,0.14230706,Наблюдаемый получатель: вход 17 350 KZT от 1 отправителей; исходящий поток 0 KZT. Полный баланс неизвестен.,3,False,real,1,0,17350.00000000,0.00000000,False
100000008768896100,terminal,0.48007941,33,0.17192024,Наблюдаемый получатель: вход 47 060 KZT от 1 отправителей; исходящий поток 0 KZT. Полный баланс неизвестен.,1,False,real,1,0,47060.00000000,0.00000000,False
100000008769097100,terminal,0.46527320,31,0.16134953,Наблюдаемый получатель: вход 31 100 KZT от 1 отправителей; исходящий поток 0 KZT. Полный баланс неизвестен.,3,False,real,1,0,31100.00000000,0.00000000,False
100000008769636100,terminal,0.44925156,33,0.14957701,Наблюдаемый получатель: вход 23 118 KZT от 1 отправителей; исходящий поток 0 KZT. Полный баланс неизвестен.,1,False,real,1,0,23118.00000000,0.00000000,False
100000008770483100,peripheral,0.45500000,35,0.10037866,Недостаточно признаков: 1 отправителей  0 получателей; 1 наблюдаемых участий в переводах. Depth=4: обрыв наблюдения.,4,False,real,1,0,5000.00000000,0.00000000,True
100000008771627100,terminal,0.43488732,29,0.14176222,Наблюдаемый получатель: вход 16 500 KZT от 1 отправителей; исходящий поток 0 KZT. Полный баланс неизвестен.,2,False,real,1,0,16500.00000000,0.00000000,False
100000008771814100,terminal,0.45101946,29,0.15222921,Наблюдаемый получатель: вход 23 700 KZT от 1 отправителей; исходящий поток 0 KZT. Полный баланс неизвестен.,2,False,real,1,0,23700.00000000,0.00000000,False
100000008771819100,terminal,0.47201334,33,0.16605203,Наблюдаемый получатель: вход 38 900 KZT от 1 отправителей; исходящий поток 0 KZT. Полный баланс неизвестен.,1,False,real,1,0,38900.00000000,0.00000000,False
100000008772058100,terminal,0.48394671,29,0.17522591,Наблюдаемый получатель: вход 50 000 KZT от 1 отправителей; исходящий поток 0 KZT. Полный баланс неизвестен.,2,False,real,1,0,50000.00000000,0.00000000,False
100000008772246100,terminal,0.47683825,31,0.17034621,Наблюдаемый получатель: вход 44 500 KZT от 1 отправителей; исходящий поток 0 KZT. Полный баланс неизвестен.,3,False,real,1,0,44500.00000000,0.00000000,False
100000008773876100,terminal,0.45676516,33,0.15421239,Наблюдаемый получатель: вход 26 120 KZT от 1 отправителей; исходящий поток 0 KZT. Полный баланс неизвестен.,1,False,real,1,0,26120.00000000,0.00000000,False
100000008774237100,peripheral,0.35880000,65,0.18381869,Недостаточно признаков: 1 отправителей  1 получателей; 2 наблюдаемых участий в переводах.,2,False,real,1,1,50000.00000000,10000.00000000,False
100000008775471100,terminal,0.55657817,35,0.34550335,Наблюдаемый получатель: вход 580 000 KZT от 1 отправителей; исходящий поток 0 KZT. Полный баланс неизвестен.,3,False,real,1,0,580000.00000000,0.00000000,False
100000008775747100,peripheral,0.45500000,35,0.09921763,Недостаточно признаков: 1 отправителей  0 получателей; 1 наблюдаемых участий в переводах. Depth=4: обрыв наблюдения.,4,False,real,1,0,5000.00000000,0.00000000,True
100000008776298100,terminal,0.47577014,33,0.16872722,Наблюдаемый получатель: вход 42 800 KZT от 1 отправителей; исходящий поток 0 KZT. Полный баланс неизвестен.,1,False,real,1,0,42800.00000000,0.00000000,False
100000008776310100,terminal,0.44085400,31,0.14492699,Наблюдаемый получатель: вход 19 200 KZT от 1 отправителей; исходящий поток 0 KZT. Полный баланс неизвестен.,3,False,real,1,0,19200.00000000,0.00000000,False
100000008776420100,terminal,0.49565908,31,0.18394042,Наблюдаемый получатель: вход 69 500 KZT от 1 отправителей; исходящий поток 0 KZT. Полный баланс неизвестен.,3,False,real,1,0,69500.00000000,0.00000000,False
100000008776576100,terminal,0.42846766,33,0.13589832,Наблюдаемый получатель: вход 14 765 KZT от 1 отправителей; исходящий поток 0 KZT. Полный баланс неизвестен.,1,False,real,1,0,14765.00000000,0.00000000,False
100000008776720100,terminal,0.45717030,31,0.15543663,Наблюдаемый получатель: вход 26 150 KZT от 1 отправителей; исходящий поток 0 KZT. Полный баланс неизвестен.,3,False,real,1,0,26150.00000000,0.00000000,False
100000008777088100,terminal,0.43904927,33,0.14263350,Наблюдаемый получатель: вход 18 000 KZT от 1 отправителей; исходящий поток 0 KZT. Полный баланс неизвестен.,1,False,real,1,0,18000.00000000,0.00000000,False
100000008778010100,peripheral,0.45500000,52,0.11697134,Недостаточно признаков: 1 отправителей  0 получателей; 2 наблюдаемых участий в переводах. Depth=4: обрыв наблюдения.,4,False,real,1,0,76950.00000000,0.00000000,True
100000008778753100,peripheral,0.45500000,14,0.08581892,Недостаточно признаков: 1 отправителей  0 получателей; 1 наблюдаемых участий в переводах. Depth=4: обрыв наблюдения.,4,False,real,1,0,10000.00000000,0.00000000,True
100000008779584100,terminal,0.46553102,33,0.16061063,Наблюдаемый получатель: вход 31 400 KZT от 1 отправителей; исходящий поток 0 KZT. Полный баланс неизвестен.,1,False,real,1,0,31400.00000000,0.00000000,False
100000008782056100,terminal,0.46111126,33,0.15757924,Наблюдаемый получатель: вход 29 082 KZT от 1 отправителей; исходящий поток 0 KZT. Полный баланс неизвестен.,1,False,real,1,0,29082.00000000,0.00000000,False
100000008782421100,terminal,0.48232613,33,0.17346927,Наблюдаемый получатель: вход 49 680 KZT от 1 отправителей; исходящий поток 0 KZT. Полный баланс неизвестен.,1,False,real,1,0,49680.00000000,0.00000000,False
100000008782800100,terminal,0.47606479,33,0.16902590,Наблюдаемый получатель: вход 43 381 KZT от 1 отправителей; исходящий поток 0 KZT. Полный баланс неизвестен.,1,False,real,1,0,43381.00000000,0.00000000,False
